{"_e":"root:init","_t":1790941220608,"format":"v0-jsonl","version":"57.0.27"}
{"_e":"env:mode","_t":1790941220638,"nodeEnv":"development","babelEnv":"development","mode":"development"}
{"_e":"env:load","_t":1790941220664,"mode":"development","files":[],"env":{}}
{"_e":"devserver:start","_t":1790941229167,"mode":"development","web":true,"baseUrl":"","asyncRoutes":false,"routerRoot":"../..\\..\\app","serverComponents":false,"serverActions":false,"serverRendering":false,"apiRoutes":false,"exporting":false}
{"_e":"metro:config","_t":1790941239727,"serverRoot":"../..\\..","projectRoot":"../..\\..","exporting":false,"flags":{"autolinkingModuleResolution":false,"serverActions":false,"serverComponents":false,"reactCompiler":false,"optimizeGraph":false,"treeshaking":false,"logbox":false}}
{"_e":"expo:dev-tools-plugin:load","_t":1790941245982,"plugins":[{"packageName":"expo-sqlite","bannerTitle":"expo-sqlite","cliBanner":false,"webpageEndpoint":"/_expo/plugins/expo-sqlite"}]}
{"_e":"metro:instantiate","_t":1790941263254,"atlas":false,"workers":3,"host":"::","port":8081}
{"_e":"metro:bundling:started","_t":1790941361147,"id":"1","platform":"android","environment":null,"entry":"node_modules\\expo-router\\entry.js"}
{"_e":"metro:bundling:progress","_t":1790941361148,"id":"1","progress":0,"total":1,"current":0}
{"_e":"metro:bundling:progress","_t":1790941361154,"id":"1","progress":0,"total":1,"current":0}
{"_e":"metro:bundling:progress","_t":1790941370701,"id":"1","progress":0.010000000000000002,"total":1,"current":1}
{"_e":"metro:bundling:progress","_t":1790941370800,"id":"1","progress":0.010000000000000002,"total":2,"current":1}
{"_e":"metro:bundling:progress","_t":1790941370899,"id":"1","progress":0.04000000000000001,"total":2,"current":2}
{"_e":"metro:bundling:progress","_t":1790941370999,"id":"1","progress":0.04000000000000001,"total":5,"current":2}
{"_e":"metro:bundling:progress","_t":1790941371005,"id":"1","progress":0.09,"total":5,"current":3}
{"_e":"metro:bundling:progress","_t":1790941371105,"id":"1","progress":0.09,"total":10,"current":3}
{"_e":"metro:bundling:progress","_t":1790941371184,"id":"1","progress":0.16000000000000003,"total":10,"current":4}
{"_e":"metro:bundling:progress","_t":1790941371310,"id":"1","progress":0.25,"total":10,"current":5}
{"_e":"metro:bundling:progress","_t":1790941371411,"id":"1","progress":0.25,"total":16,"current":5}
{"_e":"metro:bundling:progress","_t":1790941371534,"id":"1","progress":0.25,"total":20,"current":7}
{"_e":"metro:bundling:progress","_t":1790941371673,"id":"1","progress":0.25,"total":22,"current":9}
{"_e":"metro:bundling:progress","_t":1790941371775,"id":"1","progress":0.25,"total":28,"current":9}
{"_e":"metro:bundling:progress","_t":1790941371864,"id":"1","progress":0.25,"total":28,"current":10}
{"_e":"metro:bundling:progress","_t":1790941371977,"id":"1","progress":0.25,"total":30,"current":11}
{"_e":"metro:bundling:progress","_t":1790941372068,"id":"1","progress":0.25,"total":30,"current":12}
{"_e":"metro:bundling:progress","_t":1790941372173,"id":"1","progress":0.25,"total":33,"current":13}
{"_e":"metro:bundling:progress","_t":1790941372277,"id":"1","progress":0.25,"total":34,"current":14}
{"_e":"metro:bundling:progress","_t":1790941372438,"id":"1","progress":0.25,"total":34,"current":15}
{"_e":"metro:bundling:progress","_t":1790941372581,"id":"1","progress":0.25,"total":34,"current":16}
{"_e":"metro:bundling:progress","_t":1790941372700,"id":"1","progress":0.25,"total":44,"current":17}
{"_e":"metro:bundling:progress","_t":1790941372793,"id":"1","progress":0.25,"total":44,"current":18}
{"_e":"metro:bundling:progress","_t":1790941372941,"id":"1","progress":0.25,"total":46,"current":18}
{"_e":"metro:bundling:progress","_t":1790941372989,"id":"1","progress":0.25,"total":46,"current":19}
{"_e":"metro:bundling:progress","_t":1790941373095,"id":"1","progress":0.25,"total":48,"current":19}
{"_e":"metro:bundling:progress","_t":1790941373323,"id":"1","progress":0.25,"total":48,"current":20}
{"_e":"metro:bundling:progress","_t":1790941373424,"id":"1","progress":0.25,"total":58,"current":22}
{"_e":"metro:bundling:progress","_t":1790941373471,"id":"1","progress":0.25,"total":58,"current":23}
{"_e":"metro:bundling:progress","_t":1790941373586,"id":"1","progress":0.25,"total":82,"current":25}
{"_e":"metro:bundling:progress","_t":1790941373686,"id":"1","progress":0.25,"total":82,"current":26}
{"_e":"metro:bundling:progress","_t":1790941373786,"id":"1","progress":0.25,"total":102,"current":27}
{"_e":"metro:bundling:progress","_t":1790941373886,"id":"1","progress":0.25,"total":103,"current":28}
{"_e":"metro:bundling:progress","_t":1790941374070,"id":"1","progress":0.25,"total":103,"current":29}
{"_e":"metro:bundling:progress","_t":1790941374191,"id":"1","progress":0.25,"total":103,"current":30}
{"_e":"metro:bundling:progress","_t":1790941374295,"id":"1","progress":0.25,"total":104,"current":31}
{"_e":"metro:bundling:progress","_t":1790941374395,"id":"1","progress":0.25,"total":107,"current":31}
{"_e":"metro:bundling:progress","_t":1790941374445,"id":"1","progress":0.25,"total":107,"current":32}
{"_e":"metro:bundling:progress","_t":1790941374561,"id":"1","progress":0.25,"total":110,"current":33}
{"_e":"metro:bundling:progress","_t":1790941374695,"id":"1","progress":0.25,"total":206,"current":35}
{"_e":"metro:bundling:progress","_t":1790941374800,"id":"1","progress":0.25,"total":209,"current":38}
{"_e":"metro:bundling:progress","_t":1790941374922,"id":"1","progress":0.25,"total":210,"current":39}
{"_e":"metro:bundling:progress","_t":1790941375034,"id":"1","progress":0.25,"total":212,"current":43}
{"_e":"metro:bundling:progress","_t":1790941375128,"id":"1","progress":0.25,"total":212,"current":44}
{"_e":"metro:bundling:progress","_t":1790941375253,"id":"1","progress":0.25,"total":212,"current":45}
{"_e":"metro:bundling:progress","_t":1790941375385,"id":"1","progress":0.25,"total":213,"current":46}
{"_e":"metro:bundling:progress","_t":1790941375507,"id":"1","progress":0.25,"total":217,"current":48}
{"_e":"metro:bundling:progress","_t":1790941375617,"id":"1","progress":0.25,"total":217,"current":49}
{"_e":"metro:bundling:progress","_t":1790941375720,"id":"1","progress":0.25,"total":220,"current":50}
{"_e":"metro:bundling:progress","_t":1790941375833,"id":"1","progress":0.25,"total":222,"current":52}
{"_e":"metro:bundling:progress","_t":1790941375942,"id":"1","progress":0.25,"total":224,"current":54}
{"_e":"metro:bundling:progress","_t":1790941376055,"id":"1","progress":0.25,"total":227,"current":57}
{"_e":"metro:bundling:progress","_t":1790941376189,"id":"1","progress":0.25,"total":227,"current":58}
{"_e":"metro:bundling:progress","_t":1790941376293,"id":"1","progress":0.25,"total":233,"current":62}
{"_e":"metro:bundling:progress","_t":1790941376429,"id":"1","progress":0.25,"total":235,"current":67}
{"_e":"metro:bundling:progress","_t":1790941376607,"id":"1","progress":0.25,"total":237,"current":70}
{"_e":"metro:bundling:progress","_t":1790941376745,"id":"1","progress":0.25,"total":237,"current":71}
{"_e":"metro:bundling:progress","_t":1790941376963,"id":"1","progress":0.25,"total":237,"current":75}
{"_e":"metro:bundling:progress","_t":1790941377065,"id":"1","progress":0.25,"total":237,"current":80}
{"_e":"metro:bundling:progress","_t":1790941377169,"id":"1","progress":0.25,"total":237,"current":83}
{"_e":"metro:bundling:progress","_t":1790941377284,"id":"1","progress":0.25,"total":263,"current":89}
{"_e":"metro:bundling:progress","_t":1790941377394,"id":"1","progress":0.25,"total":268,"current":93}
{"_e":"metro:bundling:progress","_t":1790941377499,"id":"1","progress":0.25,"total":285,"current":96}
{"_e":"metro:bundling:progress","_t":1790941377655,"id":"1","progress":0.25,"total":289,"current":98}
{"_e":"metro:bundling:progress","_t":1790941377715,"id":"1","progress":0.25,"total":289,"current":99}
{"_e":"metro:bundling:progress","_t":1790941377815,"id":"1","progress":0.25,"total":296,"current":101}
{"_e":"metro:bundling:progress","_t":1790941377893,"id":"1","progress":0.25,"total":296,"current":102}
{"_e":"metro:bundling:progress","_t":1790941378019,"id":"1","progress":0.25,"total":300,"current":106}
{"_e":"metro:bundling:progress","_t":1790941378163,"id":"1","progress":0.25,"total":301,"current":109}
{"_e":"metro:bundling:progress","_t":1790941378266,"id":"1","progress":0.25,"total":301,"current":110}
{"_e":"metro:bundling:progress","_t":1790941378411,"id":"1","progress":0.25,"total":301,"current":111}
{"_e":"metro:bundling:progress","_t":1790941378603,"id":"1","progress":0.25,"total":320,"current":113}
{"_e":"metro:bundling:progress","_t":1790941378613,"id":"1","progress":0.25,"total":320,"current":114}
{"_e":"metro:bundling:progress","_t":1790941378730,"id":"1","progress":0.25,"total":326,"current":117}
{"_e":"metro:bundling:progress","_t":1790941378844,"id":"1","progress":0.25,"total":328,"current":121}
{"_e":"metro:bundling:progress","_t":1790941378979,"id":"1","progress":0.25,"total":334,"current":123}
{"_e":"metro:bundling:progress","_t":1790941379049,"id":"1","progress":0.25,"total":334,"current":124}
{"_e":"metro:bundling:progress","_t":1790941379228,"id":"1","progress":0.25,"total":346,"current":127}
{"_e":"metro:bundling:progress","_t":1790941379290,"id":"1","progress":0.25,"total":346,"current":128}
{"_e":"metro:bundling:progress","_t":1790941379393,"id":"1","progress":0.25,"total":347,"current":129}
{"_e":"metro:bundling:progress","_t":1790941379502,"id":"1","progress":0.25,"total":349,"current":131}
{"_e":"metro:bundling:progress","_t":1790941379555,"id":"1","progress":0.25,"total":349,"current":132}
{"_e":"metro:bundling:progress","_t":1790941379660,"id":"1","progress":0.25,"total":351,"current":133}
{"_e":"metro:bundling:progress","_t":1790941379703,"id":"1","progress":0.25,"total":351,"current":134}
{"_e":"metro:bundling:progress","_t":1790941379834,"id":"1","progress":0.25,"total":356,"current":135}
{"_e":"metro:bundling:progress","_t":1790941379873,"id":"1","progress":0.25,"total":356,"current":136}
{"_e":"metro:bundling:progress","_t":1790941379985,"id":"1","progress":0.25,"total":357,"current":138}
{"_e":"metro:bundling:progress","_t":1790941380112,"id":"1","progress":0.25,"total":365,"current":141}
{"_e":"metro:bundling:progress","_t":1790941380214,"id":"1","progress":0.25,"total":368,"current":144}
{"_e":"metro:bundling:progress","_t":1790941380319,"id":"1","progress":0.25,"total":370,"current":148}
{"_e":"metro:bundling:progress","_t":1790941380421,"id":"1","progress":0.25,"total":376,"current":152}
{"_e":"metro:bundling:progress","_t":1790941380522,"id":"1","progress":0.25,"total":380,"current":155}
{"_e":"metro:bundling:progress","_t":1790941380635,"id":"1","progress":0.25,"total":385,"current":159}
{"_e":"metro:bundling:progress","_t":1790941380756,"id":"1","progress":0.25,"total":388,"current":164}
{"_e":"metro:bundling:progress","_t":1790941380790,"id":"1","progress":0.25,"total":388,"current":165}
{"_e":"metro:bundling:progress","_t":1790941380893,"id":"1","progress":0.25,"total":393,"current":169}
{"_e":"metro:bundling:progress","_t":1790941380994,"id":"1","progress":0.25,"total":396,"current":174}
{"_e":"metro:bundling:progress","_t":1790941381107,"id":"1","progress":0.25,"total":401,"current":178}
{"_e":"metro:bundling:progress","_t":1790941381235,"id":"1","progress":0.25,"total":405,"current":180}
{"_e":"metro:bundling:progress","_t":1790941381348,"id":"1","progress":0.25,"total":408,"current":184}
{"_e":"metro:bundling:progress","_t":1790941381448,"id":"1","progress":0.25,"total":411,"current":189}
{"_e":"metro:bundling:progress","_t":1790941381551,"id":"1","progress":0.25,"total":413,"current":194}
{"_e":"metro:bundling:progress","_t":1790941381673,"id":"1","progress":0.25,"total":415,"current":200}
{"_e":"metro:bundling:progress","_t":1790941381788,"id":"1","progress":0.25,"total":417,"current":204}
{"_e":"metro:bundling:progress","_t":1790941381906,"id":"1","progress":0.25,"total":420,"current":207}
{"_e":"metro:bundling:progress","_t":1790941382016,"id":"1","progress":0.25,"total":423,"current":211}
{"_e":"metro:bundling:progress","_t":1790941382156,"id":"1","progress":0.25709184685578257,"total":426,"current":216}
{"_e":"metro:bundling:progress","_t":1790941382268,"id":"1","progress":0.2582639075517334,"total":427,"current":217}
{"_e":"metro:bundling:progress","_t":1790941382386,"id":"1","progress":0.2582639075517334,"total":439,"current":220}
{"_e":"metro:bundling:progress","_t":1790941382469,"id":"1","progress":0.2582639075517334,"total":439,"current":221}
{"_e":"metro:bundling:progress","_t":1790941382597,"id":"1","progress":0.2582639075517334,"total":450,"current":223}
{"_e":"metro:bundling:progress","_t":1790941382667,"id":"1","progress":0.2582639075517334,"total":450,"current":224}
{"_e":"metro:bundling:progress","_t":1790941382779,"id":"1","progress":0.2582639075517334,"total":457,"current":230}
{"_e":"metro:bundling:progress","_t":1790941382883,"id":"1","progress":0.26894550608334256,"total":457,"current":237}
{"_e":"metro:bundling:progress","_t":1790941382985,"id":"1","progress":0.26994801512287336,"total":460,"current":239}
{"_e":"metro:bundling:progress","_t":1790941383103,"id":"1","progress":0.27785018892250646,"total":461,"current":243}
{"_e":"metro:bundling:progress","_t":1790941383219,"id":"1","progress":0.27974359091930356,"total":467,"current":247}
{"_e":"metro:bundling:progress","_t":1790941383333,"id":"1","progress":0.28414127959047286,"total":469,"current":250}
{"_e":"metro:bundling:progress","_t":1790941383445,"id":"1","progress":0.28414127959047286,"total":476,"current":251}
{"_e":"metro:bundling:progress","_t":1790941383501,"id":"1","progress":0.28414127959047286,"total":476,"current":252}
{"_e":"metro:bundling:progress","_t":1790941383604,"id":"1","progress":0.2856333436482581,"total":479,"current":256}
{"_e":"metro:bundling:progress","_t":1790941383723,"id":"1","progress":0.29546667584924496,"total":482,"current":262}
{"_e":"metro:bundling:progress","_t":1790941383823,"id":"1","progress":0.31119800560071037,"total":484,"current":270}
{"_e":"metro:bundling:progress","_t":1790941383947,"id":"1","progress":0.3158254217608087,"total":484,"current":272}
{"_e":"metro:bundling:progress","_t":1790941384048,"id":"1","progress":0.31916675523435006,"total":485,"current":274}
{"_e":"metro:bundling:progress","_t":1790941384105,"id":"1","progress":0.3215006908279307,"total":485,"current":275}
{"_e":"metro:bundling:progress","_t":1790941384251,"id":"1","progress":0.3215006908279307,"total":492,"current":277}
{"_e":"metro:bundling:progress","_t":1790941384267,"id":"1","progress":0.3215006908279307,"total":492,"current":278}
{"_e":"metro:bundling:progress","_t":1790941384371,"id":"1","progress":0.32455463728191003,"total":495,"current":282}
{"_e":"metro:bundling:progress","_t":1790941384479,"id":"1","progress":0.32751487879227753,"total":498,"current":285}
{"_e":"metro:bundling:progress","_t":1790941384604,"id":"1","progress":0.32751487879227753,"total":509,"current":287}
{"_e":"metro:bundling:progress","_t":1790941384718,"id":"1","progress":0.32751487879227753,"total":510,"current":291}
{"_e":"metro:bundling:progress","_t":1790941384824,"id":"1","progress":0.32751487879227753,"total":511,"current":292}
{"_e":"metro:bundling:progress","_t":1790941384957,"id":"1","progress":0.32751487879227753,"total":515,"current":294}
{"_e":"metro:bundling:progress","_t":1790941385057,"id":"1","progress":0.3344731732319699,"total":517,"current":299}
{"_e":"metro:bundling:progress","_t":1790941385167,"id":"1","progress":0.3344731732319699,"total":527,"current":302}
{"_e":"metro:bundling:progress","_t":1790941385271,"id":"1","progress":0.3344731732319699,"total":539,"current":305}
{"_e":"metro:bundling:progress","_t":1790941385396,"id":"1","progress":0.3344731732319699,"total":539,"current":308}
{"_e":"metro:bundling:progress","_t":1790941385438,"id":"1","progress":0.3344731732319699,"total":539,"current":309}
{"_e":"metro:bundling:progress","_t":1790941385545,"id":"1","progress":0.3344731732319699,"total":543,"current":313}
{"_e":"metro:bundling:progress","_t":1790941385665,"id":"1","progress":0.3344731732319699,"total":562,"current":315}
{"_e":"metro:bundling:progress","_t":1790941385751,"id":"1","progress":0.3344731732319699,"total":562,"current":316}
{"_e":"metro:bundling:progress","_t":1790941385872,"id":"1","progress":0.3344731732319699,"total":579,"current":323}
{"_e":"metro:bundling:progress","_t":1790941386005,"id":"1","progress":0.3344731732319699,"total":579,"current":324}
{"_e":"metro:bundling:progress","_t":1790941386111,"id":"1","progress":0.3344731732319699,"total":583,"current":328}
{"_e":"metro:bundling:progress","_t":1790941386211,"id":"1","progress":0.3344731732319699,"total":589,"current":333}
{"_e":"metro:bundling:progress","_t":1790941386339,"id":"1","progress":0.3344731732319699,"total":592,"current":336}
{"_e":"metro:bundling:progress","_t":1790941386469,"id":"1","progress":0.3344731732319699,"total":592,"current":337}
{"_e":"metro:bundling:progress","_t":1790941386585,"id":"1","progress":0.3344731732319699,"total":592,"current":338}
{"_e":"metro:bundling:progress","_t":1790941386813,"id":"1","progress":0.3344731732319699,"total":593,"current":340}
{"_e":"metro:bundling:progress","_t":1790941386919,"id":"1","progress":0.3344731732319699,"total":595,"current":341}
{"_e":"metro:bundling:progress","_t":1790941386956,"id":"1","progress":0.3344731732319699,"total":595,"current":342}
{"_e":"metro:bundling:progress","_t":1790941387088,"id":"1","progress":0.3344731732319699,"total":599,"current":345}
{"_e":"metro:bundling:progress","_t":1790941387250,"id":"1","progress":0.33770722775316875,"total":604,"current":351}
{"_e":"metro:bundling:progress","_t":1790941387352,"id":"1","progress":0.3423700566901168,"total":605,"current":354}
{"_e":"metro:bundling:progress","_t":1790941387443,"id":"1","progress":0.3443070828495322,"total":605,"current":355}
{"_e":"metro:bundling:progress","_t":1790941387585,"id":"1","progress":0.3443070828495322,"total":610,"current":357}
{"_e":"metro:bundling:progress","_t":1790941387631,"id":"1","progress":0.34443429185702773,"total":610,"current":358}
{"_e":"metro:bundling:progress","_t":1790941387739,"id":"1","progress":0.34602076124567477,"total":612,"current":360}
{"_e":"metro:bundling:progress","_t":1790941387867,"id":"1","progress":0.34602076124567477,"total":629,"current":362}
{"_e":"metro:bundling:progress","_t":1790941388021,"id":"1","progress":0.34602076124567477,"total":629,"current":363}
{"_e":"metro:bundling:progress","_t":1790941388131,"id":"1","progress":0.34602076124567477,"total":632,"current":368}
{"_e":"metro:bundling:progress","_t":1790941388232,"id":"1","progress":0.34602076124567477,"total":632,"current":371}
{"_e":"metro:bundling:progress","_t":1790941388352,"id":"1","progress":0.3464589008171768,"total":632,"current":372}
{"_e":"metro:bundling:progress","_t":1790941388410,"id":"1","progress":0.3483240866848262,"total":632,"current":373}
{"_e":"metro:bundling:progress","_t":1790941388533,"id":"1","progress":0.3495927044570082,"total":641,"current":379}
{"_e":"metro:bundling:progress","_t":1790941388648,"id":"1","progress":0.35294316832305794,"total":643,"current":382}
{"_e":"metro:bundling:progress","_t":1790941388789,"id":"1","progress":0.35444023796646834,"total":645,"current":384}
{"_e":"metro:bundling:progress","_t":1790941388837,"id":"1","progress":0.3562886845742443,"total":645,"current":385}
{"_e":"metro:bundling:progress","_t":1790941389067,"id":"1","progress":0.3596291527415799,"total":647,"current":388}
{"_e":"metro:bundling:progress","_t":1790941389181,"id":"1","progress":0.3603704656302393,"total":648,"current":389}
{"_e":"metro:bundling:progress","_t":1790941389279,"id":"1","progress":0.3611102537743263,"total":649,"current":390}
{"_e":"metro:bundling:progress","_t":1790941389383,"id":"1","progress":0.3651718167789529,"total":652,"current":394}
{"_e":"metro:bundling:progress","_t":1790941389495,"id":"1","progress":0.3666358050669136,"total":654,"current":396}
{"_e":"metro:bundling:progress","_t":1790941389606,"id":"1","progress":0.3669740923759814,"total":657,"current":398}
{"_e":"metro:bundling:progress","_t":1790941389671,"id":"1","progress":0.3688204999895749,"total":657,"current":399}
{"_e":"metro:bundling:progress","_t":1790941389772,"id":"1","progress":0.37325043190657875,"total":658,"current":402}
{"_e":"metro:bundling:progress","_t":1790941389883,"id":"1","progress":0.37583039552731984,"total":659,"current":404}
{"_e":"metro:bundling:progress","_t":1790941389984,"id":"1","progress":0.3791280345874884,"total":661,"current":407}
{"_e":"metro:bundling:progress","_t":1790941390153,"id":"1","progress":0.38055686365508035,"total":663,"current":409}
{"_e":"metro:bundling:progress","_t":1790941390213,"id":"1","progress":0.3824200523694801,"total":663,"current":410}
{"_e":"metro:bundling:progress","_t":1790941390333,"id":"1","progress":0.3868690121933517,"total":664,"current":413}
{"_e":"metro:bundling:progress","_t":1790941390469,"id":"1","progress":0.3868690121933517,"total":666,"current":414}
{"_e":"metro:bundling:progress","_t":1790941390627,"id":"1","progress":0.3882824265707149,"total":666,"current":415}
{"_e":"metro:bundling:progress","_t":1790941390735,"id":"1","progress":0.3882824265707149,"total":668,"current":416}
{"_e":"metro:bundling:progress","_t":1790941390836,"id":"1","progress":0.38852580988960167,"total":669,"current":417}
{"_e":"metro:bundling:progress","_t":1790941390938,"id":"1","progress":0.3929605702829138,"total":670,"current":420}
{"_e":"metro:bundling:progress","_t":1790941391038,"id":"1","progress":0.3981009070294784,"total":672,"current":424}
{"_e":"metro:bundling:progress","_t":1790941391149,"id":"1","progress":0.40375434027777773,"total":672,"current":427}
{"_e":"metro:bundling:progress","_t":1790941391262,"id":"1","progress":0.40754544005102034,"total":672,"current":429}
{"_e":"metro:bundling:progress","_t":1790941391382,"id":"1","progress":0.4094476332199546,"total":672,"current":430}
{"_e":"metro:bundling:progress","_t":1790941391688,"id":"1","progress":0.41135425524376423,"total":672,"current":431}
{"_e":"metro:bundling:progress","_t":1790941391792,"id":"1","progress":0.413947881456034,"total":673,"current":433}
{"_e":"metro:bundling:progress","_t":1790941391911,"id":"1","progress":0.4166635757283523,"total":677,"current":437}
{"_e":"metro:bundling:progress","_t":1790941392011,"id":"1","progress":0.42115888305879695,"total":678,"current":440}
{"_e":"metro:bundling:progress","_t":1790941392119,"id":"1","progress":0.42633217993079586,"total":680,"current":444}
{"_e":"metro:bundling:progress","_t":1790941392221,"id":"1","progress":0.4276623008058066,"total":682,"current":446}
{"_e":"metro:bundling:progress","_t":1790941392367,"id":"1","progress":0.43216667488408095,"total":683,"current":449}
{"_e":"metro:bundling:progress","_t":1790941392478,"id":"1","progress":0.43540732058181036,"total":685,"current":452}
{"_e":"metro:bundling:progress","_t":1790941392580,"id":"1","progress":0.4418567093642955,"total":686,"current":456}
{"_e":"metro:bundling:progress","_t":1790941392710,"id":"1","progress":0.44964258089741516,"total":686,"current":460}
{"_e":"metro:bundling:progress","_t":1790941392832,"id":"1","progress":0.45159967360538555,"total":686,"current":461}
{"_e":"metro:bundling:progress","_t":1790941392941,"id":"1","progress":0.45159967360538555,"total":690,"current":461}
{"_e":"metro:bundling:progress","_t":1790941392972,"id":"1","progress":0.45159967360538555,"total":690,"current":462}
{"_e":"metro:bundling:progress","_t":1790941393083,"id":"1","progress":0.45159967360538555,"total":690,"current":463}
{"_e":"metro:bundling:progress","_t":1790941393219,"id":"1","progress":0.4522075194286914,"total":690,"current":464}
{"_e":"metro:bundling:progress","_t":1790941393355,"id":"1","progress":0.45415879017013233,"total":690,"current":465}
{"_e":"metro:bundling:progress","_t":1790941393469,"id":"1","progress":0.45611426170972486,"total":690,"current":466}
{"_e":"metro:bundling:progress","_t":1790941393616,"id":"1","progress":0.4580739340474691,"total":690,"current":467}
{"_e":"metro:bundling:progress","_t":1790941393689,"id":"1","progress":0.4600378071833648,"total":690,"current":468}
{"_e":"metro:bundling:progress","_t":1790941393871,"id":"1","progress":0.4620058811174123,"total":690,"current":469}
{"_e":"metro:bundling:progress","_t":1790941394008,"id":"1","progress":0.4620058811174123,"total":691,"current":469}
{"_e":"metro:bundling:progress","_t":1790941394114,"id":"1","progress":0.4626362096083404,"total":691,"current":470}
{"_e":"metro:bundling:progress","_t":1790941394233,"id":"1","progress":0.46460696865425016,"total":691,"current":471}
{"_e":"metro:bundling:progress","_t":1790941394527,"id":"1","progress":0.46460696865425016,"total":697,"current":473}
{"_e":"metro:bundling:progress","_t":1790941394653,"id":"1","progress":0.46460696865425016,"total":697,"current":474}
{"_e":"metro:bundling:progress","_t":1790941394759,"id":"1","progress":0.46638905413444387,"total":697,"current":476}
{"_e":"metro:bundling:progress","_t":1790941394872,"id":"1","progress":0.4683507304310953,"total":697,"current":477}
{"_e":"metro:bundling:progress","_t":1790941395060,"id":"1","progress":0.4689698770946051,"total":698,"current":478}
{"_e":"metro:bundling:started","_t":1790941395105,"id":"2","platform":"web","environment":null,"entry":"node_modules\\expo-router\\entry.js"}
{"_e":"metro:bundling:progress","_t":1790941395105,"id":"1","progress":0.4689698770946051,"total":698,"current":478}
{"_e":"metro:bundling:progress","_t":1790941395105,"id":"2","progress":0,"total":1,"current":0}
{"_e":"metro:bundling:progress","_t":1790941395129,"id":"1","progress":0.4709341466818827,"total":698,"current":479}
{"_e":"metro:bundling:progress","_t":1790941395129,"id":"2","progress":0,"total":1,"current":0}
{"_e":"metro:bundling:progress","_t":1790941395230,"id":"1","progress":0.4754881795166199,"total":699,"current":482}
{"_e":"metro:bundling:progress","_t":1790941395231,"id":"2","progress":0,"total":1,"current":0}
{"_e":"metro:bundling:progress","_t":1790941395330,"id":"1","progress":0.4780734693877551,"total":700,"current":484}
{"_e":"metro:bundling:progress","_t":1790941395330,"id":"2","progress":0,"total":1,"current":0}
{"_e":"metro:bundling:progress","_t":1790941395445,"id":"1","progress":0.4886029942959008,"total":701,"current":490}
{"_e":"metro:bundling:progress","_t":1790941395445,"id":"2","progress":0,"total":1,"current":0}
{"_e":"metro:bundling:progress","_t":1790941395558,"id":"1","progress":0.49379108838568303,"total":703,"current":494}
{"_e":"metro:bundling:progress","_t":1790941395558,"id":"2","progress":0,"total":1,"current":0}
{"_e":"metro:bundling:progress","_t":1790941395909,"id":"1","progress":0.5018200801685117,"total":703,"current":498}
{"_e":"metro:bundling:progress","_t":1790941395910,"id":"2","progress":0,"total":1,"current":0}
{"_e":"metro:bundling:progress","_t":1790941396017,"id":"1","progress":0.5104940114927686,"total":704,"current":503}
{"_e":"metro:bundling:progress","_t":1790941396018,"id":"2","progress":0,"total":1,"current":0}
{"_e":"metro:bundling:progress","_t":1790941396117,"id":"1","progress":0.5192173431919924,"total":705,"current":508}
{"_e":"metro:bundling:progress","_t":1790941396117,"id":"2","progress":0,"total":1,"current":0}
{"_e":"metro:bundling:progress","_t":1790941396247,"id":"1","progress":0.5244463828076079,"total":707,"current":512}
{"_e":"metro:bundling:progress","_t":1790941396251,"id":"2","progress":0,"total":1,"current":0}
{"_e":"metro:bundling:progress","_t":1790941396351,"id":"1","progress":0.5306102442937767,"total":707,"current":515}
{"_e":"metro:bundling:progress","_t":1790941396351,"id":"2","progress":0,"total":1,"current":0}
{"_e":"metro:bundling:progress","_t":1790941396452,"id":"1","progress":0.5306102442937767,"total":710,"current":516}
{"_e":"metro:bundling:progress","_t":1790941396452,"id":"2","progress":0,"total":1,"current":0}
{"_e":"metro:bundling:progress","_t":1790941396562,"id":"1","progress":0.5315143097905809,"total":716,"current":522}
{"_e":"metro:bundling:progress","_t":1790941396567,"id":"2","progress":0,"total":1,"current":0}
{"_e":"metro:bundling:progress","_t":1790941396673,"id":"1","progress":0.5392747228514337,"total":719,"current":528}
{"_e":"metro:bundling:progress","_t":1790941396673,"id":"2","progress":0,"total":1,"current":0}
{"_e":"metro:bundling:progress","_t":1790941396907,"id":"1","progress":0.5418595679012347,"total":720,"current":530}
{"_e":"metro:bundling:progress","_t":1790941396907,"id":"2","progress":0,"total":1,"current":0}
{"_e":"metro:bundling:progress","_t":1790941397004,"id":"1","progress":0.5418595679012347,"total":722,"current":530}
{"_e":"metro:bundling:progress","_t":1790941397004,"id":"2","progress":0,"total":1,"current":0}
{"_e":"metro:bundling:progress","_t":1790941397032,"id":"1","progress":0.5418595679012347,"total":722,"current":531}
{"_e":"metro:bundling:progress","_t":1790941397032,"id":"2","progress":0,"total":1,"current":0}
{"_e":"metro:bundling:progress","_t":1790941397260,"id":"1","progress":0.5418595679012347,"total":733,"current":534}
{"_e":"metro:bundling:progress","_t":1790941397260,"id":"2","progress":0,"total":1,"current":0}
{"_e":"metro:bundling:progress","_t":1790941397469,"id":"1","progress":0.5418595679012347,"total":733,"current":535}
{"_e":"metro:bundling:progress","_t":1790941397469,"id":"2","progress":0,"total":1,"current":0}
{"_e":"metro:bundling:progress","_t":1790941397599,"id":"1","progress":0.5418595679012347,"total":733,"current":536}
{"_e":"metro:bundling:progress","_t":1790941397599,"id":"2","progress":0,"total":1,"current":0}
{"_e":"metro:bundling:progress","_t":1790941397815,"id":"1","progress":0.5418595679012347,"total":733,"current":537}
{"_e":"metro:bundling:progress","_t":1790941397827,"id":"2","progress":0,"total":1,"current":0}
{"_e":"metro:bundling:progress","_t":1790941397916,"id":"1","progress":0.5452635330279385,"total":734,"current":542}
{"_e":"metro:bundling:progress","_t":1790941397916,"id":"2","progress":0,"total":1,"current":0}
{"_e":"metro:bundling:progress","_t":1790941398045,"id":"1","progress":0.5452635330279385,"total":749,"current":544}
{"_e":"metro:bundling:progress","_t":1790941398045,"id":"2","progress":0,"total":1,"current":0}
{"_e":"metro:bundling:progress","_t":1790941398084,"id":"1","progress":0.5452635330279385,"total":749,"current":545}
{"_e":"metro:bundling:progress","_t":1790941398085,"id":"2","progress":0,"total":1,"current":0}
{"_e":"metro:bundling:progress","_t":1790941398182,"id":"1","progress":0.5452635330279385,"total":754,"current":548}
{"_e":"metro:bundling:progress","_t":1790941398182,"id":"2","progress":0,"total":1,"current":0}
{"_e":"metro:bundling:progress","_t":1790941398310,"id":"1","progress":0.5452635330279385,"total":755,"current":553}
{"_e":"metro:bundling:progress","_t":1790941398310,"id":"2","progress":0,"total":1,"current":0}
{"_e":"metro:bundling:progress","_t":1790941398471,"id":"1","progress":0.5452635330279385,"total":759,"current":553}
{"_e":"metro:bundling:progress","_t":1790941398471,"id":"2","progress":0,"total":1,"current":0}
{"_e":"metro:bundling:progress","_t":1790941398512,"id":"1","progress":0.5452635330279385,"total":759,"current":554}
{"_e":"metro:bundling:progress","_t":1790941398512,"id":"2","progress":0,"total":1,"current":0}
{"_e":"metro:bundling:progress","_t":1790941398618,"id":"1","progress":0.5452635330279385,"total":760,"current":557}
{"_e":"metro:bundling:progress","_t":1790941398618,"id":"2","progress":0,"total":1,"current":0}
{"_e":"metro:bundling:progress","_t":1790941398724,"id":"1","progress":0.5452635330279385,"total":760,"current":561}
{"_e":"metro:bundling:progress","_t":1790941398724,"id":"2","progress":0,"total":1,"current":0}
{"_e":"metro:bundling:progress","_t":1790941398835,"id":"1","progress":0.5452635330279385,"total":795,"current":565}
{"_e":"metro:bundling:progress","_t":1790941398835,"id":"2","progress":0,"total":1,"current":0}
{"_e":"metro:bundling:progress","_t":1790941398958,"id":"1","progress":0.5452635330279385,"total":797,"current":568}
{"_e":"metro:bundling:progress","_t":1790941398958,"id":"2","progress":0,"total":1,"current":0}
{"_e":"metro:bundling:progress","_t":1790941399063,"id":"1","progress":0.5452635330279385,"total":802,"current":568}
{"_e":"metro:bundling:progress","_t":1790941399063,"id":"2","progress":0,"total":1,"current":0}
{"_e":"metro:bundling:progress","_t":1790941399478,"id":"1","progress":0.5452635330279385,"total":802,"current":569}
{"_e":"metro:bundling:progress","_t":1790941399478,"id":"2","progress":0,"total":1,"current":0}
{"_e":"metro:bundling:progress","_t":1790941399592,"id":"1","progress":0.5452635330279385,"total":802,"current":573}
{"_e":"metro:bundling:progress","_t":1790941399593,"id":"2","progress":0,"total":1,"current":0}
{"_e":"metro:bundling:progress","_t":1790941399693,"id":"1","progress":0.5452635330279385,"total":802,"current":575}
{"_e":"metro:bundling:progress","_t":1790941399693,"id":"2","progress":0,"total":1,"current":0}
{"_e":"metro:bundling:progress","_t":1790941399794,"id":"1","progress":0.5452635330279385,"total":803,"current":578}
{"_e":"metro:bundling:progress","_t":1790941399794,"id":"2","progress":0,"total":1,"current":0}
{"_e":"metro:bundling:progress","_t":1790941399895,"id":"1","progress":0.5452635330279385,"total":804,"current":582}
{"_e":"metro:bundling:progress","_t":1790941399895,"id":"2","progress":0,"total":1,"current":0}
{"_e":"metro:bundling:progress","_t":1790941400015,"id":"1","progress":0.5452635330279385,"total":810,"current":585}
{"_e":"metro:bundling:progress","_t":1790941400015,"id":"2","progress":0,"total":1,"current":0}
{"_e":"metro:bundling:progress","_t":1790941400127,"id":"1","progress":0.5452635330279385,"total":811,"current":588}
{"_e":"metro:bundling:progress","_t":1790941400127,"id":"2","progress":0,"total":1,"current":0}
{"_e":"metro:bundling:progress","_t":1790941400229,"id":"1","progress":0.5452635330279385,"total":816,"current":591}
{"_e":"metro:bundling:progress","_t":1790941400229,"id":"2","progress":0,"total":1,"current":0}
{"_e":"metro:bundling:progress","_t":1790941400368,"id":"1","progress":0.5452635330279385,"total":816,"current":596}
{"_e":"metro:bundling:progress","_t":1790941400445,"id":"2","progress":0,"total":1,"current":0}
{"_e":"metro:bundling:progress","_t":1790941400536,"id":"1","progress":0.5452635330279385,"total":816,"current":597}
{"_e":"metro:bundling:progress","_t":1790941400536,"id":"2","progress":0,"total":1,"current":0}
{"_e":"metro:bundling:progress","_t":1790941400659,"id":"1","progress":0.5452635330279385,"total":816,"current":598}
{"_e":"metro:bundling:progress","_t":1790941400662,"id":"2","progress":0,"total":1,"current":0}
{"_e":"metro:bundling:progress","_t":1790941400764,"id":"1","progress":0.5452635330279385,"total":824,"current":600}
{"_e":"metro:bundling:progress","_t":1790941400764,"id":"2","progress":0,"total":1,"current":0}
{"_e":"metro:bundling:progress","_t":1790941400864,"id":"1","progress":0.5452635330279385,"total":824,"current":603}
{"_e":"metro:bundling:progress","_t":1790941400865,"id":"2","progress":0,"total":1,"current":0}
{"_e":"metro:bundling:progress","_t":1790941400980,"id":"1","progress":0.5467033976124885,"total":825,"current":610}
{"_e":"metro:bundling:progress","_t":1790941400980,"id":"2","progress":0,"total":1,"current":0}
{"_e":"metro:bundling:progress","_t":1790941401082,"id":"1","progress":0.5525564434334492,"total":826,"current":614}
{"_e":"metro:bundling:progress","_t":1790941401082,"id":"2","progress":0,"total":1,"current":0}
{"_e":"metro:bundling:progress","_t":1790941401182,"id":"1","progress":0.5539381381494992,"total":829,"current":617}
{"_e":"metro:bundling:progress","_t":1790941401182,"id":"2","progress":0,"total":1,"current":0}
{"_e":"metro:bundling:progress","_t":1790941401283,"id":"1","progress":0.5615967484395413,"total":830,"current":622}
{"_e":"metro:bundling:progress","_t":1790941401283,"id":"2","progress":0,"total":1,"current":0}
{"_e":"metro:bundling:progress","_t":1790941401386,"id":"1","progress":0.5697346523668638,"total":832,"current":628}
{"_e":"metro:bundling:progress","_t":1790941401392,"id":"2","progress":0,"total":1,"current":0}
{"_e":"metro:bundling:progress","_t":1790941401496,"id":"1","progress":0.5825065296782544,"total":832,"current":635}
{"_e":"metro:bundling:progress","_t":1790941401496,"id":"2","progress":0,"total":1,"current":0}
{"_e":"metro:bundling:progress","_t":1790941401603,"id":"1","progress":0.5954199796597633,"total":832,"current":642}
{"_e":"metro:bundling:progress","_t":1790941401603,"id":"2","progress":0,"total":1,"current":0}
{"_e":"metro:bundling:progress","_t":1790941401704,"id":"1","progress":0.6088870121878283,"total":833,"current":650}
{"_e":"metro:bundling:progress","_t":1790941401704,"id":"2","progress":0,"total":1,"current":0}
{"_e":"metro:bundling:progress","_t":1790941401820,"id":"1","progress":0.6205812328554422,"total":834,"current":657}
{"_e":"metro:bundling:progress","_t":1790941401827,"id":"2","progress":0,"total":1,"current":0}
{"_e":"metro:bundling:progress","_t":1790941401923,"id":"1","progress":0.6281607807279356,"total":834,"current":661}
{"_e":"metro:bundling:progress","_t":1790941401923,"id":"2","progress":0,"total":1,"current":0}
{"_e":"metro:bundling:progress","_t":1790941402026,"id":"1","progress":0.639616364462387,"total":834,"current":667}
{"_e":"metro:bundling:progress","_t":1790941402030,"id":"2","progress":0,"total":1,"current":0}
{"_e":"metro:bundling:progress","_t":1790941402127,"id":"1","progress":0.6445960355082797,"total":837,"current":672}
{"_e":"metro:bundling:progress","_t":1790941402128,"id":"2","progress":0,"total":1,"current":0}
{"_e":"metro:bundling:progress","_t":1790941402229,"id":"1","progress":0.6445960355082797,"total":842,"current":676}
{"_e":"metro:bundling:progress","_t":1790941402229,"id":"2","progress":0,"total":1,"current":0}
{"_e":"metro:bundling:progress","_t":1790941402337,"id":"1","progress":0.6545059516019863,"total":843,"current":682}
{"_e":"metro:bundling:progress","_t":1790941402337,"id":"2","progress":0,"total":1,"current":0}
{"_e":"metro:bundling:progress","_t":1790941402440,"id":"1","progress":0.6545059516019863,"total":846,"current":684}
{"_e":"metro:bundling:progress","_t":1790941402440,"id":"2","progress":0,"total":1,"current":0}
{"_e":"metro:bundling:progress","_t":1790941402563,"id":"1","progress":0.6545059516019863,"total":856,"current":688}
{"_e":"metro:bundling:progress","_t":1790941402563,"id":"2","progress":0,"total":1,"current":0}
{"_e":"metro:bundling:progress","_t":1790941402685,"id":"1","progress":0.6545059516019863,"total":856,"current":690}
{"_e":"metro:bundling:progress","_t":1790941402685,"id":"2","progress":0,"total":1,"current":0}
{"_e":"metro:bundling:progress","_t":1790941402787,"id":"1","progress":0.6592074089440126,"total":856,"current":695}
{"_e":"metro:bundling:progress","_t":1790941402787,"id":"2","progress":0,"total":1,"current":0}
{"_e":"metro:bundling:progress","_t":1790941402887,"id":"1","progress":0.6668172438640929,"total":856,"current":699}
{"_e":"metro:bundling:progress","_t":1790941402887,"id":"2","progress":0,"total":1,"current":0}
{"_e":"metro:bundling:progress","_t":1790941402992,"id":"1","progress":0.6767318084713846,"total":857,"current":705}
{"_e":"metro:bundling:progress","_t":1790941402993,"id":"2","progress":0,"total":1,"current":0}
{"_e":"metro:bundling:progress","_t":1790941403094,"id":"1","progress":0.6847658945561043,"total":858,"current":710}
{"_e":"metro:bundling:progress","_t":1790941403094,"id":"2","progress":0,"total":1,"current":0}
{"_e":"metro:bundling:progress","_t":1790941403208,"id":"1","progress":0.6847658945561043,"total":863,"current":714}
{"_e":"metro:bundling:progress","_t":1790941403209,"id":"2","progress":0,"total":1,"current":0}
{"_e":"metro:bundling:progress","_t":1790941403310,"id":"1","progress":0.6896469151470886,"total":867,"current":720}
{"_e":"metro:bundling:progress","_t":1790941403310,"id":"2","progress":0,"total":1,"current":0}
{"_e":"metro:bundling:progress","_t":1790941403427,"id":"1","progress":0.6960436251342428,"total":869,"current":725}
{"_e":"metro:bundling:progress","_t":1790941403427,"id":"2","progress":0,"total":1,"current":0}
{"_e":"metro:bundling:progress","_t":1790941403530,"id":"1","progress":0.6960436251342428,"total":874,"current":729}
{"_e":"metro:bundling:progress","_t":1790941403530,"id":"2","progress":0,"total":1,"current":0}
{"_e":"metro:bundling:progress","_t":1790941403704,"id":"1","progress":0.6979408979591837,"total":875,"current":731}
{"_e":"metro:bundling:progress","_t":1790941403706,"id":"2","progress":0,"total":1,"current":0}
{"_e":"metro:bundling:progress","_t":1790941403719,"id":"1","progress":0.6998517551020408,"total":875,"current":732}
{"_e":"metro:bundling:progress","_t":1790941403720,"id":"2","progress":0,"total":1,"current":0}
{"_e":"metro:bundling:progress","_t":1790941403825,"id":"1","progress":0.6998517551020408,"total":881,"current":734}
{"_e":"metro:bundling:progress","_t":1790941403825,"id":"2","progress":0,"total":1,"current":0}
{"_e":"metro:bundling:progress","_t":1790941403926,"id":"1","progress":0.6998517551020408,"total":891,"current":737}
{"_e":"metro:bundling:progress","_t":1790941403926,"id":"2","progress":0,"total":1,"current":0}
{"_e":"metro:bundling:progress","_t":1790941404040,"id":"1","progress":0.6998517551020408,"total":896,"current":738}
{"_e":"metro:bundling:progress","_t":1790941404040,"id":"2","progress":0,"total":1,"current":0}
{"_e":"metro:bundling:progress","_t":1790941404144,"id":"1","progress":0.6998517551020408,"total":905,"current":741}
{"_e":"metro:bundling:progress","_t":1790941404144,"id":"2","progress":0,"total":1,"current":0}
{"_e":"metro:bundling:progress","_t":1790941404257,"id":"1","progress":0.6998517551020408,"total":909,"current":744}
{"_e":"metro:bundling:progress","_t":1790941404257,"id":"2","progress":0,"total":1,"current":0}
{"_e":"metro:bundling:progress","_t":1790941404364,"id":"1","progress":0.6998517551020408,"total":914,"current":752}
{"_e":"metro:bundling:progress","_t":1790941404364,"id":"2","progress":0,"total":1,"current":0}
{"_e":"metro:bundling:progress","_t":1790941404466,"id":"1","progress":0.6998517551020408,"total":925,"current":754}
{"_e":"metro:bundling:progress","_t":1790941404467,"id":"2","progress":0,"total":1,"current":0}
{"_e":"metro:bundling:progress","_t":1790941404541,"id":"1","progress":0.6998517551020408,"total":925,"current":755}
{"_e":"metro:bundling:progress","_t":1790941404541,"id":"2","progress":0,"total":1,"current":0}
{"_e":"metro:bundling:progress","_t":1790941404641,"id":"1","progress":0.6998517551020408,"total":926,"current":759}
{"_e":"metro:bundling:progress","_t":1790941404641,"id":"2","progress":0,"total":1,"current":0}
{"_e":"metro:bundling:progress","_t":1790941404741,"id":"1","progress":0.6998517551020408,"total":928,"current":764}
{"_e":"metro:bundling:progress","_t":1790941404741,"id":"2","progress":0,"total":1,"current":0}
{"_e":"metro:bundling:progress","_t":1790941404845,"id":"1","progress":0.6998517551020408,"total":929,"current":767}
{"_e":"metro:bundling:progress","_t":1790941404845,"id":"2","progress":0,"total":1,"current":0}
{"_e":"metro:bundling:progress","_t":1790941404945,"id":"1","progress":0.6998517551020408,"total":942,"current":768}
{"_e":"metro:bundling:progress","_t":1790941404946,"id":"2","progress":0,"total":1,"current":0}
{"_e":"metro:bundling:progress","_t":1790941405014,"id":"1","progress":0.6998517551020408,"total":942,"current":769}
{"_e":"metro:bundling:progress","_t":1790941405014,"id":"2","progress":0,"total":1,"current":0}
{"_e":"metro:bundling:progress","_t":1790941405108,"id":"1","progress":0.6998517551020408,"total":944,"current":771}
{"_e":"metro:bundling:progress","_t":1790941405108,"id":"2","progress":0,"total":1,"current":0}
{"_e":"metro:bundling:progress","_t":1790941405232,"id":"1","progress":0.6998517551020408,"total":944,"current":774}
{"_e":"metro:bundling:progress","_t":1790941405232,"id":"2","progress":0,"total":1,"current":0}
{"_e":"metro:bundling:progress","_t":1790941405334,"id":"1","progress":0.6998517551020408,"total":946,"current":778}
{"_e":"metro:bundling:progress","_t":1790941405334,"id":"2","progress":0,"total":1,"current":0}
{"_e":"metro:bundling:progress","_t":1790941405432,"id":"1","progress":0.6998517551020408,"total":947,"current":781}
{"_e":"metro:bundling:progress","_t":1790941405433,"id":"2","progress":0,"total":1,"current":0}
{"_e":"metro:bundling:progress","_t":1790941405533,"id":"1","progress":0.6998517551020408,"total":948,"current":783}
{"_e":"metro:bundling:progress","_t":1790941405533,"id":"2","progress":0,"total":1,"current":0}
{"_e":"metro:bundling:progress","_t":1790941405647,"id":"1","progress":0.6998517551020408,"total":948,"current":787}
{"_e":"metro:bundling:progress","_t":1790941405647,"id":"2","progress":0,"total":1,"current":0}
{"_e":"metro:bundling:progress","_t":1790941405757,"id":"1","progress":0.6998517551020408,"total":949,"current":790}
{"_e":"metro:bundling:progress","_t":1790941405757,"id":"2","progress":0,"total":1,"current":0}
{"_e":"metro:bundling:progress","_t":1790941405863,"id":"1","progress":0.6998517551020408,"total":950,"current":793}
{"_e":"metro:bundling:progress","_t":1790941405863,"id":"2","progress":0,"total":1,"current":0}
{"_e":"metro:bundling:progress","_t":1790941406030,"id":"1","progress":0.6998517551020408,"total":967,"current":796}
{"_e":"metro:bundling:progress","_t":1790941406030,"id":"2","progress":0,"total":1,"current":0}
{"_e":"metro:bundling:progress","_t":1790941406090,"id":"1","progress":0.6998517551020408,"total":967,"current":797}
{"_e":"metro:bundling:progress","_t":1790941406095,"id":"2","progress":0,"total":1,"current":0}
{"_e":"metro:bundling:progress","_t":1790941406202,"id":"1","progress":0.6998517551020408,"total":977,"current":799}
{"_e":"metro:bundling:progress","_t":1790941406202,"id":"2","progress":0,"total":1,"current":0}
{"_e":"metro:bundling:progress","_t":1790941406314,"id":"1","progress":0.6998517551020408,"total":984,"current":801}
{"_e":"metro:bundling:progress","_t":1790941406314,"id":"2","progress":0,"total":1,"current":0}
{"_e":"metro:bundling:progress","_t":1790941406393,"id":"1","progress":0.6998517551020408,"total":984,"current":802}
{"_e":"metro:bundling:progress","_t":1790941406393,"id":"2","progress":0,"total":1,"current":0}
{"_e":"metro:bundling:progress","_t":1790941406497,"id":"1","progress":0.6998517551020408,"total":984,"current":803}
{"_e":"metro:bundling:progress","_t":1790941406498,"id":"2","progress":0,"total":1,"current":0}
{"_e":"metro:bundling:progress","_t":1790941406533,"id":"1","progress":0.6998517551020408,"total":984,"current":804}
{"_e":"metro:bundling:progress","_t":1790941406533,"id":"2","progress":0,"total":1,"current":0}
{"_e":"metro:bundling:progress","_t":1790941406638,"id":"1","progress":0.6998517551020408,"total":987,"current":807}
{"_e":"metro:bundling:progress","_t":1790941406638,"id":"2","progress":0,"total":1,"current":0}
{"_e":"metro:bundling:progress","_t":1790941406751,"id":"1","progress":0.6998517551020408,"total":991,"current":810}
{"_e":"metro:bundling:progress","_t":1790941406751,"id":"2","progress":0,"total":1,"current":0}
{"_e":"metro:bundling:progress","_t":1790941406853,"id":"1","progress":0.6998517551020408,"total":992,"current":814}
{"_e":"metro:bundling:progress","_t":1790941406853,"id":"2","progress":0,"total":1,"current":0}
{"_e":"metro:bundling:progress","_t":1790941406958,"id":"1","progress":0.6998517551020408,"total":994,"current":819}
{"_e":"metro:bundling:progress","_t":1790941406958,"id":"2","progress":0,"total":1,"current":0}
{"_e":"metro:bundling:progress","_t":1790941407068,"id":"1","progress":0.6998517551020408,"total":994,"current":826}
{"_e":"metro:bundling:progress","_t":1790941407068,"id":"2","progress":0,"total":1,"current":0}
{"_e":"metro:bundling:progress","_t":1790941407172,"id":"1","progress":0.6998517551020408,"total":996,"current":830}
{"_e":"metro:bundling:progress","_t":1790941407172,"id":"2","progress":0,"total":1,"current":0}
{"_e":"metro:bundling:progress","_t":1790941407273,"id":"1","progress":0.6998517551020408,"total":999,"current":834}
{"_e":"metro:bundling:progress","_t":1790941407274,"id":"2","progress":0,"total":1,"current":0}
{"_e":"metro:bundling:progress","_t":1790941407379,"id":"1","progress":0.700569,"total":1000,"current":837}
{"_e":"metro:bundling:progress","_t":1790941407379,"id":"2","progress":0,"total":1,"current":0}
{"_e":"metro:bundling:progress","_t":1790941407480,"id":"1","progress":0.7039209999999999,"total":1000,"current":839}
{"_e":"metro:bundling:progress","_t":1790941407480,"id":"2","progress":0,"total":1,"current":0}
{"_e":"metro:bundling:progress","_t":1790941407601,"id":"1","progress":0.7039209999999999,"total":1001,"current":839}
{"_e":"metro:bundling:progress","_t":1790941407601,"id":"2","progress":0,"total":1,"current":0}
{"_e":"metro:bundling:progress","_t":1790941407741,"id":"1","progress":0.7039209999999999,"total":1002,"current":840}
{"_e":"metro:bundling:progress","_t":1790941407741,"id":"2","progress":0,"total":1,"current":0}
{"_e":"metro:bundling:progress","_t":1790941407845,"id":"1","progress":0.7039209999999999,"total":1005,"current":843}
{"_e":"metro:bundling:progress","_t":1790941407873,"id":"2","progress":0,"total":1,"current":0}
{"_e":"metro:bundling:progress","_t":1790941407958,"id":"1","progress":0.7055332023762001,"total":1006,"current":845}
{"_e":"metro:bundling:progress","_t":1790941407958,"id":"2","progress":0,"total":1,"current":0}
{"_e":"metro:bundling:progress","_t":1790941408075,"id":"1","progress":0.7072040915540553,"total":1006,"current":846}
{"_e":"metro:bundling:progress","_t":1790941408075,"id":"2","progress":0,"total":1,"current":0}
{"_e":"metro:bundling:progress","_t":1790941408185,"id":"1","progress":0.7088769569461957,"total":1006,"current":847}
{"_e":"metro:bundling:progress","_t":1790941408185,"id":"2","progress":0,"total":1,"current":0}
{"_e":"metro:bundling:progress","_t":1790941408292,"id":"1","progress":0.7105517985526206,"total":1006,"current":848}
{"_e":"metro:bundling:progress","_t":1790941408292,"id":"2","progress":0,"total":1,"current":0}
{"_e":"metro:bundling:progress","_t":1790941408394,"id":"1","progress":0.7105517985526206,"total":1015,"current":850}
{"_e":"metro:bundling:progress","_t":1790941408394,"id":"2","progress":0,"total":1,"current":0}
{"_e":"metro:bundling:progress","_t":1790941408556,"id":"1","progress":0.7105517985526206,"total":1015,"current":851}
{"_e":"metro:bundling:progress","_t":1790941408556,"id":"2","progress":0,"total":1,"current":0}
{"_e":"metro:bundling:progress","_t":1790941408702,"id":"1","progress":0.7105517985526206,"total":1022,"current":853}
{"_e":"metro:bundling:progress","_t":1790941408702,"id":"2","progress":0,"total":1,"current":0}
{"_e":"metro:bundling:progress","_t":1790941408784,"id":"1","progress":0.7105517985526206,"total":1022,"current":854}
{"_e":"metro:bundling:progress","_t":1790941408784,"id":"2","progress":0,"total":1,"current":0}
{"_e":"metro:bundling:progress","_t":1790941408920,"id":"1","progress":0.7105517985526206,"total":1035,"current":857}
{"_e":"metro:bundling:progress","_t":1790941408920,"id":"2","progress":0,"total":1,"current":0}
{"_e":"metro:bundling:progress","_t":1790941409056,"id":"1","progress":0.7105517985526206,"total":1040,"current":859}
{"_e":"metro:bundling:progress","_t":1790941409056,"id":"2","progress":0,"total":1,"current":0}
{"_e":"metro:bundling:progress","_t":1790941409178,"id":"1","progress":0.7105517985526206,"total":1040,"current":860}
{"_e":"metro:bundling:progress","_t":1790941409178,"id":"2","progress":0,"total":1,"current":0}
{"_e":"metro:bundling:progress","_t":1790941409279,"id":"1","progress":0.7105517985526206,"total":1042,"current":865}
{"_e":"metro:bundling:progress","_t":1790941409281,"id":"2","progress":0,"total":1,"current":0}
{"_e":"metro:bundling:progress","_t":1790941409401,"id":"1","progress":0.7105517985526206,"total":1042,"current":867}
{"_e":"metro:bundling:progress","_t":1790941409401,"id":"2","progress":0,"total":1,"current":0}
{"_e":"metro:bundling:progress","_t":1790941409502,"id":"1","progress":0.7105517985526206,"total":1043,"current":870}
{"_e":"metro:bundling:progress","_t":1790941409502,"id":"2","progress":0,"total":1,"current":0}
{"_e":"metro:bundling:progress","_t":1790941409615,"id":"1","progress":0.7105517985526206,"total":1045,"current":873}
{"_e":"metro:bundling:progress","_t":1790941409615,"id":"2","progress":0,"total":1,"current":0}
{"_e":"metro:bundling:progress","_t":1790941409719,"id":"1","progress":0.7105517985526206,"total":1047,"current":876}
{"_e":"metro:bundling:progress","_t":1790941409719,"id":"2","progress":0,"total":1,"current":0}
{"_e":"metro:bundling:progress","_t":1790941409820,"id":"1","progress":0.7105517985526206,"total":1047,"current":880}
{"_e":"metro:bundling:progress","_t":1790941409821,"id":"2","progress":0,"total":1,"current":0}
{"_e":"metro:bundling:progress","_t":1790941409928,"id":"1","progress":0.7144851027495669,"total":1047,"current":885}
{"_e":"metro:bundling:progress","_t":1790941409932,"id":"2","progress":0,"total":1,"current":0}
{"_e":"metro:bundling:progress","_t":1790941410061,"id":"1","progress":0.7179651535458306,"total":1048,"current":888}
{"_e":"metro:bundling:progress","_t":1790941410061,"id":"2","progress":0,"total":1,"current":0}
{"_e":"metro:bundling:progress","_t":1790941410167,"id":"1","progress":0.7214469997755363,"total":1049,"current":891}
{"_e":"metro:bundling:progress","_t":1790941410168,"id":"2","progress":0,"total":1,"current":0}
{"_e":"metro:bundling:progress","_t":1790941410273,"id":"1","progress":0.7328273965581638,"total":1049,"current":898}
{"_e":"metro:bundling:progress","_t":1790941410273,"id":"2","progress":0,"total":1,"current":0}
{"_e":"metro:bundling:progress","_t":1790941410372,"id":"1","progress":0.7363274376417234,"total":1050,"current":901}
{"_e":"metro:bundling:progress","_t":1790941410372,"id":"2","progress":0,"total":1,"current":0}
{"_e":"metro:bundling:progress","_t":1790941410472,"id":"1","progress":0.7445224489795919,"total":1050,"current":906}
{"_e":"metro:bundling:progress","_t":1790941410472,"id":"2","progress":0,"total":1,"current":0}
{"_e":"metro:bundling:progress","_t":1790941410590,"id":"1","progress":0.7531995908571759,"total":1052,"current":913}
{"_e":"metro:bundling:progress","_t":1790941410590,"id":"2","progress":0,"total":1,"current":0}
{"_e":"metro:bundling:progress","_t":1790941410697,"id":"1","progress":0.7550669231580912,"total":1053,"current":915}
{"_e":"metro:bundling:progress","_t":1790941410698,"id":"2","progress":0,"total":1,"current":0}
{"_e":"metro:bundling:progress","_t":1790941410800,"id":"1","progress":0.7650019074520499,"total":1053,"current":921}
{"_e":"metro:bundling:progress","_t":1790941410800,"id":"2","progress":0,"total":1,"current":0}
{"_e":"metro:bundling:progress","_t":1790941410899,"id":"1","progress":0.7699937500507301,"total":1053,"current":924}
{"_e":"metro:bundling:progress","_t":1790941410899,"id":"2","progress":0,"total":1,"current":0}
{"_e":"metro:bundling:progress","_t":1790941411003,"id":"1","progress":0.7699937500507301,"total":1057,"current":927}
{"_e":"metro:bundling:progress","_t":1790941411003,"id":"2","progress":0,"total":1,"current":0}
{"_e":"metro:bundling:progress","_t":1790941411106,"id":"1","progress":0.7741336085331022,"total":1057,"current":930}
{"_e":"metro:bundling:progress","_t":1790941411106,"id":"2","progress":0,"total":1,"current":0}
{"_e":"metro:bundling:progress","_t":1790941411210,"id":"1","progress":0.7841546512908045,"total":1057,"current":936}
{"_e":"metro:bundling:progress","_t":1790941411210,"id":"2","progress":0,"total":1,"current":0}
{"_e":"metro:bundling:progress","_t":1790941411313,"id":"1","progress":0.7875093197666768,"total":1057,"current":938}
{"_e":"metro:bundling:progress","_t":1790941411313,"id":"2","progress":0,"total":1,"current":0}
{"_e":"metro:bundling:progress","_t":1790941411419,"id":"1","progress":0.7925547483148341,"total":1057,"current":941}
{"_e":"metro:bundling:progress","_t":1790941411419,"id":"2","progress":0,"total":1,"current":0}
{"_e":"metro:bundling:progress","_t":1790941411520,"id":"1","progress":0.7925547483148341,"total":1061,"current":944}
{"_e":"metro:bundling:progress","_t":1790941411527,"id":"2","progress":0,"total":1,"current":0}
{"_e":"metro:bundling:progress","_t":1790941411628,"id":"1","progress":0.7985155748490039,"total":1062,"current":949}
{"_e":"metro:bundling:progress","_t":1790941411628,"id":"2","progress":0,"total":1,"current":0}
{"_e":"metro:bundling:progress","_t":1790941411872,"id":"1","progress":0.8035721252229919,"total":1062,"current":952}
{"_e":"metro:bundling:progress","_t":1790941411872,"id":"2","progress":0,"total":1,"current":0}
{"_e":"metro:bundling:progress","_t":1790941411978,"id":"1","progress":0.8089852804002488,"total":1064,"current":957}
{"_e":"metro:bundling:progress","_t":1790941411978,"id":"2","progress":0,"total":1,"current":0}
{"_e":"metro:bundling:progress","_t":1790941412085,"id":"1","progress":0.811013450010384,"total":1066,"current":960}
{"_e":"metro:bundling:progress","_t":1790941412085,"id":"2","progress":0,"total":1,"current":0}
{"_e":"metro:bundling:progress","_t":1790941412195,"id":"1","progress":0.8162538241476203,"total":1067,"current":964}
{"_e":"metro:bundling:progress","_t":1790941412195,"id":"2","progress":0,"total":1,"current":0}
{"_e":"metro:bundling:progress","_t":1790941412298,"id":"1","progress":0.820124901738143,"total":1070,"current":969}
{"_e":"metro:bundling:progress","_t":1790941412298,"id":"2","progress":0,"total":1,"current":0}
{"_e":"metro:bundling:progress","_t":1790941412400,"id":"1","progress":0.8236706447284796,"total":1071,"current":972}
{"_e":"metro:bundling:progress","_t":1790941412401,"id":"2","progress":0,"total":1,"current":0}
{"_e":"metro:bundling:progress","_t":1790941412502,"id":"1","progress":0.8287628777000996,"total":1071,"current":975}
{"_e":"metro:bundling:progress","_t":1790941412502,"id":"2","progress":0,"total":1,"current":0}
{"_e":"metro:bundling:progress","_t":1790941412607,"id":"1","progress":0.8326137691638145,"total":1074,"current":980}
{"_e":"metro:bundling:progress","_t":1790941412607,"id":"2","progress":0,"total":1,"current":0}
{"_e":"metro:bundling:progress","_t":1790941412757,"id":"1","progress":0.8350470392298501,"total":1079,"current":986}
{"_e":"metro:bundling:progress","_t":1790941412757,"id":"2","progress":0,"total":1,"current":0}
{"_e":"metro:bundling:progress","_t":1790941412860,"id":"1","progress":0.845378086419753,"total":1080,"current":993}
{"_e":"metro:bundling:progress","_t":1790941412860,"id":"2","progress":0,"total":1,"current":0}
{"_e":"metro:bundling:progress","_t":1790941412961,"id":"1","progress":0.845378086419753,"total":1084,"current":996}
{"_e":"metro:bundling:progress","_t":1790941412961,"id":"2","progress":0,"total":1,"current":0}
{"_e":"metro:bundling:progress","_t":1790941413066,"id":"1","progress":0.845378086419753,"total":1088,"current":998}
{"_e":"metro:bundling:progress","_t":1790941413075,"id":"2","progress":0,"total":1,"current":0}
{"_e":"metro:bundling:progress","_t":1790941413165,"id":"1","progress":0.856645524708045,"total":1088,"current":1007}
{"_e":"metro:bundling:progress","_t":1790941413165,"id":"2","progress":0,"total":1,"current":0}
{"_e":"metro:bundling:progress","_t":1790941413271,"id":"1","progress":0.862001515023988,"total":1090,"current":1012}
{"_e":"metro:bundling:progress","_t":1790941413271,"id":"2","progress":0,"total":1,"current":0}
{"_e":"metro:bundling:progress","_t":1790941413375,"id":"1","progress":0.8673544861731676,"total":1092,"current":1017}
{"_e":"metro:bundling:progress","_t":1790941413375,"id":"2","progress":0,"total":1,"current":0}
{"_e":"metro:bundling:progress","_t":1790941413485,"id":"1","progress":0.8673544861731676,"total":1097,"current":1020}
{"_e":"metro:bundling:progress","_t":1790941413486,"id":"2","progress":0,"total":1,"current":0}
{"_e":"metro:bundling:progress","_t":1790941413585,"id":"1","progress":0.8673544861731676,"total":1103,"current":1025}
{"_e":"metro:bundling:progress","_t":1790941413585,"id":"2","progress":0,"total":1,"current":0}
{"_e":"metro:bundling:progress","_t":1790941413686,"id":"1","progress":0.8722376691713929,"total":1105,"current":1032}
{"_e":"metro:bundling:progress","_t":1790941413699,"id":"2","progress":0,"total":1,"current":0}
{"_e":"metro:bundling:progress","_t":1790941413789,"id":"1","progress":0.8841104809483835,"total":1105,"current":1039}
{"_e":"metro:bundling:progress","_t":1790941413789,"id":"2","progress":0,"total":1,"current":0}
{"_e":"metro:bundling:progress","_t":1790941413909,"id":"1","progress":0.8861129755372806,"total":1108,"current":1043}
{"_e":"metro:bundling:progress","_t":1790941413918,"id":"2","progress":0,"total":1,"current":0}
{"_e":"metro:bundling:progress","_t":1790941414025,"id":"1","progress":0.887812952078093,"total":1108,"current":1044}
{"_e":"metro:bundling:progress","_t":1790941414025,"id":"2","progress":0,"total":1,"current":0}
{"_e":"metro:bundling:progress","_t":1790941414127,"id":"1","progress":0.89150310170531,"total":1111,"current":1049}
{"_e":"metro:bundling:progress","_t":1790941414127,"id":"2","progress":0,"total":1,"current":0}
{"_e":"metro:bundling:progress","_t":1790941414242,"id":"1","progress":0.89150310170531,"total":1117,"current":1053}
{"_e":"metro:bundling:progress","_t":1790941414242,"id":"2","progress":0,"total":1,"current":0}
{"_e":"metro:bundling:progress","_t":1790941414358,"id":"1","progress":0.9005449274618916,"total":1117,"current":1060}
{"_e":"metro:bundling:progress","_t":1790941414358,"id":"2","progress":0,"total":1,"current":0}
{"_e":"metro:bundling:progress","_t":1790941414472,"id":"1","progress":0.9005449274618916,"total":1117,"current":1060}
{"_e":"metro:bundling:progress","_t":1790941414472,"id":"2","progress":0.0625,"total":16,"current":4}
{"_e":"metro:bundling:progress","_t":1790941414572,"id":"1","progress":0.9005449274618916,"total":1117,"current":1060}
{"_e":"metro:bundling:progress","_t":1790941414572,"id":"2","progress":0.0625,"total":20,"current":5}
{"_e":"metro:bundling:progress","_t":1790941414649,"id":"1","progress":0.9074351720584611,"total":1118,"current":1065}
{"_e":"metro:bundling:progress","_t":1790941414649,"id":"2","progress":0.0625,"total":20,"current":5}
{"_e":"metro:bundling:progress","_t":1790941414750,"id":"1","progress":0.9109243939078121,"total":1119,"current":1068}
{"_e":"metro:bundling:progress","_t":1790941414750,"id":"2","progress":0.0625,"total":20,"current":5}
{"_e":"metro:bundling:progress","_t":1790941414864,"id":"1","progress":0.9178324298469388,"total":1120,"current":1073}
{"_e":"metro:bundling:progress","_t":1790941414864,"id":"2","progress":0.0625,"total":20,"current":5}
{"_e":"metro:bundling:progress","_t":1790941414964,"id":"1","progress":0.9179757626596255,"total":1122,"current":1075}
{"_e":"metro:bundling:progress","_t":1790941414965,"id":"2","progress":0.0625,"total":20,"current":5}
{"_e":"metro:bundling:progress","_t":1790941415101,"id":"1","progress":0.9198243436633274,"total":1124,"current":1078}
{"_e":"metro:bundling:progress","_t":1790941415102,"id":"2","progress":0.0625,"total":20,"current":5}
{"_e":"metro:bundling:progress","_t":1790941415209,"id":"1","progress":0.9233074567901235,"total":1125,"current":1081}
{"_e":"metro:bundling:progress","_t":1790941415209,"id":"2","progress":0.0625,"total":20,"current":5}
{"_e":"metro:bundling:progress","_t":1790941415381,"id":"1","progress":0.9234408473470018,"total":1127,"current":1083}
{"_e":"metro:bundling:progress","_t":1790941415381,"id":"2","progress":0.0625,"total":20,"current":5}
{"_e":"metro:bundling:progress","_t":1790941415493,"id":"1","progress":0.9251469732601963,"total":1127,"current":1084}
{"_e":"metro:bundling:progress","_t":1790941415493,"id":"2","progress":0.0625,"total":20,"current":5}
{"_e":"metro:bundling:progress","_t":1790941415600,"id":"1","progress":0.9252120429052865,"total":1128,"current":1085}
{"_e":"metro:bundling:progress","_t":1790941415634,"id":"2","progress":0.0625,"total":20,"current":5}
{"_e":"metro:bundling:progress","_t":1790941415682,"id":"1","progress":0.9269182888184698,"total":1128,"current":1086}
{"_e":"metro:bundling:progress","_t":1790941415682,"id":"2","progress":0.0625,"total":20,"current":5}
{"_e":"metro:bundling:progress","_t":1790941415841,"id":"1","progress":0.9286261065841758,"total":1128,"current":1087}
{"_e":"metro:bundling:progress","_t":1790941415841,"id":"2","progress":0.0625,"total":20,"current":5}
{"_e":"metro:bundling:progress","_t":1790941415979,"id":"1","progress":0.9286261065841758,"total":1136,"current":1090}
{"_e":"metro:bundling:progress","_t":1790941415979,"id":"2","progress":0.0625,"total":20,"current":5}
{"_e":"metro:bundling:progress","_t":1790941416102,"id":"1","progress":0.9286261065841758,"total":1137,"current":1091}
{"_e":"metro:bundling:progress","_t":1790941416102,"id":"2","progress":0.0625,"total":20,"current":5}
{"_e":"metro:bundling:progress","_t":1790941416240,"id":"1","progress":0.9286261065841758,"total":1144,"current":1093}
{"_e":"metro:bundling:progress","_t":1790941416268,"id":"2","progress":0.0625,"total":20,"current":5}
{"_e":"metro:bundling:progress","_t":1790941416347,"id":"1","progress":0.9286261065841758,"total":1144,"current":1094}
{"_e":"metro:bundling:progress","_t":1790941416348,"id":"2","progress":0.0625,"total":20,"current":5}
{"_e":"metro:bundling:progress","_t":1790941416449,"id":"1","progress":0.9286261065841758,"total":1145,"current":1097}
{"_e":"metro:bundling:progress","_t":1790941416452,"id":"2","progress":0.0625,"total":20,"current":5}
{"_e":"metro:bundling:progress","_t":1790941416559,"id":"1","progress":0.9286261065841758,"total":1148,"current":1098}
{"_e":"metro:bundling:progress","_t":1790941416559,"id":"2","progress":0.0625,"total":20,"current":5}
{"_e":"metro:bundling:progress","_t":1790941416661,"id":"1","progress":0.9286261065841758,"total":1156,"current":1101}
{"_e":"metro:bundling:progress","_t":1790941416662,"id":"2","progress":0.0625,"total":20,"current":5}
{"_e":"metro:bundling:progress","_t":1790941416762,"id":"1","progress":0.9286261065841758,"total":1157,"current":1103}
{"_e":"metro:bundling:progress","_t":1790941416762,"id":"2","progress":0.0625,"total":20,"current":5}
{"_e":"metro:bundling:progress","_t":1790941416863,"id":"1","progress":0.9286261065841758,"total":1160,"current":1107}
{"_e":"metro:bundling:progress","_t":1790941416863,"id":"2","progress":0.0625,"total":20,"current":5}
{"_e":"metro:bundling:progress","_t":1790941416964,"id":"1","progress":0.9286261065841758,"total":1162,"current":1110}
{"_e":"metro:bundling:progress","_t":1790941416976,"id":"2","progress":0.0625,"total":20,"current":5}
{"_e":"metro:bundling:progress","_t":1790941417073,"id":"1","progress":0.9286261065841758,"total":1166,"current":1113}
{"_e":"metro:bundling:progress","_t":1790941417074,"id":"2","progress":0.0625,"total":20,"current":5}
{"_e":"metro:bundling:progress","_t":1790941417174,"id":"1","progress":0.9286261065841758,"total":1166,"current":1113}
{"_e":"metro:bundling:progress","_t":1790941417174,"id":"2","progress":0.1111111111111111,"total":21,"current":7}
{"_e":"metro:bundling:progress","_t":1790941417279,"id":"1","progress":0.9286261065841758,"total":1166,"current":1113}
{"_e":"metro:bundling:progress","_t":1790941417279,"id":"2","progress":0.1111111111111111,"total":39,"current":13}
{"_e":"metro:bundling:progress","_t":1790941417468,"id":"1","progress":0.9286261065841758,"total":1166,"current":1113}
{"_e":"metro:bundling:progress","_t":1790941417469,"id":"2","progress":0.15311909262759926,"total":46,"current":18}
{"_e":"metro:bundling:progress","_t":1790941417579,"id":"1","progress":0.9286261065841758,"total":1166,"current":1113}
{"_e":"metro:bundling:progress","_t":1790941417579,"id":"2","progress":0.15311909262759926,"total":108,"current":19}
{"_e":"metro:bundling:progress","_t":1790941417858,"id":"1","progress":0.9286261065841758,"total":1166,"current":1113}
{"_e":"metro:bundling:progress","_t":1790941417858,"id":"2","progress":0.15311909262759926,"total":113,"current":20}
{"_e":"metro:bundling:progress","_t":1790941417975,"id":"1","progress":0.9286261065841758,"total":1166,"current":1121}
{"_e":"metro:bundling:progress","_t":1790941417975,"id":"2","progress":0.15311909262759926,"total":113,"current":20}
{"_e":"metro:bundling:progress","_t":1790941418046,"id":"1","progress":0.9286261065841758,"total":1166,"current":1122}
{"_e":"metro:bundling:progress","_t":1790941418046,"id":"2","progress":0.15311909262759926,"total":113,"current":20}
{"_e":"metro:bundling:progress","_t":1790941418152,"id":"1","progress":0.9286261065841758,"total":1166,"current":1123}
{"_e":"metro:bundling:progress","_t":1790941418152,"id":"2","progress":0.15311909262759926,"total":113,"current":20}
{"_e":"metro:bundling:progress","_t":1790941418230,"id":"1","progress":0.9292563160325872,"total":1166,"current":1124}
{"_e":"metro:bundling:progress","_t":1790941418230,"id":"2","progress":0.15311909262759926,"total":113,"current":20}
{"_e":"metro:bundling:progress","_t":1790941418334,"id":"1","progress":0.9309105325562169,"total":1166,"current":1125}
{"_e":"metro:bundling:progress","_t":1790941418334,"id":"2","progress":0.15311909262759926,"total":113,"current":20}
{"_e":"metro:bundling:progress","_t":1790941418466,"id":"1","progress":0.9358820085380816,"total":1166,"current":1128}
{"_e":"metro:bundling:progress","_t":1790941418466,"id":"2","progress":0.15311909262759926,"total":113,"current":20}
{"_e":"metro:bundling:progress","_t":1790941418595,"id":"1","progress":0.9358820085380816,"total":1168,"current":1129}
{"_e":"metro:bundling:progress","_t":1790941418595,"id":"2","progress":0.15311909262759926,"total":113,"current":20}
{"_e":"metro:bundling:progress","_t":1790941418696,"id":"1","progress":0.9358820085380816,"total":1172,"current":1130}
{"_e":"metro:bundling:progress","_t":1790941418696,"id":"2","progress":0.15311909262759926,"total":113,"current":20}
{"_e":"metro:bundling:started","_t":1790941418809,"id":"3","platform":"web","environment":null,"entry":"node_modules\\expo-router\\entry.js"}
{"_e":"metro:bundling:progress","_t":1790941418809,"id":"1","progress":0.9358820085380816,"total":1172,"current":1130}
{"_e":"metro:bundling:progress","_t":1790941418809,"id":"2","progress":0.15311909262759926,"total":113,"current":20}
{"_e":"metro:bundling:progress","_t":1790941418809,"id":"3","progress":0,"total":1,"current":0}
{"_e":"metro:bundling:progress","_t":1790941418847,"id":"1","progress":0.9358820085380816,"total":1172,"current":1131}
{"_e":"metro:bundling:progress","_t":1790941418847,"id":"2","progress":0.15311909262759926,"total":113,"current":20}
{"_e":"metro:bundling:progress","_t":1790941418847,"id":"3","progress":0,"total":1,"current":0}
{"_e":"metro:bundling:progress","_t":1790941419023,"id":"1","progress":0.9358820085380816,"total":1173,"current":1131}
{"_e":"metro:bundling:progress","_t":1790941419023,"id":"2","progress":0.15311909262759926,"total":113,"current":20}
{"_e":"metro:bundling:progress","_t":1790941419023,"id":"3","progress":0,"total":1,"current":0}
{"_e":"metro:bundling:progress","_t":1790941419091,"id":"1","progress":0.9358820085380816,"total":1173,"current":1132}
{"_e":"metro:bundling:progress","_t":1790941419091,"id":"2","progress":0.15311909262759926,"total":113,"current":20}
{"_e":"metro:bundling:progress","_t":1790941419091,"id":"3","progress":0,"total":1,"current":0}
{"_e":"metro:bundling:progress","_t":1790941419193,"id":"1","progress":0.9358820085380816,"total":1181,"current":1136}
{"_e":"metro:bundling:progress","_t":1790941419193,"id":"2","progress":0.15311909262759926,"total":113,"current":20}
{"_e":"metro:bundling:progress","_t":1790941419193,"id":"3","progress":0,"total":1,"current":0}
{"_e":"metro:bundling:progress","_t":1790941419298,"id":"1","progress":0.9358820085380816,"total":1181,"current":1138}
{"_e":"metro:bundling:progress","_t":1790941419298,"id":"2","progress":0.15311909262759926,"total":113,"current":20}
{"_e":"metro:bundling:progress","_t":1790941419298,"id":"3","progress":0,"total":1,"current":0}
{"_e":"metro:bundling:progress","_t":1790941419398,"id":"1","progress":0.9358820085380816,"total":1184,"current":1142}
{"_e":"metro:bundling:progress","_t":1790941419398,"id":"2","progress":0.15311909262759926,"total":113,"current":20}
{"_e":"metro:bundling:progress","_t":1790941419398,"id":"3","progress":0,"total":1,"current":0}
{"_e":"metro:bundling:progress","_t":1790941419500,"id":"1","progress":0.9384765625,"total":1184,"current":1147}
{"_e":"metro:bundling:progress","_t":1790941419505,"id":"2","progress":0.15311909262759926,"total":113,"current":20}
{"_e":"metro:bundling:progress","_t":1790941419505,"id":"3","progress":0,"total":1,"current":0}
{"_e":"metro:bundling:progress","_t":1790941419602,"id":"1","progress":0.9434862604472072,"total":1186,"current":1152}
{"_e":"metro:bundling:progress","_t":1790941419602,"id":"2","progress":0.15311909262759926,"total":113,"current":20}
{"_e":"metro:bundling:progress","_t":1790941419602,"id":"3","progress":0,"total":1,"current":0}
{"_e":"metro:bundling:progress","_t":1790941419701,"id":"1","progress":0.9484066498127395,"total":1186,"current":1155}
{"_e":"metro:bundling:progress","_t":1790941419701,"id":"2","progress":0.15311909262759926,"total":113,"current":20}
{"_e":"metro:bundling:progress","_t":1790941419701,"id":"3","progress":0,"total":1,"current":0}
{"_e":"metro:bundling:progress","_t":1790941419801,"id":"1","progress":0.9484495400537556,"total":1187,"current":1156}
{"_e":"metro:bundling:progress","_t":1790941419801,"id":"2","progress":0.15311909262759926,"total":113,"current":20}
{"_e":"metro:bundling:progress","_t":1790941419801,"id":"3","progress":0,"total":1,"current":0}
{"_e":"metro:bundling:progress","_t":1790941419910,"id":"1","progress":0.9484495400537556,"total":1193,"current":1160}
{"_e":"metro:bundling:progress","_t":1790941419913,"id":"2","progress":0.15311909262759926,"total":113,"current":20}
{"_e":"metro:bundling:progress","_t":1790941419913,"id":"3","progress":0,"total":1,"current":0}
{"_e":"metro:bundling:progress","_t":1790941420041,"id":"1","progress":0.9484495400537556,"total":1197,"current":1165}
{"_e":"metro:bundling:progress","_t":1790941420041,"id":"2","progress":0.15311909262759926,"total":113,"current":20}
{"_e":"metro:bundling:progress","_t":1790941420041,"id":"3","progress":0,"total":1,"current":0}
{"_e":"metro:bundling:progress","_t":1790941420161,"id":"1","progress":0.9484495400537556,"total":1197,"current":1165}
{"_e":"metro:bundling:progress","_t":1790941420161,"id":"2","progress":0.15311909262759926,"total":116,"current":22}
{"_e":"metro:bundling:progress","_t":1790941420161,"id":"3","progress":0,"total":1,"current":0}
{"_e":"metro:bundling:progress","_t":1790941420281,"id":"1","progress":0.9484495400537556,"total":1197,"current":1165}
{"_e":"metro:bundling:progress","_t":1790941420292,"id":"2","progress":0.15311909262759926,"total":125,"current":26}
{"_e":"metro:bundling:progress","_t":1790941420292,"id":"3","progress":0,"total":1,"current":0}
{"_e":"metro:bundling:progress","_t":1790941420387,"id":"1","progress":0.9484495400537556,"total":1197,"current":1165}
{"_e":"metro:bundling:progress","_t":1790941420392,"id":"2","progress":0.15311909262759926,"total":149,"current":33}
{"_e":"metro:bundling:progress","_t":1790941420392,"id":"3","progress":0,"total":1,"current":0}
{"_e":"metro:bundling:progress","_t":1790941420486,"id":"1","progress":0.9484495400537556,"total":1197,"current":1165}
{"_e":"metro:bundling:progress","_t":1790941420486,"id":"2","progress":0.15311909262759926,"total":158,"current":39}
{"_e":"metro:bundling:progress","_t":1790941420486,"id":"3","progress":0,"total":1,"current":0}
{"_e":"metro:bundling:progress","_t":1790941420587,"id":"1","progress":0.9484495400537556,"total":1197,"current":1165}
{"_e":"metro:bundling:progress","_t":1790941420587,"id":"2","progress":0.15311909262759926,"total":170,"current":44}
{"_e":"metro:bundling:progress","_t":1790941420587,"id":"3","progress":0,"total":1,"current":0}
{"_e":"metro:bundling:progress","_t":1790941420713,"id":"1","progress":0.9484495400537556,"total":1197,"current":1165}
{"_e":"metro:bundling:progress","_t":1790941420713,"id":"2","progress":0.15311909262759926,"total":176,"current":47}
{"_e":"metro:bundling:progress","_t":1790941420713,"id":"3","progress":0,"total":1,"current":0}
{"_e":"metro:bundling:progress","_t":1790941420817,"id":"1","progress":0.9484495400537556,"total":1197,"current":1165}
{"_e":"metro:bundling:progress","_t":1790941420817,"id":"2","progress":0.15311909262759926,"total":180,"current":52}
{"_e":"metro:bundling:progress","_t":1790941420817,"id":"3","progress":0,"total":1,"current":0}
{"_e":"metro:bundling:progress","_t":1790941420931,"id":"1","progress":0.9484495400537556,"total":1197,"current":1165}
{"_e":"metro:bundling:progress","_t":1790941420931,"id":"2","progress":0.15311909262759926,"total":185,"current":56}
{"_e":"metro:bundling:progress","_t":1790941420931,"id":"3","progress":0,"total":1,"current":0}
{"_e":"metro:bundling:progress","_t":1790941421034,"id":"1","progress":0.9484495400537556,"total":1197,"current":1165}
{"_e":"metro:bundling:progress","_t":1790941421042,"id":"2","progress":0.15311909262759926,"total":186,"current":60}
{"_e":"metro:bundling:progress","_t":1790941421042,"id":"3","progress":0,"total":1,"current":0}
{"_e":"metro:bundling:progress","_t":1790941421143,"id":"1","progress":0.9484495400537556,"total":1197,"current":1165}
{"_e":"metro:bundling:progress","_t":1790941421143,"id":"2","progress":0.15311909262759926,"total":191,"current":65}
{"_e":"metro:bundling:progress","_t":1790941421143,"id":"3","progress":0,"total":1,"current":0}
{"_e":"metro:bundling:progress","_t":1790941421254,"id":"1","progress":0.9484495400537556,"total":1197,"current":1165}
{"_e":"metro:bundling:progress","_t":1790941421254,"id":"2","progress":0.15311909262759926,"total":194,"current":70}
{"_e":"metro:bundling:progress","_t":1790941421254,"id":"3","progress":0,"total":1,"current":0}
{"_e":"metro:bundling:progress","_t":1790941421355,"id":"1","progress":0.9484495400537556,"total":1197,"current":1165}
{"_e":"metro:bundling:progress","_t":1790941421355,"id":"2","progress":0.15311909262759926,"total":219,"current":73}
{"_e":"metro:bundling:progress","_t":1790941421355,"id":"3","progress":0,"total":1,"current":0}
{"_e":"metro:bundling:progress","_t":1790941421457,"id":"1","progress":0.9484495400537556,"total":1197,"current":1165}
{"_e":"metro:bundling:progress","_t":1790941421457,"id":"2","progress":0.15311909262759926,"total":227,"current":80}
{"_e":"metro:bundling:progress","_t":1790941421457,"id":"3","progress":0,"total":1,"current":0}
{"_e":"metro:bundling:progress","_t":1790941421560,"id":"1","progress":0.9484495400537556,"total":1197,"current":1165}
{"_e":"metro:bundling:progress","_t":1790941421560,"id":"2","progress":0.15311909262759926,"total":227,"current":81}
{"_e":"metro:bundling:progress","_t":1790941421560,"id":"3","progress":0,"total":1,"current":0}
{"_e":"metro:bundling:progress","_t":1790941421663,"id":"1","progress":0.9484495400537556,"total":1197,"current":1165}
{"_e":"metro:bundling:progress","_t":1790941421664,"id":"2","progress":0.15311909262759926,"total":232,"current":84}
{"_e":"metro:bundling:progress","_t":1790941421664,"id":"3","progress":0,"total":1,"current":0}
{"_e":"metro:bundling:progress","_t":1790941421775,"id":"1","progress":0.9484495400537556,"total":1197,"current":1165}
{"_e":"metro:bundling:progress","_t":1790941421777,"id":"2","progress":0.15311909262759926,"total":240,"current":89}
{"_e":"metro:bundling:progress","_t":1790941421777,"id":"3","progress":0,"total":1,"current":0}
{"_e":"metro:bundling:progress","_t":1790941421908,"id":"1","progress":0.9484495400537556,"total":1197,"current":1165}
{"_e":"metro:bundling:progress","_t":1790941421908,"id":"2","progress":0.15311909262759926,"total":246,"current":92}
{"_e":"metro:bundling:progress","_t":1790941421908,"id":"3","progress":0,"total":1,"current":0}
{"_e":"metro:bundling:progress","_t":1790941422038,"id":"1","progress":0.9484495400537556,"total":1197,"current":1165}
{"_e":"metro:bundling:progress","_t":1790941422038,"id":"2","progress":0.15311909262759926,"total":250,"current":94}
{"_e":"metro:bundling:progress","_t":1790941422038,"id":"3","progress":0,"total":1,"current":0}
{"_e":"metro:bundling:progress","_t":1790941422146,"id":"1","progress":0.9484495400537556,"total":1197,"current":1165}
{"_e":"metro:bundling:progress","_t":1790941422146,"id":"2","progress":0.1562280304332203,"total":253,"current":100}
{"_e":"metro:bundling:progress","_t":1790941422146,"id":"3","progress":0,"total":1,"current":0}
{"_e":"metro:bundling:progress","_t":1790941422250,"id":"1","progress":0.9484495400537556,"total":1197,"current":1165}
{"_e":"metro:bundling:progress","_t":1790941422253,"id":"2","progress":0.1695501730103806,"total":255,"current":105}
{"_e":"metro:bundling:progress","_t":1790941422253,"id":"3","progress":0,"total":1,"current":0}
{"_e":"metro:bundling:progress","_t":1790941422353,"id":"1","progress":0.9484495400537556,"total":1197,"current":1165}
{"_e":"metro:bundling:progress","_t":1790941422353,"id":"2","progress":0.1888905325443787,"total":260,"current":113}
{"_e":"metro:bundling:progress","_t":1790941422353,"id":"3","progress":0,"total":1,"current":0}
{"_e":"metro:bundling:progress","_t":1790941422461,"id":"1","progress":0.9490006944444443,"total":1200,"current":1169}
{"_e":"metro:bundling:progress","_t":1790941422466,"id":"2","progress":0.1888905325443787,"total":260,"current":113}
{"_e":"metro:bundling:progress","_t":1790941422466,"id":"3","progress":0,"total":1,"current":0}
{"_e":"metro:bundling:progress","_t":1790941422564,"id":"1","progress":0.9490006944444443,"total":1205,"current":1171}
{"_e":"metro:bundling:progress","_t":1790941422565,"id":"2","progress":0.1888905325443787,"total":260,"current":113}
{"_e":"metro:bundling:progress","_t":1790941422565,"id":"3","progress":0,"total":1,"current":0}
{"_e":"metro:bundling:progress","_t":1790941422665,"id":"1","progress":0.9490006944444443,"total":1206,"current":1174}
{"_e":"metro:bundling:progress","_t":1790941422666,"id":"2","progress":0.1888905325443787,"total":260,"current":113}
{"_e":"metro:bundling:progress","_t":1790941422666,"id":"3","progress":0,"total":1,"current":0}
{"_e":"metro:bundling:progress","_t":1790941422765,"id":"1","progress":0.9494167065091182,"total":1210,"current":1179}
{"_e":"metro:bundling:progress","_t":1790941422765,"id":"2","progress":0.1888905325443787,"total":260,"current":113}
{"_e":"metro:bundling:progress","_t":1790941422765,"id":"3","progress":0,"total":1,"current":0}
{"_e":"metro:bundling:progress","_t":1790941422865,"id":"1","progress":0.949581217481931,"total":1214,"current":1183}
{"_e":"metro:bundling:progress","_t":1790941422865,"id":"2","progress":0.1888905325443787,"total":260,"current":113}
{"_e":"metro:bundling:progress","_t":1790941422866,"id":"3","progress":0,"total":1,"current":0}
{"_e":"metro:bundling:progress","_t":1790941422968,"id":"1","progress":0.949581217481931,"total":1221,"current":1187}
{"_e":"metro:bundling:progress","_t":1790941422968,"id":"2","progress":0.1888905325443787,"total":260,"current":113}
{"_e":"metro:bundling:progress","_t":1790941422968,"id":"3","progress":0,"total":1,"current":0}
{"_e":"metro:bundling:progress","_t":1790941423081,"id":"1","progress":0.949581217481931,"total":1223,"current":1190}
{"_e":"metro:bundling:progress","_t":1790941423081,"id":"2","progress":0.1888905325443787,"total":260,"current":113}
{"_e":"metro:bundling:progress","_t":1790941423081,"id":"3","progress":0,"total":1,"current":0}
{"_e":"metro:bundling:progress","_t":1790941423184,"id":"1","progress":0.949581217481931,"total":1254,"current":1194}
{"_e":"metro:bundling:progress","_t":1790941423184,"id":"2","progress":0.1888905325443787,"total":260,"current":113}
{"_e":"metro:bundling:progress","_t":1790941423184,"id":"3","progress":0,"total":1,"current":0}
{"_e":"metro:bundling:progress","_t":1790941423296,"id":"1","progress":0.949581217481931,"total":1254,"current":1194}
{"_e":"metro:bundling:progress","_t":1790941423296,"id":"2","progress":0.1953176506894472,"total":267,"current":118}
{"_e":"metro:bundling:progress","_t":1790941423296,"id":"3","progress":0,"total":1,"current":0}
{"_e":"metro:bundling:progress","_t":1790941423431,"id":"1","progress":0.949581217481931,"total":1254,"current":1196}
{"_e":"metro:bundling:progress","_t":1790941423431,"id":"2","progress":0.1953176506894472,"total":267,"current":118}
{"_e":"metro:bundling:progress","_t":1790941423431,"id":"3","progress":0,"total":1,"current":0}
{"_e":"metro:bundling:progress","_t":1790941423532,"id":"1","progress":0.949581217481931,"total":1254,"current":1198}
{"_e":"metro:bundling:progress","_t":1790941423532,"id":"2","progress":0.1953176506894472,"total":267,"current":118}
{"_e":"metro:bundling:progress","_t":1790941423532,"id":"3","progress":0,"total":1,"current":0}
{"_e":"metro:bundling:progress","_t":1790941423642,"id":"1","progress":0.949581217481931,"total":1254,"current":1198}
{"_e":"metro:bundling:progress","_t":1790941423643,"id":"2","progress":0.20199469763918695,"total":267,"current":120}
{"_e":"metro:bundling:progress","_t":1790941423643,"id":"3","progress":0,"total":1,"current":0}
{"_e":"metro:bundling:progress","_t":1790941423752,"id":"1","progress":0.949581217481931,"total":1254,"current":1198}
{"_e":"metro:bundling:progress","_t":1790941423753,"id":"2","progress":0.21091906721536352,"total":270,"current":124}
{"_e":"metro:bundling:progress","_t":1790941423753,"id":"3","progress":0,"total":1,"current":0}
{"_e":"metro:bundling:progress","_t":1790941423860,"id":"1","progress":0.949581217481931,"total":1254,"current":1198}
{"_e":"metro:bundling:progress","_t":1790941423870,"id":"2","progress":0.211194312283737,"total":272,"current":125}
{"_e":"metro:bundling:progress","_t":1790941423870,"id":"3","progress":0,"total":1,"current":0}
{"_e":"metro:bundling:progress","_t":1790941423962,"id":"1","progress":0.949581217481931,"total":1254,"current":1198}
{"_e":"metro:bundling:progress","_t":1790941423962,"id":"2","progress":0.2198338901635605,"total":273,"current":128}
{"_e":"metro:bundling:progress","_t":1790941423962,"id":"3","progress":0,"total":1,"current":0}
{"_e":"metro:bundling:progress","_t":1790941424066,"id":"1","progress":0.949581217481931,"total":1254,"current":1198}
{"_e":"metro:bundling:progress","_t":1790941424066,"id":"2","progress":0.22724528204930564,"total":279,"current":133}
{"_e":"metro:bundling:progress","_t":1790941424066,"id":"3","progress":0,"total":1,"current":0}
{"_e":"metro:bundling:progress","_t":1790941424173,"id":"1","progress":0.949581217481931,"total":1254,"current":1198}
{"_e":"metro:bundling:progress","_t":1790941424173,"id":"2","progress":0.22724528204930564,"total":286,"current":136}
{"_e":"metro:bundling:progress","_t":1790941424173,"id":"3","progress":0,"total":1,"current":0}
{"_e":"metro:bundling:progress","_t":1790941424284,"id":"1","progress":0.949581217481931,"total":1254,"current":1198}
{"_e":"metro:bundling:progress","_t":1790941424285,"id":"2","progress":0.22724528204930564,"total":296,"current":140}
{"_e":"metro:bundling:progress","_t":1790941424285,"id":"3","progress":0,"total":1,"current":0}
{"_e":"metro:bundling:progress","_t":1790941424412,"id":"1","progress":0.949581217481931,"total":1254,"current":1198}
{"_e":"metro:bundling:progress","_t":1790941424412,"id":"2","progress":0.22724528204930564,"total":312,"current":146}
{"_e":"metro:bundling:progress","_t":1790941424412,"id":"3","progress":0,"total":1,"current":0}
{"_e":"metro:bundling:progress","_t":1790941424517,"id":"1","progress":0.949581217481931,"total":1254,"current":1198}
{"_e":"metro:bundling:progress","_t":1790941424517,"id":"2","progress":0.22724528204930564,"total":312,"current":147}
{"_e":"metro:bundling:progress","_t":1790941424517,"id":"3","progress":0,"total":1,"current":0}
{"_e":"metro:bundling:progress","_t":1790941424631,"id":"1","progress":0.949581217481931,"total":1254,"current":1198}
{"_e":"metro:bundling:progress","_t":1790941424631,"id":"2","progress":0.23113905325443787,"total":312,"current":150}
{"_e":"metro:bundling:progress","_t":1790941424631,"id":"3","progress":0,"total":1,"current":0}
{"_e":"metro:bundling:progress","_t":1790941424740,"id":"1","progress":0.949581217481931,"total":1254,"current":1198}
{"_e":"metro:bundling:progress","_t":1790941424740,"id":"2","progress":0.2421757605310034,"total":317,"current":156}
{"_e":"metro:bundling:progress","_t":1790941424740,"id":"3","progress":0,"total":1,"current":0}
{"_e":"metro:bundling:progress","_t":1790941424840,"id":"1","progress":0.949581217481931,"total":1254,"current":1198}
{"_e":"metro:bundling:progress","_t":1790941424840,"id":"2","progress":0.2421757605310034,"total":353,"current":161}
{"_e":"metro:bundling:progress","_t":1790941424840,"id":"3","progress":0,"total":1,"current":0}
{"_e":"metro:bundling:progress","_t":1790941424946,"id":"1","progress":0.949581217481931,"total":1254,"current":1198}
{"_e":"metro:bundling:progress","_t":1790941424946,"id":"2","progress":0.2421757605310034,"total":362,"current":165}
{"_e":"metro:bundling:progress","_t":1790941424946,"id":"3","progress":0,"total":1,"current":0}
{"_e":"metro:bundling:progress","_t":1790941425061,"id":"1","progress":0.949581217481931,"total":1254,"current":1198}
{"_e":"metro:bundling:progress","_t":1790941425061,"id":"2","progress":0.2421757605310034,"total":363,"current":170}
{"_e":"metro:bundling:progress","_t":1790941425061,"id":"3","progress":0,"total":1,"current":0}
{"_e":"metro:bundling:progress","_t":1790941425200,"id":"1","progress":0.949581217481931,"total":1254,"current":1198}
{"_e":"metro:bundling:progress","_t":1790941425200,"id":"2","progress":0.2421757605310034,"total":372,"current":174}
{"_e":"metro:bundling:progress","_t":1790941425200,"id":"3","progress":0,"total":1,"current":0}
{"_e":"metro:bundling:progress","_t":1790941425319,"id":"1","progress":0.949581217481931,"total":1254,"current":1198}
{"_e":"metro:bundling:progress","_t":1790941425319,"id":"2","progress":0.2421757605310034,"total":378,"current":177}
{"_e":"metro:bundling:progress","_t":1790941425319,"id":"3","progress":0,"total":1,"current":0}
{"_e":"metro:bundling:progress","_t":1790941425427,"id":"1","progress":0.949581217481931,"total":1254,"current":1198}
{"_e":"metro:bundling:progress","_t":1790941425428,"id":"2","progress":0.2421757605310034,"total":379,"current":180}
{"_e":"metro:bundling:progress","_t":1790941425428,"id":"3","progress":0,"total":1,"current":0}
{"_e":"metro:bundling:progress","_t":1790941425539,"id":"1","progress":0.949581217481931,"total":1254,"current":1198}
{"_e":"metro:bundling:progress","_t":1790941425539,"id":"2","progress":0.2421757605310034,"total":381,"current":184}
{"_e":"metro:bundling:progress","_t":1790941425539,"id":"3","progress":0,"total":1,"current":0}
{"_e":"metro:bundling:progress","_t":1790941425644,"id":"1","progress":0.949581217481931,"total":1254,"current":1198}
{"_e":"metro:bundling:progress","_t":1790941425644,"id":"2","progress":0.25130718731465884,"total":383,"current":192}
{"_e":"metro:bundling:progress","_t":1790941425644,"id":"3","progress":0,"total":1,"current":0}
{"_e":"metro:bundling:progress","_t":1790941425761,"id":"1","progress":0.949581217481931,"total":1254,"current":1198}
{"_e":"metro:bundling:progress","_t":1790941425762,"id":"2","progress":0.2777208715247718,"total":389,"current":205}
{"_e":"metro:bundling:progress","_t":1790941425762,"id":"3","progress":0,"total":1,"current":0}
{"_e":"metro:bundling:progress","_t":1790941425868,"id":"1","progress":0.949581217481931,"total":1254,"current":1198}
{"_e":"metro:bundling:progress","_t":1790941425868,"id":"2","progress":0.29548980933596314,"total":390,"current":212}
{"_e":"metro:bundling:progress","_t":1790941425868,"id":"3","progress":0,"total":1,"current":0}
{"_e":"metro:bundling:progress","_t":1790941425993,"id":"1","progress":0.949581217481931,"total":1254,"current":1198}
{"_e":"metro:bundling:progress","_t":1790941425993,"id":"2","progress":0.30895539694400775,"total":394,"current":219}
{"_e":"metro:bundling:progress","_t":1790941425993,"id":"3","progress":0,"total":1,"current":0}
{"_e":"metro:bundling:progress","_t":1790941426094,"id":"1","progress":0.949581217481931,"total":1254,"current":1198}
{"_e":"metro:bundling:progress","_t":1790941426095,"id":"2","progress":0.3179942337045622,"total":399,"current":225}
{"_e":"metro:bundling:progress","_t":1790941426095,"id":"3","progress":0,"total":1,"current":0}
{"_e":"metro:bundling:progress","_t":1790941426205,"id":"1","progress":0.949581217481931,"total":1254,"current":1198}
{"_e":"metro:bundling:progress","_t":1790941426208,"id":"2","progress":0.3241103813351632,"total":404,"current":230}
{"_e":"metro:bundling:progress","_t":1790941426209,"id":"3","progress":0,"total":1,"current":0}
{"_e":"metro:bundling:progress","_t":1790941426306,"id":"1","progress":0.949581217481931,"total":1254,"current":1198}
{"_e":"metro:bundling:progress","_t":1790941426306,"id":"2","progress":0.3412410547985491,"total":404,"current":236}
{"_e":"metro:bundling:progress","_t":1790941426307,"id":"3","progress":0,"total":1,"current":0}
{"_e":"metro:bundling:progress","_t":1790941426423,"id":"1","progress":0.949581217481931,"total":1254,"current":1198}
{"_e":"metro:bundling:progress","_t":1790941426423,"id":"2","progress":0.3529928682874923,"total":409,"current":243}
{"_e":"metro:bundling:progress","_t":1790941426423,"id":"3","progress":0,"total":1,"current":0}
{"_e":"metro:bundling:progress","_t":1790941426525,"id":"1","progress":0.949581217481931,"total":1254,"current":1198}
{"_e":"metro:bundling:progress","_t":1790941426525,"id":"2","progress":0.36293277810826885,"total":410,"current":247}
{"_e":"metro:bundling:progress","_t":1790941426525,"id":"3","progress":0,"total":1,"current":0}
{"_e":"metro:bundling:progress","_t":1790941426630,"id":"1","progress":0.949581217481931,"total":1254,"current":1198}
{"_e":"metro:bundling:progress","_t":1790941426630,"id":"2","progress":0.37411631633518705,"total":412,"current":252}
{"_e":"metro:bundling:progress","_t":1790941426630,"id":"3","progress":0,"total":1,"current":0}
{"_e":"metro:bundling:progress","_t":1790941426729,"id":"1","progress":0.949581217481931,"total":1254,"current":1198}
{"_e":"metro:bundling:progress","_t":1790941426729,"id":"2","progress":0.39138019557049175,"total":414,"current":259}
{"_e":"metro:bundling:progress","_t":1790941426729,"id":"3","progress":0,"total":1,"current":0}
{"_e":"metro:bundling:progress","_t":1790941426829,"id":"1","progress":0.949581217481931,"total":1254,"current":1198}
{"_e":"metro:bundling:progress","_t":1790941426829,"id":"2","progress":0.39138019557049175,"total":418,"current":261}
{"_e":"metro:bundling:progress","_t":1790941426829,"id":"3","progress":0,"total":1,"current":0}
{"_e":"metro:bundling:progress","_t":1790941426934,"id":"1","progress":0.949581217481931,"total":1254,"current":1198}
{"_e":"metro:bundling:progress","_t":1790941426934,"id":"2","progress":0.39138019557049175,"total":422,"current":262}
{"_e":"metro:bundling:progress","_t":1790941426934,"id":"3","progress":0,"total":1,"current":0}
{"_e":"metro:bundling:progress","_t":1790941426968,"id":"1","progress":0.949581217481931,"total":1259,"current":1201}
{"_e":"metro:bundling:progress","_t":1790941426968,"id":"2","progress":0.39138019557049175,"total":422,"current":262}
{"_e":"metro:bundling:progress","_t":1790941426968,"id":"3","progress":0,"total":1,"current":0}
{"_e":"metro:bundling:progress","_t":1790941427067,"id":"1","progress":0.949581217481931,"total":1314,"current":1203}
{"_e":"metro:bundling:progress","_t":1790941427067,"id":"2","progress":0.39138019557049175,"total":422,"current":262}
{"_e":"metro:bundling:progress","_t":1790941427085,"id":"3","progress":0,"total":1,"current":0}
{"_e":"metro:bundling:progress","_t":1790941427193,"id":"1","progress":0.949581217481931,"total":1314,"current":1203}
{"_e":"metro:bundling:progress","_t":1790941427193,"id":"2","progress":0.39138019557049175,"total":422,"current":263}
{"_e":"metro:bundling:progress","_t":1790941427193,"id":"3","progress":0,"total":1,"current":0}
{"_e":"metro:bundling:progress","_t":1790941427314,"id":"1","progress":0.949581217481931,"total":1314,"current":1205}
{"_e":"metro:bundling:progress","_t":1790941427314,"id":"2","progress":0.39138019557049175,"total":422,"current":263}
{"_e":"metro:bundling:progress","_t":1790941427314,"id":"3","progress":0,"total":1,"current":0}
{"_e":"metro:bundling:progress","_t":1790941427427,"id":"1","progress":0.949581217481931,"total":1314,"current":1209}
{"_e":"metro:bundling:progress","_t":1790941427427,"id":"2","progress":0.39138019557049175,"total":422,"current":263}
{"_e":"metro:bundling:progress","_t":1790941427427,"id":"3","progress":0,"total":1,"current":0}
{"_e":"metro:bundling:progress","_t":1790941427548,"id":"1","progress":0.949581217481931,"total":1314,"current":1210}
{"_e":"metro:bundling:progress","_t":1790941427548,"id":"2","progress":0.39138019557049175,"total":422,"current":263}
{"_e":"metro:bundling:progress","_t":1790941427548,"id":"3","progress":0,"total":1,"current":0}
{"_e":"metro:bundling:progress","_t":1790941427649,"id":"1","progress":0.949581217481931,"total":1314,"current":1213}
{"_e":"metro:bundling:progress","_t":1790941427652,"id":"2","progress":0.39138019557049175,"total":422,"current":263}
{"_e":"metro:bundling:progress","_t":1790941427652,"id":"3","progress":0,"total":1,"current":0}
{"_e":"metro:bundling:progress","_t":1790941427757,"id":"1","progress":0.949581217481931,"total":1318,"current":1217}
{"_e":"metro:bundling:progress","_t":1790941427762,"id":"2","progress":0.39138019557049175,"total":422,"current":263}
{"_e":"metro:bundling:progress","_t":1790941427762,"id":"3","progress":0,"total":1,"current":0}
{"_e":"metro:bundling:progress","_t":1790941427883,"id":"1","progress":0.949581217481931,"total":1324,"current":1222}
{"_e":"metro:bundling:progress","_t":1790941427883,"id":"2","progress":0.39138019557049175,"total":422,"current":263}
{"_e":"metro:bundling:progress","_t":1790941427883,"id":"3","progress":0,"total":1,"current":0}
{"_e":"metro:bundling:progress","_t":1790941427985,"id":"1","progress":0.949581217481931,"total":1324,"current":1222}
{"_e":"metro:bundling:progress","_t":1790941427987,"id":"2","progress":0.39138019557049175,"total":435,"current":265}
{"_e":"metro:bundling:progress","_t":1790941427987,"id":"3","progress":0,"total":1,"current":0}
{"_e":"metro:bundling:progress","_t":1790941428104,"id":"1","progress":0.949581217481931,"total":1324,"current":1230}
{"_e":"metro:bundling:progress","_t":1790941428104,"id":"2","progress":0.39138019557049175,"total":435,"current":265}
{"_e":"metro:bundling:progress","_t":1790941428104,"id":"3","progress":0,"total":1,"current":0}
{"_e":"metro:bundling:progress","_t":1790941428204,"id":"1","progress":0.949581217481931,"total":1325,"current":1235}
{"_e":"metro:bundling:progress","_t":1790941428204,"id":"2","progress":0.39138019557049175,"total":435,"current":265}
{"_e":"metro:bundling:progress","_t":1790941428204,"id":"3","progress":0,"total":1,"current":0}
{"_e":"metro:bundling:progress","_t":1790941428310,"id":"1","progress":0.949581217481931,"total":1325,"current":1237}
{"_e":"metro:bundling:progress","_t":1790941428311,"id":"2","progress":0.39138019557049175,"total":435,"current":265}
{"_e":"metro:bundling:progress","_t":1790941428311,"id":"3","progress":0,"total":1,"current":0}
{"_e":"metro:bundling:progress","_t":1790941428415,"id":"1","progress":0.949581217481931,"total":1328,"current":1244}
{"_e":"metro:bundling:progress","_t":1790941428415,"id":"2","progress":0.39138019557049175,"total":435,"current":265}
{"_e":"metro:bundling:progress","_t":1790941428416,"id":"3","progress":0,"total":1,"current":0}
{"_e":"metro:bundling:progress","_t":1790941428516,"id":"1","progress":0.949581217481931,"total":1328,"current":1249}
{"_e":"metro:bundling:progress","_t":1790941428516,"id":"2","progress":0.39138019557049175,"total":435,"current":265}
{"_e":"metro:bundling:progress","_t":1790941428516,"id":"3","progress":0,"total":1,"current":0}
{"_e":"metro:bundling:progress","_t":1790941428623,"id":"1","progress":0.949581217481931,"total":1328,"current":1253}
{"_e":"metro:bundling:progress","_t":1790941428623,"id":"2","progress":0.39138019557049175,"total":435,"current":265}
{"_e":"metro:bundling:progress","_t":1790941428623,"id":"3","progress":0,"total":1,"current":0}
{"_e":"metro:bundling:progress","_t":1790941428723,"id":"1","progress":0.949581217481931,"total":1328,"current":1253}
{"_e":"metro:bundling:progress","_t":1790941428723,"id":"2","progress":0.39138019557049175,"total":438,"current":270}
{"_e":"metro:bundling:progress","_t":1790941428723,"id":"3","progress":0,"total":1,"current":0}
{"_e":"metro:bundling:progress","_t":1790941428826,"id":"1","progress":0.949581217481931,"total":1328,"current":1258}
{"_e":"metro:bundling:progress","_t":1790941428826,"id":"2","progress":0.39138019557049175,"total":438,"current":270}
{"_e":"metro:bundling:progress","_t":1790941428826,"id":"3","progress":0,"total":1,"current":0}
{"_e":"metro:bundling:progress","_t":1790941428932,"id":"1","progress":0.949581217481931,"total":1328,"current":1258}
{"_e":"metro:bundling:progress","_t":1790941428932,"id":"2","progress":0.39138019557049175,"total":438,"current":274}
{"_e":"metro:bundling:progress","_t":1790941428932,"id":"3","progress":0,"total":1,"current":0}
{"_e":"metro:bundling:progress","_t":1790941429033,"id":"1","progress":0.949581217481931,"total":1328,"current":1258}
{"_e":"metro:bundling:progress","_t":1790941429033,"id":"2","progress":0.39138019557049175,"total":444,"current":277}
{"_e":"metro:bundling:progress","_t":1790941429033,"id":"3","progress":0,"total":1,"current":0}
{"_e":"metro:bundling:progress","_t":1790941429138,"id":"1","progress":0.949581217481931,"total":1328,"current":1258}
{"_e":"metro:bundling:progress","_t":1790941429138,"id":"2","progress":0.3948593864134405,"total":444,"current":279}
{"_e":"metro:bundling:progress","_t":1790941429138,"id":"3","progress":0,"total":1,"current":0}
{"_e":"metro:bundling:progress","_t":1790941429240,"id":"1","progress":0.949581217481931,"total":1328,"current":1258}
{"_e":"metro:bundling:progress","_t":1790941429240,"id":"2","progress":0.3948593864134405,"total":453,"current":284}
{"_e":"metro:bundling:progress","_t":1790941429242,"id":"3","progress":0,"total":1,"current":0}
{"_e":"metro:bundling:progress","_t":1790941429348,"id":"1","progress":0.949581217481931,"total":1328,"current":1258}
{"_e":"metro:bundling:progress","_t":1790941429348,"id":"2","progress":0.3948593864134405,"total":470,"current":290}
{"_e":"metro:bundling:progress","_t":1790941429348,"id":"3","progress":0,"total":1,"current":0}
{"_e":"metro:bundling:progress","_t":1790941429448,"id":"1","progress":0.949581217481931,"total":1328,"current":1258}
{"_e":"metro:bundling:progress","_t":1790941429448,"id":"2","progress":0.3948593864134405,"total":470,"current":295}
{"_e":"metro:bundling:progress","_t":1790941429448,"id":"3","progress":0,"total":1,"current":0}
{"_e":"metro:bundling:progress","_t":1790941429556,"id":"1","progress":0.949581217481931,"total":1328,"current":1258}
{"_e":"metro:bundling:progress","_t":1790941429556,"id":"2","progress":0.40471253961068354,"total":470,"current":299}
{"_e":"metro:bundling:progress","_t":1790941429556,"id":"3","progress":0,"total":1,"current":0}
{"_e":"metro:bundling:progress","_t":1790941429659,"id":"1","progress":0.949581217481931,"total":1328,"current":1258}
{"_e":"metro:bundling:progress","_t":1790941429659,"id":"2","progress":0.4165866544056328,"total":471,"current":304}
{"_e":"metro:bundling:progress","_t":1790941429659,"id":"3","progress":0,"total":1,"current":0}
{"_e":"metro:bundling:progress","_t":1790941429791,"id":"1","progress":0.949581217481931,"total":1328,"current":1258}
{"_e":"metro:bundling:progress","_t":1790941429792,"id":"2","progress":0.426770780721319,"total":473,"current":309}
{"_e":"metro:bundling:progress","_t":1790941429792,"id":"3","progress":0,"total":1,"current":0}
{"_e":"metro:bundling:progress","_t":1790941429900,"id":"1","progress":0.949581217481931,"total":1328,"current":1258}
{"_e":"metro:bundling:progress","_t":1790941429900,"id":"2","progress":0.43604568356210727,"total":474,"current":313}
{"_e":"metro:bundling:progress","_t":1790941429900,"id":"3","progress":0,"total":1,"current":0}
{"_e":"metro:bundling:progress","_t":1790941430000,"id":"1","progress":0.949581217481931,"total":1328,"current":1258}
{"_e":"metro:bundling:progress","_t":1790941430000,"id":"2","progress":0.43604568356210727,"total":480,"current":314}
{"_e":"metro:bundling:progress","_t":1790941430000,"id":"3","progress":0,"total":1,"current":0}
{"_e":"metro:bundling:progress","_t":1790941430102,"id":"1","progress":0.949581217481931,"total":1328,"current":1258}
{"_e":"metro:bundling:progress","_t":1790941430103,"id":"2","progress":0.43604568356210727,"total":492,"current":318}
{"_e":"metro:bundling:progress","_t":1790941430103,"id":"3","progress":0,"total":1,"current":0}
{"_e":"metro:bundling:progress","_t":1790941430218,"id":"1","progress":0.949581217481931,"total":1328,"current":1258}
{"_e":"metro:bundling:progress","_t":1790941430218,"id":"2","progress":0.43604568356210727,"total":506,"current":325}
{"_e":"metro:bundling:progress","_t":1790941430218,"id":"3","progress":0,"total":1,"current":0}
{"_e":"metro:bundling:progress","_t":1790941430320,"id":"1","progress":0.949581217481931,"total":1328,"current":1258}
{"_e":"metro:bundling:progress","_t":1790941430320,"id":"2","progress":0.43604568356210727,"total":507,"current":333}
{"_e":"metro:bundling:progress","_t":1790941430320,"id":"3","progress":0,"total":1,"current":0}
{"_e":"metro:bundling:progress","_t":1790941430420,"id":"1","progress":0.949581217481931,"total":1328,"current":1258}
{"_e":"metro:bundling:progress","_t":1790941430421,"id":"2","progress":0.44095861911911716,"total":509,"current":338}
{"_e":"metro:bundling:progress","_t":1790941430421,"id":"3","progress":0,"total":1,"current":0}
{"_e":"metro:bundling:progress","_t":1790941430520,"id":"1","progress":0.949581217481931,"total":1328,"current":1258}
{"_e":"metro:bundling:progress","_t":1790941430520,"id":"2","progress":0.4453045205751079,"total":517,"current":345}
{"_e":"metro:bundling:progress","_t":1790941430520,"id":"3","progress":0,"total":1,"current":0}
{"_e":"metro:bundling:progress","_t":1790941430635,"id":"1","progress":0.949581217481931,"total":1328,"current":1258}
{"_e":"metro:bundling:progress","_t":1790941430635,"id":"2","progress":0.4696747216052235,"total":518,"current":355}
{"_e":"metro:bundling:progress","_t":1790941430635,"id":"3","progress":0,"total":1,"current":0}
{"_e":"metro:bundling:progress","_t":1790941430741,"id":"1","progress":0.949581217481931,"total":1328,"current":1258}
{"_e":"metro:bundling:progress","_t":1790941430741,"id":"2","progress":0.4696747216052235,"total":538,"current":362}
{"_e":"metro:bundling:progress","_t":1790941430741,"id":"3","progress":0,"total":1,"current":0}
{"_e":"metro:bundling:progress","_t":1790941430842,"id":"1","progress":0.949581217481931,"total":1328,"current":1258}
{"_e":"metro:bundling:progress","_t":1790941430842,"id":"2","progress":0.4696747216052235,"total":546,"current":367}
{"_e":"metro:bundling:progress","_t":1790941430843,"id":"3","progress":0,"total":1,"current":0}
{"_e":"metro:bundling:progress","_t":1790941430945,"id":"1","progress":0.949581217481931,"total":1328,"current":1258}
{"_e":"metro:bundling:progress","_t":1790941430945,"id":"2","progress":0.4696747216052235,"total":553,"current":376}
{"_e":"metro:bundling:progress","_t":1790941430945,"id":"3","progress":0,"total":1,"current":0}
{"_e":"metro:bundling:progress","_t":1790941431048,"id":"1","progress":0.949581217481931,"total":1328,"current":1258}
{"_e":"metro:bundling:progress","_t":1790941431048,"id":"2","progress":0.4696747216052235,"total":560,"current":378}
{"_e":"metro:bundling:progress","_t":1790941431048,"id":"3","progress":0,"total":1,"current":0}
{"_e":"metro:bundling:progress","_t":1790941431151,"id":"1","progress":0.949581217481931,"total":1328,"current":1258}
{"_e":"metro:bundling:progress","_t":1790941431151,"id":"2","progress":0.4696747216052235,"total":571,"current":381}
{"_e":"metro:bundling:progress","_t":1790941431151,"id":"3","progress":0,"total":1,"current":0}
{"_e":"metro:bundling:progress","_t":1790941431255,"id":"1","progress":0.949581217481931,"total":1328,"current":1258}
{"_e":"metro:bundling:progress","_t":1790941431255,"id":"2","progress":0.4696747216052235,"total":571,"current":384}
{"_e":"metro:bundling:progress","_t":1790941431255,"id":"3","progress":0,"total":1,"current":0}
{"_e":"metro:bundling:progress","_t":1790941431362,"id":"1","progress":0.949581217481931,"total":1328,"current":1258}
{"_e":"metro:bundling:progress","_t":1790941431362,"id":"2","progress":0.4696747216052235,"total":575,"current":389}
{"_e":"metro:bundling:progress","_t":1790941431362,"id":"3","progress":0,"total":1,"current":0}
{"_e":"metro:bundling:progress","_t":1790941431463,"id":"1","progress":0.949581217481931,"total":1328,"current":1258}
{"_e":"metro:bundling:progress","_t":1790941431464,"id":"2","progress":0.4696747216052235,"total":581,"current":394}
{"_e":"metro:bundling:progress","_t":1790941431464,"id":"3","progress":0,"total":1,"current":0}
{"_e":"metro:bundling:progress","_t":1790941431578,"id":"1","progress":0.949581217481931,"total":1328,"current":1258}
{"_e":"metro:bundling:progress","_t":1790941431578,"id":"2","progress":0.4696747216052235,"total":585,"current":396}
{"_e":"metro:bundling:progress","_t":1790941431578,"id":"3","progress":0,"total":1,"current":0}
{"_e":"metro:bundling:progress","_t":1790941431680,"id":"1","progress":0.949581217481931,"total":1328,"current":1258}
{"_e":"metro:bundling:progress","_t":1790941431680,"id":"2","progress":0.4696747216052235,"total":585,"current":400}
{"_e":"metro:bundling:progress","_t":1790941431680,"id":"3","progress":0,"total":1,"current":0}
{"_e":"metro:bundling:progress","_t":1790941431782,"id":"1","progress":0.949581217481931,"total":1328,"current":1258}
{"_e":"metro:bundling:progress","_t":1790941431782,"id":"2","progress":0.47060536523430674,"total":586,"current":402}
{"_e":"metro:bundling:progress","_t":1790941431782,"id":"3","progress":0,"total":1,"current":0}
{"_e":"metro:bundling:progress","_t":1790941431886,"id":"1","progress":0.949581217481931,"total":1328,"current":1258}
{"_e":"metro:bundling:progress","_t":1790941431887,"id":"2","progress":0.4831078826011626,"total":587,"current":408}
{"_e":"metro:bundling:progress","_t":1790941431887,"id":"3","progress":0,"total":1,"current":0}
{"_e":"metro:bundling:progress","_t":1790941431994,"id":"1","progress":0.949581217481931,"total":1328,"current":1258}
{"_e":"metro:bundling:progress","_t":1790941431994,"id":"2","progress":0.4831078826011626,"total":593,"current":412}
{"_e":"metro:bundling:progress","_t":1790941431994,"id":"3","progress":0,"total":1,"current":0}
{"_e":"metro:bundling:progress","_t":1790941432097,"id":"1","progress":0.949581217481931,"total":1328,"current":1258}
{"_e":"metro:bundling:progress","_t":1790941432097,"id":"2","progress":0.4864769437186639,"total":595,"current":415}
{"_e":"metro:bundling:progress","_t":1790941432097,"id":"3","progress":0,"total":1,"current":0}
{"_e":"metro:bundling:progress","_t":1790941432197,"id":"1","progress":0.949581217481931,"total":1330,"current":1265}
{"_e":"metro:bundling:progress","_t":1790941432197,"id":"2","progress":0.4864769437186639,"total":595,"current":415}
{"_e":"metro:bundling:progress","_t":1790941432197,"id":"3","progress":0,"total":1,"current":0}
{"_e":"metro:bundling:progress","_t":1790941432303,"id":"1","progress":0.949581217481931,"total":1330,"current":1268}
{"_e":"metro:bundling:progress","_t":1790941432303,"id":"2","progress":0.4864769437186639,"total":595,"current":415}
{"_e":"metro:bundling:progress","_t":1790941432303,"id":"3","progress":0,"total":1,"current":0}
{"_e":"metro:bundling:progress","_t":1790941432407,"id":"1","progress":0.949581217481931,"total":1330,"current":1272}
{"_e":"metro:bundling:progress","_t":1790941432411,"id":"2","progress":0.4864769437186639,"total":595,"current":415}
{"_e":"metro:bundling:progress","_t":1790941432411,"id":"3","progress":0,"total":1,"current":0}
{"_e":"metro:bundling:progress","_t":1790941432507,"id":"1","progress":0.949581217481931,"total":1332,"current":1275}
{"_e":"metro:bundling:progress","_t":1790941432508,"id":"2","progress":0.4864769437186639,"total":595,"current":415}
{"_e":"metro:bundling:progress","_t":1790941432508,"id":"3","progress":0,"total":1,"current":0}
{"_e":"metro:bundling:progress","_t":1790941432607,"id":"1","progress":0.949581217481931,"total":1334,"current":1279}
{"_e":"metro:bundling:progress","_t":1790941432608,"id":"2","progress":0.4864769437186639,"total":595,"current":415}
{"_e":"metro:bundling:progress","_t":1790941432608,"id":"3","progress":0,"total":1,"current":0}
{"_e":"metro:bundling:progress","_t":1790941432714,"id":"1","progress":0.949581217481931,"total":1336,"current":1281}
{"_e":"metro:bundling:progress","_t":1790941432723,"id":"2","progress":0.4864769437186639,"total":595,"current":415}
{"_e":"metro:bundling:progress","_t":1790941432723,"id":"3","progress":0,"total":1,"current":0}
{"_e":"metro:bundling:progress","_t":1790941432820,"id":"1","progress":0.949581217481931,"total":1336,"current":1283}
{"_e":"metro:bundling:progress","_t":1790941432820,"id":"2","progress":0.4864769437186639,"total":595,"current":415}
{"_e":"metro:bundling:progress","_t":1790941432820,"id":"3","progress":0,"total":1,"current":0}
{"_e":"metro:bundling:progress","_t":1790941432945,"id":"1","progress":0.949581217481931,"total":1338,"current":1286}
{"_e":"metro:bundling:progress","_t":1790941432945,"id":"2","progress":0.4864769437186639,"total":595,"current":415}
{"_e":"metro:bundling:progress","_t":1790941432945,"id":"3","progress":0,"total":1,"current":0}
{"_e":"metro:bundling:progress","_t":1790941433051,"id":"1","progress":0.949581217481931,"total":1338,"current":1289}
{"_e":"metro:bundling:progress","_t":1790941433051,"id":"2","progress":0.4864769437186639,"total":595,"current":415}
{"_e":"metro:bundling:progress","_t":1790941433051,"id":"3","progress":0,"total":1,"current":0}
{"_e":"metro:bundling:progress","_t":1790941433153,"id":"1","progress":0.949581217481931,"total":1340,"current":1292}
{"_e":"metro:bundling:progress","_t":1790941433153,"id":"2","progress":0.4864769437186639,"total":595,"current":415}
{"_e":"metro:bundling:progress","_t":1790941433153,"id":"3","progress":0,"total":1,"current":0}
{"_e":"metro:bundling:progress","_t":1790941433266,"id":"1","progress":0.949581217481931,"total":1340,"current":1295}
{"_e":"metro:bundling:progress","_t":1790941433266,"id":"2","progress":0.4864769437186639,"total":595,"current":415}
{"_e":"metro:bundling:progress","_t":1790941433266,"id":"3","progress":0,"total":1,"current":0}
{"_e":"metro:bundling:progress","_t":1790941433370,"id":"1","progress":0.949581217481931,"total":1340,"current":1299}
{"_e":"metro:bundling:progress","_t":1790941433370,"id":"2","progress":0.4864769437186639,"total":595,"current":415}
{"_e":"metro:bundling:progress","_t":1790941433370,"id":"3","progress":0,"total":1,"current":0}
{"_e":"metro:bundling:progress","_t":1790941433483,"id":"1","progress":0.949581217481931,"total":1340,"current":1304}
{"_e":"metro:bundling:progress","_t":1790941433483,"id":"2","progress":0.4864769437186639,"total":595,"current":415}
{"_e":"metro:bundling:progress","_t":1790941433484,"id":"3","progress":0,"total":1,"current":0}
{"_e":"metro:bundling:progress","_t":1790941433592,"id":"1","progress":0.949581217481931,"total":1340,"current":1305}
{"_e":"metro:bundling:progress","_t":1790941433592,"id":"2","progress":0.4864769437186639,"total":595,"current":415}
{"_e":"metro:bundling:progress","_t":1790941433592,"id":"3","progress":0,"total":1,"current":0}
{"_e":"metro:bundling:progress","_t":1790941433703,"id":"1","progress":0.9528090888839384,"total":1340,"current":1308}
{"_e":"metro:bundling:progress","_t":1790941433703,"id":"2","progress":0.4864769437186639,"total":595,"current":415}
{"_e":"metro:bundling:progress","_t":1790941433703,"id":"3","progress":0,"total":1,"current":0}
{"_e":"metro:bundling:progress","_t":1790941433827,"id":"1","progress":0.9528438547701945,"total":1341,"current":1309}
{"_e":"metro:bundling:progress","_t":1790941433828,"id":"2","progress":0.4864769437186639,"total":595,"current":415}
{"_e":"metro:bundling:progress","_t":1790941433828,"id":"3","progress":0,"total":1,"current":0}
{"_e":"metro:bundling:progress","_t":1790941433948,"id":"1","progress":0.9543002456234594,"total":1341,"current":1310}
{"_e":"metro:bundling:progress","_t":1790941433948,"id":"2","progress":0.4864769437186639,"total":595,"current":415}
{"_e":"metro:bundling:progress","_t":1790941433948,"id":"3","progress":0,"total":1,"current":0}
{"_e":"metro:bundling:progress","_t":1790941434054,"id":"1","progress":0.9543339011773696,"total":1342,"current":1311}
{"_e":"metro:bundling:progress","_t":1790941434054,"id":"2","progress":0.4864769437186639,"total":595,"current":415}
{"_e":"metro:bundling:progress","_t":1790941434054,"id":"3","progress":0,"total":1,"current":0}
{"_e":"metro:bundling:progress","_t":1790941434282,"id":"1","progress":0.9557903433938713,"total":1342,"current":1312}
{"_e":"metro:bundling:progress","_t":1790941434310,"id":"2","progress":0.4864769437186639,"total":595,"current":415}
{"_e":"metro:bundling:progress","_t":1790941434310,"id":"3","progress":0,"total":1,"current":0}
{"_e":"metro:bundling:progress","_t":1790941434344,"id":"1","progress":0.9572478961267411,"total":1342,"current":1313}
{"_e":"metro:bundling:progress","_t":1790941434344,"id":"2","progress":0.4864769437186639,"total":595,"current":415}
{"_e":"metro:bundling:progress","_t":1790941434344,"id":"3","progress":0,"total":1,"current":0}
{"_e":"metro:bundling:progress","_t":1790941434471,"id":"1","progress":0.9572478961267411,"total":1347,"current":1314}
{"_e":"metro:bundling:progress","_t":1790941434472,"id":"2","progress":0.4864769437186639,"total":595,"current":415}
{"_e":"metro:bundling:progress","_t":1790941434472,"id":"3","progress":0,"total":1,"current":0}
{"_e":"metro:bundling:progress","_t":1790941434509,"id":"1","progress":0.9572478961267411,"total":1347,"current":1314}
{"_e":"metro:bundling:progress","_t":1790941434509,"id":"2","progress":0.4888242355765835,"total":595,"current":416}
{"_e":"metro:bundling:progress","_t":1790941434509,"id":"3","progress":0,"total":1,"current":0}
{"_e":"metro:bundling:progress","_t":1790941434610,"id":"1","progress":0.9572478961267411,"total":1347,"current":1314}
{"_e":"metro:bundling:progress","_t":1790941434610,"id":"2","progress":0.4942373091302193,"total":596,"current":419}
{"_e":"metro:bundling:progress","_t":1790941434610,"id":"3","progress":0,"total":1,"current":0}
{"_e":"metro:bundling:progress","_t":1790941434710,"id":"1","progress":0.9572478961267411,"total":1347,"current":1314}
{"_e":"metro:bundling:progress","_t":1790941434710,"id":"2","progress":0.5037188640151343,"total":596,"current":423}
{"_e":"metro:bundling:progress","_t":1790941434711,"id":"3","progress":0,"total":1,"current":0}
{"_e":"metro:bundling:progress","_t":1790941434810,"id":"1","progress":0.9572478961267411,"total":1347,"current":1314}
{"_e":"metro:bundling:progress","_t":1790941434810,"id":"2","progress":0.5084934237196522,"total":596,"current":425}
{"_e":"metro:bundling:progress","_t":1790941434810,"id":"3","progress":0,"total":1,"current":0}
{"_e":"metro:bundling:progress","_t":1790941434915,"id":"1","progress":0.9572478961267411,"total":1350,"current":1315}
{"_e":"metro:bundling:progress","_t":1790941434915,"id":"2","progress":0.5084934237196522,"total":596,"current":425}
{"_e":"metro:bundling:progress","_t":1790941434915,"id":"3","progress":0,"total":1,"current":0}
{"_e":"metro:bundling:progress","_t":1790941435029,"id":"1","progress":0.9572478961267411,"total":1350,"current":1317}
{"_e":"metro:bundling:progress","_t":1790941435029,"id":"2","progress":0.5084934237196522,"total":596,"current":425}
{"_e":"metro:bundling:progress","_t":1790941435029,"id":"3","progress":0,"total":1,"current":0}
{"_e":"metro:bundling:progress","_t":1790941435128,"id":"1","progress":0.9572478961267411,"total":1352,"current":1320}
{"_e":"metro:bundling:progress","_t":1790941435139,"id":"2","progress":0.5084934237196522,"total":596,"current":425}
{"_e":"metro:bundling:progress","_t":1790941435139,"id":"3","progress":0,"total":1,"current":0}
{"_e":"metro:bundling:progress","_t":1790941435236,"id":"1","progress":0.9572478961267411,"total":1357,"current":1323}
{"_e":"metro:bundling:progress","_t":1790941435236,"id":"2","progress":0.5084934237196522,"total":596,"current":425}
{"_e":"metro:bundling:progress","_t":1790941435236,"id":"3","progress":0,"total":1,"current":0}
{"_e":"metro:bundling:progress","_t":1790941435338,"id":"1","progress":0.9572478961267411,"total":1358,"current":1326}
{"_e":"metro:bundling:progress","_t":1790941435338,"id":"2","progress":0.5084934237196522,"total":596,"current":425}
{"_e":"metro:bundling:progress","_t":1790941435338,"id":"3","progress":0,"total":1,"current":0}
{"_e":"metro:bundling:progress","_t":1790941435440,"id":"1","progress":0.9572478961267411,"total":1360,"current":1328}
{"_e":"metro:bundling:progress","_t":1790941435440,"id":"2","progress":0.5084934237196522,"total":596,"current":425}
{"_e":"metro:bundling:progress","_t":1790941435440,"id":"3","progress":0,"total":1,"current":0}
{"_e":"metro:bundling:progress","_t":1790941435540,"id":"1","progress":0.9572478961267411,"total":1360,"current":1328}
{"_e":"metro:bundling:progress","_t":1790941435540,"id":"2","progress":0.5229522318814468,"total":596,"current":431}
{"_e":"metro:bundling:progress","_t":1790941435540,"id":"3","progress":0,"total":1,"current":0}
{"_e":"metro:bundling:progress","_t":1790941435643,"id":"1","progress":0.9572478961267411,"total":1360,"current":1328}
{"_e":"metro:bundling:progress","_t":1790941435644,"id":"2","progress":0.525625,"total":600,"current":435}
{"_e":"metro:bundling:progress","_t":1790941435644,"id":"3","progress":0,"total":1,"current":0}
{"_e":"metro:bundling:progress","_t":1790941435745,"id":"1","progress":0.9572478961267411,"total":1360,"current":1328}
{"_e":"metro:bundling:progress","_t":1790941435749,"id":"2","progress":0.5311280976519999,"total":601,"current":438}
{"_e":"metro:bundling:progress","_t":1790941435749,"id":"3","progress":0,"total":1,"current":0}
{"_e":"metro:bundling:progress","_t":1790941435846,"id":"1","progress":0.9572478961267411,"total":1360,"current":1328}
{"_e":"metro:bundling:progress","_t":1790941435854,"id":"2","progress":0.5476980176308056,"total":604,"current":447}
{"_e":"metro:bundling:progress","_t":1790941435854,"id":"3","progress":0,"total":1,"current":0}
{"_e":"metro:bundling:progress","_t":1790941435948,"id":"1","progress":0.9572478961267411,"total":1360,"current":1328}
{"_e":"metro:bundling:progress","_t":1790941435948,"id":"2","progress":0.5649861848164554,"total":604,"current":454}
{"_e":"metro:bundling:progress","_t":1790941435948,"id":"3","progress":0,"total":1,"current":0}
{"_e":"metro:bundling:progress","_t":1790941436051,"id":"1","progress":0.9572478961267411,"total":1360,"current":1328}
{"_e":"metro:bundling:progress","_t":1790941436051,"id":"2","progress":0.5699256622229917,"total":608,"current":459}
{"_e":"metro:bundling:progress","_t":1790941436051,"id":"3","progress":0,"total":1,"current":0}
{"_e":"metro:bundling:progress","_t":1790941436152,"id":"1","progress":0.9572478961267411,"total":1360,"current":1328}
{"_e":"metro:bundling:progress","_t":1790941436152,"id":"2","progress":0.578597151303413,"total":610,"current":464}
{"_e":"metro:bundling:progress","_t":1790941436152,"id":"3","progress":0,"total":1,"current":0}
{"_e":"metro:bundling:progress","_t":1790941436255,"id":"1","progress":0.9572478961267411,"total":1360,"current":1328}
{"_e":"metro:bundling:progress","_t":1790941436255,"id":"2","progress":0.5815612400026439,"total":615,"current":469}
{"_e":"metro:bundling:progress","_t":1790941436255,"id":"3","progress":0,"total":1,"current":0}
{"_e":"metro:bundling:progress","_t":1790941436355,"id":"1","progress":0.9572478961267411,"total":1360,"current":1328}
{"_e":"metro:bundling:progress","_t":1790941436355,"id":"2","progress":0.6015704937537181,"total":615,"current":477}
{"_e":"metro:bundling:progress","_t":1790941436355,"id":"3","progress":0,"total":1,"current":0}
{"_e":"metro:bundling:progress","_t":1790941436456,"id":"1","progress":0.9572478961267411,"total":1360,"current":1328}
{"_e":"metro:bundling:progress","_t":1790941436457,"id":"2","progress":0.6102724270992858,"total":617,"current":482}
{"_e":"metro:bundling:progress","_t":1790941436457,"id":"3","progress":0,"total":1,"current":0}
{"_e":"metro:bundling:progress","_t":1790941436559,"id":"1","progress":0.9572478961267411,"total":1360,"current":1328}
{"_e":"metro:bundling:progress","_t":1790941436559,"id":"2","progress":0.6260957677443679,"total":618,"current":489}
{"_e":"metro:bundling:progress","_t":1790941436559,"id":"3","progress":0,"total":1,"current":0}
{"_e":"metro:bundling:progress","_t":1790941436666,"id":"1","progress":0.9572478961267411,"total":1360,"current":1328}
{"_e":"metro:bundling:progress","_t":1790941436666,"id":"2","progress":0.6260957677443679,"total":621,"current":490}
{"_e":"metro:bundling:progress","_t":1790941436666,"id":"3","progress":0,"total":1,"current":0}
{"_e":"metro:bundling:progress","_t":1790941436769,"id":"1","progress":0.9572478961267411,"total":1360,"current":1328}
{"_e":"metro:bundling:progress","_t":1790941436769,"id":"2","progress":0.626736111111111,"total":624,"current":494}
{"_e":"metro:bundling:progress","_t":1790941436769,"id":"3","progress":0,"total":1,"current":0}
{"_e":"metro:bundling:progress","_t":1790941436875,"id":"1","progress":0.9572478961267411,"total":1360,"current":1328}
{"_e":"metro:bundling:progress","_t":1790941436875,"id":"2","progress":0.6369267751479291,"total":624,"current":498}
{"_e":"metro:bundling:progress","_t":1790941436875,"id":"3","progress":0,"total":1,"current":0}
{"_e":"metro:bundling:progress","_t":1790941436991,"id":"1","progress":0.9572478961267411,"total":1360,"current":1328}
{"_e":"metro:bundling:progress","_t":1790941436991,"id":"2","progress":0.6471996219592374,"total":624,"current":502}
{"_e":"metro:bundling:progress","_t":1790941436991,"id":"3","progress":0,"total":1,"current":0}
{"_e":"metro:bundling:progress","_t":1790941437095,"id":"1","progress":0.9572478961267411,"total":1360,"current":1328}
{"_e":"metro:bundling:progress","_t":1790941437096,"id":"2","progress":0.6512773160972606,"total":627,"current":506}
{"_e":"metro:bundling:progress","_t":1790941437096,"id":"3","progress":0,"total":1,"current":0}
{"_e":"metro:bundling:progress","_t":1790941437206,"id":"1","progress":0.9572478961267411,"total":1360,"current":1328}
{"_e":"metro:bundling:progress","_t":1790941437206,"id":"2","progress":0.6651712031867274,"total":629,"current":513}
{"_e":"metro:bundling:progress","_t":1790941437206,"id":"3","progress":0,"total":1,"current":0}
{"_e":"metro:bundling:progress","_t":1790941437316,"id":"1","progress":0.9572478961267411,"total":1360,"current":1328}
{"_e":"metro:bundling:progress","_t":1790941437318,"id":"2","progress":0.6739082933788091,"total":631,"current":518}
{"_e":"metro:bundling:progress","_t":1790941437318,"id":"3","progress":0,"total":1,"current":0}
{"_e":"metro:bundling:progress","_t":1790941437424,"id":"1","progress":0.9572478961267411,"total":1360,"current":1328}
{"_e":"metro:bundling:progress","_t":1790941437424,"id":"2","progress":0.6774356171494601,"total":633,"current":521}
{"_e":"metro:bundling:progress","_t":1790941437424,"id":"3","progress":0,"total":1,"current":0}
{"_e":"metro:bundling:progress","_t":1790941437530,"id":"1","progress":0.9572478961267411,"total":1360,"current":1328}
{"_e":"metro:bundling:progress","_t":1790941437546,"id":"2","progress":0.6878776307809797,"total":633,"current":525}
{"_e":"metro:bundling:progress","_t":1790941437546,"id":"3","progress":0,"total":1,"current":0}
{"_e":"metro:bundling:progress","_t":1790941437641,"id":"1","progress":0.9572478961267411,"total":1360,"current":1328}
{"_e":"metro:bundling:progress","_t":1790941437641,"id":"2","progress":0.6905006126946335,"total":633,"current":526}
{"_e":"metro:bundling:progress","_t":1790941437641,"id":"3","progress":0,"total":1,"current":0}
{"_e":"metro:bundling:progress","_t":1790941437744,"id":"1","progress":0.9572478961267411,"total":1360,"current":1328}
{"_e":"metro:bundling:progress","_t":1790941437744,"id":"2","progress":0.7010424543723436,"total":633,"current":530}
{"_e":"metro:bundling:progress","_t":1790941437744,"id":"3","progress":0,"total":1,"current":0}
{"_e":"metro:bundling:progress","_t":1790941437882,"id":"1","progress":0.9572478961267411,"total":1360,"current":1328}
{"_e":"metro:bundling:progress","_t":1790941437882,"id":"2","progress":0.7010424543723436,"total":643,"current":533}
{"_e":"metro:bundling:progress","_t":1790941437882,"id":"3","progress":0,"total":1,"current":0}
{"_e":"metro:bundling:progress","_t":1790941437982,"id":"1","progress":0.9572478961267411,"total":1360,"current":1328}
{"_e":"metro:bundling:progress","_t":1790941437982,"id":"2","progress":0.7010424543723436,"total":644,"current":535}
{"_e":"metro:bundling:progress","_t":1790941437982,"id":"3","progress":0,"total":1,"current":0}
{"_e":"metro:bundling:progress","_t":1790941438091,"id":"1","progress":0.9572478961267411,"total":1360,"current":1328}
{"_e":"metro:bundling:progress","_t":1790941438103,"id":"2","progress":0.7010424543723436,"total":648,"current":539}
{"_e":"metro:bundling:progress","_t":1790941438104,"id":"3","progress":0,"total":1,"current":0}
{"_e":"metro:bundling:progress","_t":1790941438194,"id":"1","progress":0.9592474048442906,"total":1360,"current":1332}
{"_e":"metro:bundling:progress","_t":1790941438194,"id":"2","progress":0.7010424543723436,"total":648,"current":539}
{"_e":"metro:bundling:progress","_t":1790941438194,"id":"3","progress":0,"total":1,"current":0}
{"_e":"metro:bundling:progress","_t":1790941438298,"id":"1","progress":0.9664624783737024,"total":1360,"current":1337}
{"_e":"metro:bundling:progress","_t":1790941438298,"id":"2","progress":0.7010424543723436,"total":648,"current":539}
{"_e":"metro:bundling:progress","_t":1790941438298,"id":"3","progress":0,"total":1,"current":0}
{"_e":"metro:bundling:progress","_t":1790941438556,"id":"1","progress":0.9664624783737024,"total":1360,"current":1337}
{"_e":"metro:bundling:progress","_t":1790941438556,"id":"2","progress":0.7021819272976679,"total":648,"current":543}
{"_e":"metro:bundling:progress","_t":1790941438556,"id":"3","progress":0,"total":1,"current":0}
{"_e":"metro:bundling:progress","_t":1790941438676,"id":"1","progress":0.9665599926041228,"total":1364,"current":1341}
{"_e":"metro:bundling:progress","_t":1790941438677,"id":"2","progress":0.7021819272976679,"total":648,"current":543}
{"_e":"metro:bundling:progress","_t":1790941438677,"id":"3","progress":0,"total":1,"current":0}
{"_e":"metro:bundling:progress","_t":1790941438776,"id":"1","progress":0.9709106522293337,"total":1365,"current":1345}
{"_e":"metro:bundling:progress","_t":1790941438776,"id":"2","progress":0.7021819272976679,"total":648,"current":543}
{"_e":"metro:bundling:progress","_t":1790941438776,"id":"3","progress":0,"total":1,"current":0}
{"_e":"metro:bundling:progress","_t":1790941438885,"id":"1","progress":0.9709106522293337,"total":1368,"current":1347}
{"_e":"metro:bundling:progress","_t":1790941438908,"id":"2","progress":0.7021819272976679,"total":648,"current":543}
{"_e":"metro:bundling:progress","_t":1790941438908,"id":"3","progress":0,"total":1,"current":0}
{"_e":"metro:bundling:progress","_t":1790941439002,"id":"1","progress":0.9709106522293337,"total":1368,"current":1347}
{"_e":"metro:bundling:progress","_t":1790941439002,"id":"2","progress":0.7189789547452696,"total":651,"current":552}
{"_e":"metro:bundling:progress","_t":1790941439002,"id":"3","progress":0,"total":1,"current":0}
{"_e":"metro:bundling:progress","_t":1790941439104,"id":"1","progress":0.9709106522293337,"total":1372,"current":1351}
{"_e":"metro:bundling:progress","_t":1790941439104,"id":"2","progress":0.7189789547452696,"total":651,"current":552}
{"_e":"metro:bundling:progress","_t":1790941439104,"id":"3","progress":0,"total":1,"current":0}
{"_e":"metro:bundling:progress","_t":1790941439205,"id":"1","progress":0.9709106522293337,"total":1372,"current":1351}
{"_e":"metro:bundling:progress","_t":1790941439205,"id":"2","progress":0.7189789547452696,"total":654,"current":554}
{"_e":"metro:bundling:progress","_t":1790941439205,"id":"3","progress":0,"total":1,"current":0}
{"_e":"metro:bundling:progress","_t":1790941439314,"id":"1","progress":0.9710579775433704,"total":1372,"current":1352}
{"_e":"metro:bundling:progress","_t":1790941439314,"id":"2","progress":0.7189789547452696,"total":654,"current":554}
{"_e":"metro:bundling:progress","_t":1790941439314,"id":"3","progress":0,"total":1,"current":0}
{"_e":"metro:bundling:progress","_t":1790941439414,"id":"1","progress":0.9710579775433704,"total":1374,"current":1353}
{"_e":"metro:bundling:progress","_t":1790941439414,"id":"2","progress":0.7189789547452696,"total":654,"current":554}
{"_e":"metro:bundling:progress","_t":1790941439414,"id":"3","progress":0,"total":1,"current":0}
{"_e":"metro:bundling:progress","_t":1790941439517,"id":"1","progress":0.9710579775433704,"total":1374,"current":1353}
{"_e":"metro:bundling:progress","_t":1790941439517,"id":"2","progress":0.7440708583415885,"total":655,"current":565}
{"_e":"metro:bundling:progress","_t":1790941439517,"id":"3","progress":0,"total":1,"current":0}
{"_e":"metro:bundling:progress","_t":1790941439625,"id":"1","progress":0.9725941642156204,"total":1377,"current":1358}
{"_e":"metro:bundling:progress","_t":1790941439625,"id":"2","progress":0.7440708583415885,"total":655,"current":565}
{"_e":"metro:bundling:progress","_t":1790941439625,"id":"3","progress":0,"total":1,"current":0}
{"_e":"metro:bundling:progress","_t":1790941439727,"id":"1","progress":0.9725941642156204,"total":1377,"current":1358}
{"_e":"metro:bundling:progress","_t":1790941439727,"id":"2","progress":0.7474220952672194,"total":657,"current":568}
{"_e":"metro:bundling:progress","_t":1790941439727,"id":"3","progress":0,"total":1,"current":0}
{"_e":"metro:bundling:progress","_t":1790941439830,"id":"1","progress":0.9725941642156204,"total":1377,"current":1358}
{"_e":"metro:bundling:progress","_t":1790941439830,"id":"2","progress":0.7556840753503755,"total":658,"current":572}
{"_e":"metro:bundling:progress","_t":1790941439830,"id":"3","progress":0,"total":1,"current":0}
{"_e":"metro:bundling:progress","_t":1790941439932,"id":"1","progress":0.9725941642156204,"total":1377,"current":1358}
{"_e":"metro:bundling:progress","_t":1790941439932,"id":"2","progress":0.7556840753503755,"total":669,"current":578}
{"_e":"metro:bundling:progress","_t":1790941439932,"id":"3","progress":0,"total":1,"current":0}
{"_e":"metro:bundling:progress","_t":1790941440038,"id":"1","progress":0.9725941642156204,"total":1377,"current":1358}
{"_e":"metro:bundling:progress","_t":1790941440042,"id":"2","progress":0.7556840753503755,"total":672,"current":583}
{"_e":"metro:bundling:progress","_t":1790941440043,"id":"3","progress":0,"total":1,"current":0}
{"_e":"metro:bundling:progress","_t":1790941440142,"id":"1","progress":0.9725941642156204,"total":1377,"current":1358}
{"_e":"metro:bundling:progress","_t":1790941440147,"id":"2","progress":0.7565911557718568,"total":676,"current":588}
{"_e":"metro:bundling:progress","_t":1790941440147,"id":"3","progress":0,"total":1,"current":0}
{"_e":"metro:bundling:progress","_t":1790941440244,"id":"1","progress":0.9725941642156204,"total":1377,"current":1358}
{"_e":"metro:bundling:progress","_t":1790941440244,"id":"2","progress":0.7627282606102277,"total":679,"current":593}
{"_e":"metro:bundling:progress","_t":1790941440244,"id":"3","progress":0,"total":1,"current":0}
{"_e":"metro:bundling:progress","_t":1790941440353,"id":"1","progress":0.9725941642156204,"total":1377,"current":1358}
{"_e":"metro:bundling:progress","_t":1790941440353,"id":"2","progress":0.7730527219921872,"total":679,"current":597}
{"_e":"metro:bundling:progress","_t":1790941440353,"id":"3","progress":0,"total":1,"current":0}
{"_e":"metro:bundling:progress","_t":1790941440464,"id":"1","progress":0.9725941642156204,"total":1377,"current":1358}
{"_e":"metro:bundling:progress","_t":1790941440469,"id":"2","progress":0.7768757677029897,"total":683,"current":602}
{"_e":"metro:bundling:progress","_t":1790941440469,"id":"3","progress":0,"total":1,"current":0}
{"_e":"metro:bundling:progress","_t":1790941440567,"id":"1","progress":0.9725941642156204,"total":1377,"current":1358}
{"_e":"metro:bundling:progress","_t":1790941440567,"id":"2","progress":0.7950476860118889,"total":683,"current":609}
{"_e":"metro:bundling:progress","_t":1790941440567,"id":"3","progress":0,"total":1,"current":0}
{"_e":"metro:bundling:progress","_t":1790941440674,"id":"1","progress":0.9725941642156204,"total":1377,"current":1358}
{"_e":"metro:bundling:progress","_t":1790941440675,"id":"2","progress":0.8034439767702062,"total":685,"current":614}
{"_e":"metro:bundling:progress","_t":1790941440675,"id":"3","progress":0,"total":1,"current":0}
{"_e":"metro:bundling:progress","_t":1790941440781,"id":"1","progress":0.9725941642156204,"total":1377,"current":1358}
{"_e":"metro:bundling:progress","_t":1790941440786,"id":"2","progress":0.8152257929006511,"total":690,"current":623}
{"_e":"metro:bundling:progress","_t":1790941440786,"id":"3","progress":0,"total":1,"current":0}
{"_e":"metro:bundling:progress","_t":1790941440885,"id":"1","progress":0.9725941642156204,"total":1377,"current":1358}
{"_e":"metro:bundling:progress","_t":1790941440886,"id":"2","progress":0.8312372638911286,"total":691,"current":630}
{"_e":"metro:bundling:progress","_t":1790941440886,"id":"3","progress":0,"total":1,"current":0}
{"_e":"metro:bundling:progress","_t":1790941440994,"id":"1","progress":0.9725941642156204,"total":1377,"current":1358}
{"_e":"metro:bundling:progress","_t":1790941441007,"id":"2","progress":0.8396165322572249,"total":693,"current":635}
{"_e":"metro:bundling:progress","_t":1790941441007,"id":"3","progress":0,"total":1,"current":0}
{"_e":"metro:bundling:progress","_t":1790941441095,"id":"1","progress":0.9725941642156204,"total":1377,"current":1358}
{"_e":"metro:bundling:progress","_t":1790941441095,"id":"2","progress":0.840057968014078,"total":695,"current":637}
{"_e":"metro:bundling:progress","_t":1790941441095,"id":"3","progress":0,"total":1,"current":0}
{"_e":"metro:bundling:progress","_t":1790941441206,"id":"1","progress":0.9725941642156204,"total":1377,"current":1358}
{"_e":"metro:bundling:progress","_t":1790941441206,"id":"2","progress":0.840715593468034,"total":698,"current":640}
{"_e":"metro:bundling:progress","_t":1790941441206,"id":"3","progress":0,"total":1,"current":0}
{"_e":"metro:bundling:progress","_t":1790941441307,"id":"1","progress":0.9725941642156204,"total":1396,"current":1366}
{"_e":"metro:bundling:progress","_t":1790941441307,"id":"2","progress":0.840715593468034,"total":698,"current":640}
{"_e":"metro:bundling:progress","_t":1790941441307,"id":"3","progress":0,"total":1,"current":0}
{"_e":"metro:bundling:progress","_t":1790941441412,"id":"1","progress":0.9725941642156204,"total":1402,"current":1370}
{"_e":"metro:bundling:progress","_t":1790941441412,"id":"2","progress":0.840715593468034,"total":698,"current":640}
{"_e":"metro:bundling:progress","_t":1790941441412,"id":"3","progress":0,"total":1,"current":0}
{"_e":"metro:bundling:progress","_t":1790941441514,"id":"1","progress":0.9725941642156204,"total":1403,"current":1372}
{"_e":"metro:bundling:progress","_t":1790941441514,"id":"2","progress":0.840715593468034,"total":698,"current":640}
{"_e":"metro:bundling:progress","_t":1790941441514,"id":"3","progress":0,"total":1,"current":0}
{"_e":"metro:bundling:progress","_t":1790941441622,"id":"1","progress":0.9725941642156204,"total":1403,"current":1372}
{"_e":"metro:bundling:progress","_t":1790941441622,"id":"2","progress":0.8417997244080946,"total":703,"current":645}
{"_e":"metro:bundling:progress","_t":1790941441622,"id":"3","progress":0,"total":1,"current":0}
{"_e":"metro:bundling:progress","_t":1790941441730,"id":"1","progress":0.9725941642156204,"total":1405,"current":1376}
{"_e":"metro:bundling:progress","_t":1790941441730,"id":"2","progress":0.8417997244080946,"total":703,"current":645}
{"_e":"metro:bundling:progress","_t":1790941441730,"id":"3","progress":0,"total":1,"current":0}
{"_e":"metro:bundling:progress","_t":1790941441834,"id":"1","progress":0.9725941642156204,"total":1405,"current":1377}
{"_e":"metro:bundling:progress","_t":1790941441834,"id":"2","progress":0.8417997244080946,"total":703,"current":645}
{"_e":"metro:bundling:progress","_t":1790941441834,"id":"3","progress":0,"total":1,"current":0}
{"_e":"metro:bundling:progress","_t":1790941441934,"id":"1","progress":0.9725941642156204,"total":1405,"current":1377}
{"_e":"metro:bundling:progress","_t":1790941441934,"id":"2","progress":0.8462966323696502,"total":712,"current":655}
{"_e":"metro:bundling:progress","_t":1790941441934,"id":"3","progress":0,"total":1,"current":0}
{"_e":"metro:bundling:progress","_t":1790941442034,"id":"1","progress":0.9725941642156204,"total":1405,"current":1377}
{"_e":"metro:bundling:progress","_t":1790941442034,"id":"2","progress":0.8471197060016853,"total":716,"current":659}
{"_e":"metro:bundling:progress","_t":1790941442034,"id":"3","progress":0,"total":1,"current":0}
{"_e":"metro:bundling:progress","_t":1790941442136,"id":"1","progress":0.9725941642156204,"total":1405,"current":1377}
{"_e":"metro:bundling:progress","_t":1790941442136,"id":"2","progress":0.8550445545421124,"total":717,"current":663}
{"_e":"metro:bundling:progress","_t":1790941442136,"id":"3","progress":0,"total":1,"current":0}
{"_e":"metro:bundling:progress","_t":1790941442241,"id":"1","progress":0.9725941642156204,"total":1405,"current":1377}
{"_e":"metro:bundling:progress","_t":1790941442241,"id":"2","progress":0.8602109751424365,"total":717,"current":665}
{"_e":"metro:bundling:progress","_t":1790941442241,"id":"3","progress":0,"total":1,"current":0}
{"_e":"metro:bundling:progress","_t":1790941442377,"id":"1","progress":0.9725941642156204,"total":1405,"current":1377}
{"_e":"metro:bundling:progress","_t":1790941442395,"id":"2","progress":0.8616960760998811,"total":725,"current":673}
{"_e":"metro:bundling:progress","_t":1790941442395,"id":"3","progress":0,"total":1,"current":0}
{"_e":"metro:bundling:progress","_t":1790941442456,"id":"1","progress":0.9725941642156204,"total":1405,"current":1377}
{"_e":"metro:bundling:progress","_t":1790941442457,"id":"2","progress":0.8642587395957194,"total":725,"current":674}
{"_e":"metro:bundling:progress","_t":1790941442457,"id":"3","progress":0,"total":1,"current":0}
{"_e":"metro:bundling:progress","_t":1790941442559,"id":"1","progress":0.9725941642156204,"total":1405,"current":1377}
{"_e":"metro:bundling:progress","_t":1790941442560,"id":"2","progress":0.8677050103208857,"total":730,"current":680}
{"_e":"metro:bundling:progress","_t":1790941442561,"id":"3","progress":0,"total":1,"current":0}
{"_e":"metro:bundling:progress","_t":1790941442665,"id":"1","progress":0.9725941642156204,"total":1405,"current":1377}
{"_e":"metro:bundling:progress","_t":1790941442665,"id":"2","progress":0.8782659977903193,"total":732,"current":686}
{"_e":"metro:bundling:progress","_t":1790941442665,"id":"3","progress":0,"total":1,"current":0}
{"_e":"metro:bundling:progress","_t":1790941442772,"id":"1","progress":0.9725941642156204,"total":1405,"current":1377}
{"_e":"metro:bundling:progress","_t":1790941442772,"id":"2","progress":0.8782659977903193,"total":745,"current":690}
{"_e":"metro:bundling:progress","_t":1790941442772,"id":"3","progress":0,"total":1,"current":0}
{"_e":"metro:bundling:progress","_t":1790941442882,"id":"1","progress":0.9725941642156204,"total":1405,"current":1377}
{"_e":"metro:bundling:progress","_t":1790941442882,"id":"2","progress":0.8782659977903193,"total":755,"current":692}
{"_e":"metro:bundling:progress","_t":1790941442882,"id":"3","progress":0,"total":1,"current":0}
{"_e":"metro:bundling:progress","_t":1790941442982,"id":"1","progress":0.9725941642156204,"total":1406,"current":1382}
{"_e":"metro:bundling:progress","_t":1790941442982,"id":"2","progress":0.8782659977903193,"total":755,"current":692}
{"_e":"metro:bundling:progress","_t":1790941442982,"id":"3","progress":0,"total":1,"current":0}
{"_e":"metro:bundling:progress","_t":1790941443086,"id":"1","progress":0.9725941642156204,"total":1406,"current":1382}
{"_e":"metro:bundling:progress","_t":1790941443086,"id":"2","progress":0.8782659977903193,"total":760,"current":698}
{"_e":"metro:bundling:progress","_t":1790941443086,"id":"3","progress":0,"total":1,"current":0}
{"_e":"metro:bundling:progress","_t":1790941443185,"id":"1","progress":0.9725941642156204,"total":1407,"current":1386}
{"_e":"metro:bundling:progress","_t":1790941443185,"id":"2","progress":0.8782659977903193,"total":760,"current":698}
{"_e":"metro:bundling:progress","_t":1790941443185,"id":"3","progress":0,"total":1,"current":0}
{"_e":"metro:bundling:progress","_t":1790941443290,"id":"1","progress":0.9725941642156204,"total":1423,"current":1390}
{"_e":"metro:bundling:progress","_t":1790941443290,"id":"2","progress":0.8782659977903193,"total":760,"current":698}
{"_e":"metro:bundling:progress","_t":1790941443290,"id":"3","progress":0,"total":1,"current":0}
{"_e":"metro:bundling:progress","_t":1790941443461,"id":"1","progress":0.9725941642156204,"total":1423,"current":1391}
{"_e":"metro:bundling:progress","_t":1790941443461,"id":"2","progress":0.8782659977903193,"total":760,"current":698}
{"_e":"metro:bundling:progress","_t":1790941443461,"id":"3","progress":0,"total":1,"current":0}
{"_e":"metro:bundling:progress","_t":1790941443577,"id":"1","progress":0.9725941642156204,"total":1423,"current":1392}
{"_e":"metro:bundling:progress","_t":1790941443577,"id":"2","progress":0.8782659977903193,"total":760,"current":698}
{"_e":"metro:bundling:progress","_t":1790941443577,"id":"3","progress":0,"total":1,"current":0}
{"_e":"metro:bundling:progress","_t":1790941443744,"id":"1","progress":0.9725941642156204,"total":1423,"current":1393}
{"_e":"metro:bundling:progress","_t":1790941443744,"id":"2","progress":0.8782659977903193,"total":760,"current":698}
{"_e":"metro:bundling:progress","_t":1790941443744,"id":"3","progress":0,"total":1,"current":0}
{"_e":"metro:bundling:progress","_t":1790941443852,"id":"1","progress":0.9725941642156204,"total":1424,"current":1395}
{"_e":"metro:bundling:progress","_t":1790941443852,"id":"2","progress":0.8782659977903193,"total":760,"current":698}
{"_e":"metro:bundling:progress","_t":1790941443852,"id":"3","progress":0,"total":1,"current":0}
{"_e":"metro:bundling:progress","_t":1790941443956,"id":"1","progress":0.9725941642156204,"total":1424,"current":1395}
{"_e":"metro:bundling:progress","_t":1790941443957,"id":"2","progress":0.8782659977903193,"total":760,"current":699}
{"_e":"metro:bundling:progress","_t":1790941443957,"id":"3","progress":0,"total":1,"current":0}
{"_e":"metro:bundling:progress","_t":1790941444059,"id":"1","progress":0.9725941642156204,"total":1429,"current":1403}
{"_e":"metro:bundling:progress","_t":1790941444060,"id":"2","progress":0.8782659977903193,"total":760,"current":699}
{"_e":"metro:bundling:progress","_t":1790941444060,"id":"3","progress":0,"total":1,"current":0}
{"_e":"metro:bundling:progress","_t":1790941444160,"id":"1","progress":0.9725941642156204,"total":1429,"current":1403}
{"_e":"metro:bundling:progress","_t":1790941444161,"id":"2","progress":0.8782659977903193,"total":763,"current":703}
{"_e":"metro:bundling:progress","_t":1790941444161,"id":"3","progress":0,"total":1,"current":0}
{"_e":"metro:bundling:progress","_t":1790941444263,"id":"1","progress":0.9725941642156204,"total":1429,"current":1406}
{"_e":"metro:bundling:progress","_t":1790941444264,"id":"2","progress":0.8782659977903193,"total":763,"current":703}
{"_e":"metro:bundling:progress","_t":1790941444264,"id":"3","progress":0,"total":1,"current":0}
{"_e":"metro:bundling:progress","_t":1790941444364,"id":"1","progress":0.9725941642156204,"total":1429,"current":1406}
{"_e":"metro:bundling:progress","_t":1790941444365,"id":"2","progress":0.8782659977903193,"total":779,"current":713}
{"_e":"metro:bundling:progress","_t":1790941444365,"id":"3","progress":0,"total":1,"current":0}
{"_e":"metro:bundling:progress","_t":1790941444488,"id":"1","progress":0.9725941642156204,"total":1429,"current":1406}
{"_e":"metro:bundling:progress","_t":1790941444488,"id":"2","progress":0.8782659977903193,"total":782,"current":719}
{"_e":"metro:bundling:progress","_t":1790941444488,"id":"3","progress":0,"total":1,"current":0}
{"_e":"metro:bundling:progress","_t":1790941444642,"id":"1","progress":0.9725941642156204,"total":1429,"current":1406}
{"_e":"metro:bundling:progress","_t":1790941444662,"id":"2","progress":0.8782659977903193,"total":783,"current":723}
{"_e":"metro:bundling:progress","_t":1790941444662,"id":"3","progress":0,"total":1,"current":0}
{"_e":"metro:bundling:progress","_t":1790941444780,"id":"1","progress":0.9725941642156204,"total":1429,"current":1406}
{"_e":"metro:bundling:progress","_t":1790941444780,"id":"2","progress":0.8782659977903193,"total":784,"current":723}
{"_e":"metro:bundling:progress","_t":1790941444780,"id":"3","progress":0,"total":1,"current":0}
{"_e":"metro:bundling:progress","_t":1790941444894,"id":"1","progress":0.9725941642156204,"total":1429,"current":1406}
{"_e":"metro:bundling:progress","_t":1790941444897,"id":"2","progress":0.8782659977903193,"total":785,"current":728}
{"_e":"metro:bundling:progress","_t":1790941444897,"id":"3","progress":0,"total":1,"current":0}
{"_e":"metro:bundling:progress","_t":1790941445003,"id":"1","progress":0.9725941642156204,"total":1429,"current":1406}
{"_e":"metro:bundling:progress","_t":1790941445004,"id":"2","progress":0.8782659977903193,"total":787,"current":736}
{"_e":"metro:bundling:progress","_t":1790941445004,"id":"3","progress":0,"total":1,"current":0}
{"_e":"metro:bundling:progress","_t":1790941445092,"id":"1","progress":0.9725941642156204,"total":1429,"current":1406}
{"_e":"metro:bundling:progress","_t":1790941445092,"id":"2","progress":0.8782659977903193,"total":787,"current":737}
{"_e":"metro:bundling:progress","_t":1790941445092,"id":"3","progress":0,"total":1,"current":0}
{"_e":"metro:bundling:progress","_t":1790941445204,"id":"1","progress":0.9725941642156204,"total":1429,"current":1406}
{"_e":"metro:bundling:progress","_t":1790941445204,"id":"2","progress":0.8824609733700643,"total":792,"current":744}
{"_e":"metro:bundling:progress","_t":1790941445204,"id":"3","progress":0,"total":1,"current":0}
{"_e":"metro:bundling:progress","_t":1790941445304,"id":"1","progress":0.9725941642156204,"total":1429,"current":1406}
{"_e":"metro:bundling:progress","_t":1790941445304,"id":"2","progress":0.9063424650545862,"total":792,"current":754}
{"_e":"metro:bundling:progress","_t":1790941445304,"id":"3","progress":0,"total":1,"current":0}
{"_e":"metro:bundling:progress","_t":1790941445410,"id":"1","progress":0.9725941642156204,"total":1429,"current":1406}
{"_e":"metro:bundling:progress","_t":1790941445410,"id":"2","progress":0.9114845140619438,"total":795,"current":759}
{"_e":"metro:bundling:progress","_t":1790941445410,"id":"3","progress":0,"total":1,"current":0}
{"_e":"metro:bundling:progress","_t":1790941445511,"id":"1","progress":0.9777320827544599,"total":1429,"current":1413}
{"_e":"metro:bundling:progress","_t":1790941445511,"id":"2","progress":0.9114845140619438,"total":795,"current":759}
{"_e":"metro:bundling:progress","_t":1790941445511,"id":"3","progress":0,"total":1,"current":0}
{"_e":"metro:bundling:progress","_t":1790941445620,"id":"1","progress":0.9777320827544599,"total":1435,"current":1417}
{"_e":"metro:bundling:progress","_t":1790941445620,"id":"2","progress":0.9114845140619438,"total":795,"current":759}
{"_e":"metro:bundling:progress","_t":1790941445620,"id":"3","progress":0,"total":1,"current":0}
{"_e":"metro:bundling:progress","_t":1790941445731,"id":"1","progress":0.9792033410627784,"total":1435,"current":1420}
{"_e":"metro:bundling:progress","_t":1790941445731,"id":"2","progress":0.9114845140619438,"total":795,"current":759}
{"_e":"metro:bundling:progress","_t":1790941445731,"id":"3","progress":0,"total":1,"current":0}
{"_e":"metro:bundling:progress","_t":1790941445836,"id":"1","progress":0.9861209177458276,"total":1436,"current":1426}
{"_e":"metro:bundling:progress","_t":1790941445836,"id":"2","progress":0.9114845140619438,"total":795,"current":759}
{"_e":"metro:bundling:progress","_t":1790941445836,"id":"3","progress":0,"total":1,"current":0}
{"_e":"metro:bundling:progress","_t":1790941445941,"id":"1","progress":0.9861209177458276,"total":1436,"current":1426}
{"_e":"metro:bundling:progress","_t":1790941445941,"id":"2","progress":0.9114845140619438,"total":803,"current":761}
{"_e":"metro:bundling:progress","_t":1790941445941,"id":"3","progress":0,"total":1,"current":0}
{"_e":"metro:bundling:progress","_t":1790941446049,"id":"1","progress":0.9861209177458276,"total":1436,"current":1426}
{"_e":"metro:bundling:progress","_t":1790941446049,"id":"2","progress":0.9114845140619438,"total":805,"current":767}
{"_e":"metro:bundling:progress","_t":1790941446049,"id":"3","progress":0,"total":1,"current":0}
{"_e":"metro:bundling:progress","_t":1790941446149,"id":"1","progress":0.9861209177458276,"total":1436,"current":1426}
{"_e":"metro:bundling:progress","_t":1790941446149,"id":"2","progress":0.9114845140619438,"total":816,"current":775}
{"_e":"metro:bundling:progress","_t":1790941446149,"id":"3","progress":0,"total":1,"current":0}
{"_e":"metro:bundling:progress","_t":1790941446250,"id":"1","progress":0.9861209177458276,"total":1436,"current":1426}
{"_e":"metro:bundling:progress","_t":1790941446250,"id":"2","progress":0.9114845140619438,"total":825,"current":780}
{"_e":"metro:bundling:progress","_t":1790941446250,"id":"3","progress":0,"total":1,"current":0}
{"_e":"metro:bundling:progress","_t":1790941446353,"id":"1","progress":0.9861209177458276,"total":1436,"current":1426}
{"_e":"metro:bundling:progress","_t":1790941446353,"id":"2","progress":0.9114845140619438,"total":831,"current":788}
{"_e":"metro:bundling:progress","_t":1790941446353,"id":"3","progress":0,"total":1,"current":0}
{"_e":"metro:bundling:progress","_t":1790941446455,"id":"1","progress":0.9861209177458276,"total":1436,"current":1426}
{"_e":"metro:bundling:progress","_t":1790941446459,"id":"2","progress":0.9114845140619438,"total":865,"current":793}
{"_e":"metro:bundling:progress","_t":1790941446459,"id":"3","progress":0,"total":1,"current":0}
{"_e":"metro:bundling:progress","_t":1790941446566,"id":"1","progress":0.9861593364197532,"total":1440,"current":1430}
{"_e":"metro:bundling:progress","_t":1790941446566,"id":"2","progress":0.9114845140619438,"total":865,"current":793}
{"_e":"metro:bundling:progress","_t":1790941446566,"id":"3","progress":0,"total":1,"current":0}
{"_e":"metro:bundling:progress","_t":1790941446668,"id":"1","progress":0.9861593364197532,"total":1440,"current":1430}
{"_e":"metro:bundling:progress","_t":1790941446669,"id":"2","progress":0.9114845140619438,"total":870,"current":803}
{"_e":"metro:bundling:progress","_t":1790941446669,"id":"3","progress":0,"total":1,"current":0}
{"_e":"metro:bundling:progress","_t":1790941446772,"id":"1","progress":0.9903148270336507,"total":1442,"current":1435}
{"_e":"metro:bundling:progress","_t":1790941446772,"id":"2","progress":0.9114845140619438,"total":870,"current":803}
{"_e":"metro:bundling:progress","_t":1790941446773,"id":"3","progress":0,"total":1,"current":0}
{"_e":"metro:bundling:progress","_t":1790941446873,"id":"1","progress":0.9903148270336507,"total":1442,"current":1435}
{"_e":"metro:bundling:progress","_t":1790941446878,"id":"2","progress":0.9114845140619438,"total":871,"current":805}
{"_e":"metro:bundling:progress","_t":1790941446878,"id":"3","progress":0,"total":1,"current":0}
{"_e":"metro:bundling:progress","_t":1790941446980,"id":"1","progress":0.9903148270336507,"total":1442,"current":1435}
{"_e":"metro:bundling:progress","_t":1790941446981,"id":"2","progress":0.9114845140619438,"total":875,"current":810}
{"_e":"metro:bundling:progress","_t":1790941446981,"id":"3","progress":0,"total":1,"current":0}
{"_e":"metro:bundling:progress","_t":1790941447080,"id":"1","progress":0.9903148270336507,"total":1442,"current":1435}
{"_e":"metro:bundling:progress","_t":1790941447085,"id":"2","progress":0.9114845140619438,"total":879,"current":817}
{"_e":"metro:bundling:progress","_t":1790941447085,"id":"3","progress":0,"total":1,"current":0}
{"_e":"metro:bundling:progress","_t":1790941447180,"id":"1","progress":0.9903148270336507,"total":1442,"current":1435}
{"_e":"metro:bundling:progress","_t":1790941447180,"id":"2","progress":0.9114845140619438,"total":883,"current":826}
{"_e":"metro:bundling:progress","_t":1790941447180,"id":"3","progress":0,"total":1,"current":0}
{"_e":"metro:bundling:progress","_t":1790941447280,"id":"1","progress":0.9903148270336507,"total":1442,"current":1435}
{"_e":"metro:bundling:progress","_t":1790941447280,"id":"2","progress":0.9114845140619438,"total":885,"current":832}
{"_e":"metro:bundling:progress","_t":1790941447280,"id":"3","progress":0,"total":1,"current":0}
{"_e":"metro:bundling:progress","_t":1790941447385,"id":"1","progress":0.9903148270336507,"total":1442,"current":1435}
{"_e":"metro:bundling:progress","_t":1790941447385,"id":"2","progress":0.9114845140619438,"total":886,"current":841}
{"_e":"metro:bundling:progress","_t":1790941447385,"id":"3","progress":0,"total":1,"current":0}
{"_e":"metro:bundling:progress","_t":1790941447488,"id":"1","progress":0.9903148270336507,"total":1442,"current":1435}
{"_e":"metro:bundling:progress","_t":1790941447488,"id":"2","progress":0.9114845140619438,"total":890,"current":848}
{"_e":"metro:bundling:progress","_t":1790941447488,"id":"3","progress":0,"total":1,"current":0}
{"_e":"metro:bundling:progress","_t":1790941447594,"id":"1","progress":0.9903148270336507,"total":1442,"current":1435}
{"_e":"metro:bundling:progress","_t":1790941447594,"id":"2","progress":0.9272175230400201,"total":890,"current":857}
{"_e":"metro:bundling:progress","_t":1790941447594,"id":"3","progress":0,"total":1,"current":0}
{"_e":"metro:bundling:progress","_t":1790941447719,"id":"1","progress":0.9958463180916405,"total":1443,"current":1440}
{"_e":"metro:bundling:progress","_t":1790941447720,"id":"2","progress":0.9272175230400201,"total":890,"current":857}
{"_e":"metro:bundling:progress","_t":1790941447720,"id":"3","progress":0,"total":1,"current":0}
{"_e":"metro:bundling:progress","_t":1790941447889,"id":"1","progress":0.9958463180916405,"total":1443,"current":1440}
{"_e":"metro:bundling:progress","_t":1790941447889,"id":"2","progress":0.9492637558128647,"total":895,"current":872}
{"_e":"metro:bundling:progress","_t":1790941447889,"id":"3","progress":0,"total":1,"current":0}
{"_e":"metro:bundling:progress","_t":1790941448004,"id":"1","progress":0.9958463180916405,"total":1443,"current":1440}
{"_e":"metro:bundling:progress","_t":1790941448004,"id":"2","progress":0.9601810180705971,"total":895,"current":877}
{"_e":"metro:bundling:progress","_t":1790941448004,"id":"3","progress":0,"total":1,"current":0}
{"_e":"metro:bundling:progress","_t":1790941448113,"id":"1","progress":0.9958463180916405,"total":1443,"current":1440}
{"_e":"metro:bundling:progress","_t":1790941448114,"id":"2","progress":0.9755700508723197,"total":895,"current":884}
{"_e":"metro:bundling:progress","_t":1790941448114,"id":"3","progress":0,"total":1,"current":0}
{"_e":"metro:bundling:progress","_t":1790941448214,"id":"1","progress":0.9958463180916405,"total":1443,"current":1440}
{"_e":"metro:bundling:progress","_t":1790941448214,"id":"2","progress":0.9866816136824719,"total":898,"current":892}
{"_e":"metro:bundling:progress","_t":1790941448214,"id":"3","progress":0,"total":1,"current":0}
{"_e":"metro:bundling:progress","_t":1790941448317,"id":"1","progress":0.9958463180916405,"total":1443,"current":1440}
{"_e":"metro:bundling:progress","_t":1790941448317,"id":"2","progress":0.9889074623763148,"total":899,"current":894}
{"_e":"metro:bundling:progress","_t":1790941448317,"id":"3","progress":0,"total":1,"current":0}
{"_e":"metro:bundling:progress","_t":1790941448417,"id":"1","progress":0.9958463180916405,"total":1443,"current":1440}
{"_e":"metro:bundling:progress","_t":1790941448417,"id":"2","progress":0.9889074623763148,"total":904,"current":895}
{"_e":"metro:bundling:progress","_t":1790941448417,"id":"3","progress":0,"total":1,"current":0}
{"_e":"metro:bundling:progress","_t":1790941448540,"id":"1","progress":0.9958463180916405,"total":1443,"current":1440}
{"_e":"metro:bundling:progress","_t":1790941448540,"id":"2","progress":0.9889074623763148,"total":904,"current":896}
{"_e":"metro:bundling:progress","_t":1790941448540,"id":"3","progress":0,"total":1,"current":0}
{"_e":"metro:bundling:progress","_t":1790941448645,"id":"1","progress":0.9958463180916405,"total":1443,"current":1440}
{"_e":"metro:bundling:progress","_t":1790941448645,"id":"2","progress":0.9889074623763148,"total":909,"current":901}
{"_e":"metro:bundling:progress","_t":1790941448645,"id":"3","progress":0,"total":1,"current":0}
{"_e":"metro:bundling:progress","_t":1790941448759,"id":"1","progress":0.9958463180916405,"total":1443,"current":1440}
{"_e":"metro:bundling:progress","_t":1790941448760,"id":"2","progress":0.9889074623763148,"total":910,"current":904}
{"_e":"metro:bundling:progress","_t":1790941448760,"id":"3","progress":0,"total":1,"current":0}
{"_e":"metro:bundling:progress","_t":1790941448864,"id":"1","progress":0.9958463180916405,"total":1443,"current":1440}
{"_e":"metro:bundling:progress","_t":1790941448864,"id":"2","progress":0.99341746165922,"total":910,"current":907}
{"_e":"metro:bundling:progress","_t":1790941448864,"id":"3","progress":0,"total":1,"current":0}
{"_e":"metro:bundling:done","_t":1790941449239,"id":"1","total":1443,"ms":88091.7087}
{"_e":"metro:bundling:progress","_t":1790941449239,"id":"2","progress":0.99341746165922,"total":910,"current":907}
{"_e":"metro:bundling:progress","_t":1790941449239,"id":"3","progress":0,"total":1,"current":0}
{"_e":"metro:bundling:progress","_t":1790941449240,"id":"2","progress":0.9956092259388963,"total":910,"current":908}
{"_e":"metro:bundling:progress","_t":1790941449241,"id":"3","progress":0,"total":1,"current":0}
{"_e":"metro:bundling:progress","_t":1790941449348,"id":"2","progress":0.999,"total":910,"current":910}
{"_e":"metro:bundling:progress","_t":1790941449348,"id":"3","progress":0,"total":1,"current":0}
{"_e":"metro:bundling:done","_t":1790941449483,"id":"2","total":910,"ms":54378.7025}
{"_e":"metro:bundling:progress","_t":1790941449483,"id":"3","progress":0,"total":1,"current":0}
{"_e":"metro:bundling:done","_t":1790941449538,"id":"3","total":1,"ms":30729.7447}
{"_e":"metro:client_log","_t":1790941450117,"level":"info","data":["%cDownload the React DevTools for a better development experience: https://react.dev/link/react-devtools","font-weight:bold"]}
{"_e":"metro:client_log","_t":1790941450118,"level":"log","data":["Running application \"main\" with appParams:\n","{\"hydrate\": undefined, \"rootTag\": \"#root\"}","\nDevelopment-level warnings: ON.\nPerformance optimizations: OFF."]}
{"_e":"metro:client_log","_t":1790941450157,"level":"warn","data":["\"shadow*\" style props are deprecated. Use \"boxShadow\"."]}
{"_e":"metro:bundling:started","_t":1790941450246,"id":"5","platform":"web","environment":null,"entry":"node_modules\\expo-sqlite\\web\\worker.ts"}
{"_e":"metro:bundling:progress","_t":1790941450246,"id":"5","progress":0,"total":1,"current":0}
{"_e":"metro:bundling:progress","_t":1790941450248,"id":"5","progress":0,"total":1,"current":0}
{"_e":"metro:bundling:progress","_t":1790941450398,"id":"5","progress":0.010000000000000002,"total":1,"current":1}
{"_e":"metro:bundling:progress","_t":1790941450513,"id":"5","progress":0.34027777777777785,"total":12,"current":7}
{"_e":"metro:bundling:progress","_t":1790941450614,"id":"5","progress":0.34027777777777785,"total":14,"current":8}
{"_e":"metro:bundling:progress","_t":1790941450719,"id":"5","progress":0.47265625,"total":16,"current":11}
{"_e":"metro:bundling:progress","_t":1790941450819,"id":"5","progress":0.765625,"total":16,"current":14}
{"_e":"metro:bundling:progress","_t":1790941450931,"id":"5","progress":0.87890625,"total":16,"current":15}
{"_e":"metro:bundling:progress","_t":1790941451321,"id":"5","progress":0.999,"total":16,"current":16}
{"_e":"metro:bundling:done","_t":1790941451343,"id":"5","total":16,"ms":1096.7709}
{"_e":"metro:client_log","_t":1790941597218,"level":"warn","data":["Animated: `useNativeDriver` is not supported because the native animated module is missing. Falling back to JS-based animation. To resolve this, add `RCTAnimation` module to this app, or remove `useNativeDriver`. Make sure to run `bundle exec pod install` first. Read more about autolinking: https://github.com/react-native-community/cli/blob/master/docs/autolinking.md"]}
