{"_e":"root:init","_t":1790865528000,"format":"v0-jsonl","version":"57.0.27"}
{"_e":"env:mode","_t":1790865528024,"nodeEnv":"development","babelEnv":"development","mode":"development"}
{"_e":"env:load","_t":1790865528048,"mode":"development","files":[],"env":{}}
{"_e":"devserver:start","_t":1790865535065,"mode":"development","web":true,"baseUrl":"","asyncRoutes":false,"routerRoot":"../..\\..\\app","serverComponents":false,"serverActions":false,"serverRendering":false,"apiRoutes":false,"exporting":false}
{"_e":"metro:config","_t":1790865543813,"serverRoot":"../..\\..","projectRoot":"../..\\..","exporting":false,"flags":{"autolinkingModuleResolution":false,"serverActions":false,"serverComponents":false,"reactCompiler":false,"optimizeGraph":false,"treeshaking":false,"logbox":false}}
{"_e":"expo:dev-tools-plugin:load","_t":1790865548630,"plugins":[{"packageName":"expo-sqlite","bannerTitle":"expo-sqlite","cliBanner":false,"webpageEndpoint":"/_expo/plugins/expo-sqlite"}]}
{"_e":"metro:instantiate","_t":1790865564626,"atlas":false,"workers":3,"host":"::","port":8081}
{"_e":"metro:bundling:started","_t":1790865580735,"id":"1","platform":"android","environment":null,"entry":"node_modules\\expo-router\\entry.js"}
{"_e":"metro:bundling:progress","_t":1790865580736,"id":"1","progress":0,"total":1,"current":0}
{"_e":"metro:bundling:progress","_t":1790865580742,"id":"1","progress":0,"total":1,"current":0}
{"_e":"metro:bundling:progress","_t":1790865589258,"id":"1","progress":0.010000000000000002,"total":1,"current":1}
{"_e":"metro:bundling:progress","_t":1790865589358,"id":"1","progress":0.010000000000000002,"total":2,"current":1}
{"_e":"metro:bundling:progress","_t":1790865589431,"id":"1","progress":0.04000000000000001,"total":2,"current":2}
{"_e":"metro:bundling:progress","_t":1790865589535,"id":"1","progress":0.09,"total":10,"current":3}
{"_e":"metro:bundling:progress","_t":1790865589651,"id":"1","progress":0.16000000000000003,"total":10,"current":4}
{"_e":"metro:bundling:progress","_t":1790865589752,"id":"1","progress":0.16000000000000003,"total":18,"current":5}
{"_e":"metro:bundling:progress","_t":1790865589901,"id":"1","progress":0.16000000000000003,"total":18,"current":7}
{"_e":"metro:bundling:progress","_t":1790865590022,"id":"1","progress":0.16735537190082647,"total":22,"current":9}
{"_e":"metro:bundling:progress","_t":1790865590129,"id":"1","progress":0.16735537190082647,"total":23,"current":9}
{"_e":"metro:bundling:progress","_t":1790865590193,"id":"1","progress":0.1890359168241966,"total":23,"current":10}
{"_e":"metro:bundling:progress","_t":1790865590302,"id":"1","progress":0.1890359168241966,"total":37,"current":11}
{"_e":"metro:bundling:progress","_t":1790865590419,"id":"1","progress":0.1890359168241966,"total":37,"current":12}
{"_e":"metro:bundling:progress","_t":1790865590531,"id":"1","progress":0.1890359168241966,"total":39,"current":13}
{"_e":"metro:bundling:progress","_t":1790865590558,"id":"1","progress":0.1890359168241966,"total":39,"current":14}
{"_e":"metro:bundling:progress","_t":1790865590670,"id":"1","progress":0.1890359168241966,"total":40,"current":15}
{"_e":"metro:bundling:progress","_t":1790865590774,"id":"1","progress":0.1890359168241966,"total":42,"current":15}
{"_e":"metro:bundling:progress","_t":1790865590849,"id":"1","progress":0.1890359168241966,"total":42,"current":16}
{"_e":"metro:bundling:progress","_t":1790865590963,"id":"1","progress":0.1890359168241966,"total":44,"current":17}
{"_e":"metro:bundling:progress","_t":1790865590982,"id":"1","progress":0.1890359168241966,"total":44,"current":18}
{"_e":"metro:bundling:progress","_t":1790865591086,"id":"1","progress":0.1890359168241966,"total":46,"current":18}
{"_e":"metro:bundling:progress","_t":1790865591124,"id":"1","progress":0.1890359168241966,"total":46,"current":19}
{"_e":"metro:bundling:progress","_t":1790865591229,"id":"1","progress":0.1890359168241966,"total":50,"current":19}
{"_e":"metro:bundling:progress","_t":1790865591262,"id":"1","progress":0.1890359168241966,"total":50,"current":20}
{"_e":"metro:bundling:progress","_t":1790865591371,"id":"1","progress":0.1890359168241966,"total":51,"current":20}
{"_e":"metro:bundling:progress","_t":1790865591401,"id":"1","progress":0.1890359168241966,"total":51,"current":21}
{"_e":"metro:bundling:progress","_t":1790865591505,"id":"1","progress":0.1890359168241966,"total":56,"current":23}
{"_e":"metro:bundling:progress","_t":1790865591623,"id":"1","progress":0.21556122448979592,"total":56,"current":26}
{"_e":"metro:bundling:progress","_t":1790865591727,"id":"1","progress":0.2336111111111111,"total":60,"current":29}
{"_e":"metro:bundling:progress","_t":1790865591829,"id":"1","progress":0.2336111111111111,"total":67,"current":31}
{"_e":"metro:bundling:progress","_t":1790865591932,"id":"1","progress":0.2336111111111111,"total":70,"current":33}
{"_e":"metro:bundling:progress","_t":1790865592059,"id":"1","progress":0.2336111111111111,"total":94,"current":36}
{"_e":"metro:bundling:progress","_t":1790865592134,"id":"1","progress":0.2336111111111111,"total":94,"current":37}
{"_e":"metro:bundling:progress","_t":1790865592253,"id":"1","progress":0.2336111111111111,"total":96,"current":39}
{"_e":"metro:bundling:progress","_t":1790865592353,"id":"1","progress":0.2336111111111111,"total":212,"current":44}
{"_e":"metro:bundling:progress","_t":1790865592532,"id":"1","progress":0.2336111111111111,"total":212,"current":45}
{"_e":"metro:bundling:progress","_t":1790865592647,"id":"1","progress":0.2336111111111111,"total":215,"current":46}
{"_e":"metro:bundling:progress","_t":1790865592758,"id":"1","progress":0.2336111111111111,"total":216,"current":47}
{"_e":"metro:bundling:progress","_t":1790865592914,"id":"1","progress":0.2336111111111111,"total":222,"current":52}
{"_e":"metro:bundling:progress","_t":1790865592992,"id":"1","progress":0.2336111111111111,"total":222,"current":53}
{"_e":"metro:bundling:progress","_t":1790865593097,"id":"1","progress":0.2336111111111111,"total":223,"current":53}
{"_e":"metro:bundling:progress","_t":1790865593205,"id":"1","progress":0.2336111111111111,"total":229,"current":57}
{"_e":"metro:bundling:progress","_t":1790865593320,"id":"1","progress":0.2336111111111111,"total":230,"current":58}
{"_e":"metro:bundling:progress","_t":1790865593350,"id":"1","progress":0.2336111111111111,"total":230,"current":59}
{"_e":"metro:bundling:progress","_t":1790865593449,"id":"1","progress":0.2336111111111111,"total":252,"current":65}
{"_e":"metro:bundling:progress","_t":1790865593555,"id":"1","progress":0.2336111111111111,"total":258,"current":70}
{"_e":"metro:bundling:progress","_t":1790865593668,"id":"1","progress":0.2336111111111111,"total":258,"current":71}
{"_e":"metro:bundling:progress","_t":1790865593771,"id":"1","progress":0.2336111111111111,"total":263,"current":77}
{"_e":"metro:bundling:progress","_t":1790865593892,"id":"1","progress":0.2336111111111111,"total":266,"current":81}
{"_e":"metro:bundling:progress","_t":1790865593993,"id":"1","progress":0.2336111111111111,"total":266,"current":84}
{"_e":"metro:bundling:progress","_t":1790865594098,"id":"1","progress":0.2336111111111111,"total":269,"current":91}
{"_e":"metro:bundling:progress","_t":1790865594203,"id":"1","progress":0.2336111111111111,"total":269,"current":95}
{"_e":"metro:bundling:progress","_t":1790865594516,"id":"1","progress":0.2336111111111111,"total":269,"current":96}
{"_e":"metro:bundling:progress","_t":1790865594659,"id":"1","progress":0.2336111111111111,"total":270,"current":97}
{"_e":"metro:bundling:progress","_t":1790865594679,"id":"1","progress":0.2336111111111111,"total":270,"current":98}
{"_e":"metro:bundling:progress","_t":1790865594799,"id":"1","progress":0.2336111111111111,"total":274,"current":100}
{"_e":"metro:bundling:progress","_t":1790865594875,"id":"1","progress":0.2336111111111111,"total":274,"current":101}
{"_e":"metro:bundling:progress","_t":1790865594986,"id":"1","progress":0.2336111111111111,"total":278,"current":104}
{"_e":"metro:bundling:progress","_t":1790865595091,"id":"1","progress":0.2336111111111111,"total":280,"current":108}
{"_e":"metro:bundling:progress","_t":1790865595202,"id":"1","progress":0.2336111111111111,"total":289,"current":109}
{"_e":"metro:bundling:progress","_t":1790865595304,"id":"1","progress":0.2336111111111111,"total":291,"current":112}
{"_e":"metro:bundling:progress","_t":1790865595413,"id":"1","progress":0.2336111111111111,"total":299,"current":115}
{"_e":"metro:bundling:progress","_t":1790865595517,"id":"1","progress":0.2336111111111111,"total":299,"current":116}
{"_e":"metro:bundling:progress","_t":1790865595610,"id":"1","progress":0.2336111111111111,"total":299,"current":117}
{"_e":"metro:bundling:progress","_t":1790865595730,"id":"1","progress":0.2336111111111111,"total":303,"current":120}
{"_e":"metro:bundling:progress","_t":1790865595890,"id":"1","progress":0.2336111111111111,"total":313,"current":121}
{"_e":"metro:bundling:progress","_t":1790865595935,"id":"1","progress":0.2336111111111111,"total":313,"current":122}
{"_e":"metro:bundling:progress","_t":1790865596048,"id":"1","progress":0.2336111111111111,"total":317,"current":124}
{"_e":"metro:bundling:progress","_t":1790865596167,"id":"1","progress":0.2336111111111111,"total":320,"current":126}
{"_e":"metro:bundling:progress","_t":1790865596276,"id":"1","progress":0.2336111111111111,"total":320,"current":132}
{"_e":"metro:bundling:progress","_t":1790865596382,"id":"1","progress":0.2336111111111111,"total":327,"current":136}
{"_e":"metro:bundling:progress","_t":1790865596500,"id":"1","progress":0.2336111111111111,"total":332,"current":142}
{"_e":"metro:bundling:progress","_t":1790865596601,"id":"1","progress":0.2336111111111111,"total":340,"current":147}
{"_e":"metro:bundling:progress","_t":1790865596706,"id":"1","progress":0.2336111111111111,"total":345,"current":153}
{"_e":"metro:bundling:progress","_t":1790865596809,"id":"1","progress":0.2336111111111111,"total":349,"current":159}
{"_e":"metro:bundling:progress","_t":1790865596926,"id":"1","progress":0.2336111111111111,"total":351,"current":161}
{"_e":"metro:bundling:progress","_t":1790865597048,"id":"1","progress":0.2336111111111111,"total":351,"current":162}
{"_e":"metro:bundling:progress","_t":1790865597159,"id":"1","progress":0.2336111111111111,"total":358,"current":166}
{"_e":"metro:bundling:progress","_t":1790865597274,"id":"1","progress":0.2336111111111111,"total":361,"current":168}
{"_e":"metro:bundling:progress","_t":1790865597383,"id":"1","progress":0.2336111111111111,"total":365,"current":175}
{"_e":"metro:bundling:progress","_t":1790865597487,"id":"1","progress":0.2378887659719799,"total":367,"current":179}
{"_e":"metro:bundling:progress","_t":1790865597595,"id":"1","progress":0.24462381300219138,"total":370,"current":183}
{"_e":"metro:bundling:progress","_t":1790865597708,"id":"1","progress":0.2540376197629538,"total":373,"current":188}
{"_e":"metro:bundling:progress","_t":1790865597820,"id":"1","progress":0.2688614540466392,"total":378,"current":196}
{"_e":"metro:bundling:progress","_t":1790865597937,"id":"1","progress":0.2688614540466392,"total":400,"current":200}
{"_e":"metro:bundling:progress","_t":1790865598001,"id":"1","progress":0.2688614540466392,"total":400,"current":201}
{"_e":"metro:bundling:progress","_t":1790865598149,"id":"1","progress":0.2688614540466392,"total":409,"current":204}
{"_e":"metro:bundling:progress","_t":1790865598251,"id":"1","progress":0.2688614540466392,"total":421,"current":209}
{"_e":"metro:bundling:progress","_t":1790865598356,"id":"1","progress":0.2688614540466392,"total":422,"current":210}
{"_e":"metro:bundling:progress","_t":1790865598513,"id":"1","progress":0.2688614540466392,"total":422,"current":211}
{"_e":"metro:bundling:progress","_t":1790865598633,"id":"1","progress":0.2688614540466392,"total":427,"current":215}
{"_e":"metro:bundling:progress","_t":1790865598751,"id":"1","progress":0.2688614540466392,"total":429,"current":218}
{"_e":"metro:bundling:progress","_t":1790865598855,"id":"1","progress":0.26895078420767987,"total":430,"current":223}
{"_e":"metro:bundling:progress","_t":1790865598970,"id":"1","progress":0.2737966468361277,"total":430,"current":225}
{"_e":"metro:bundling:progress","_t":1790865599075,"id":"1","progress":0.2737966468361277,"total":441,"current":228}
{"_e":"metro:bundling:progress","_t":1790865599213,"id":"1","progress":0.27415225350334554,"total":445,"current":233}
{"_e":"metro:bundling:progress","_t":1790865599329,"id":"1","progress":0.27415225350334554,"total":457,"current":237}
{"_e":"metro:bundling:progress","_t":1790865599439,"id":"1","progress":0.27415225350334554,"total":463,"current":242}
{"_e":"metro:bundling:progress","_t":1790865599576,"id":"1","progress":0.27415225350334554,"total":481,"current":245}
{"_e":"metro:bundling:progress","_t":1790865599683,"id":"1","progress":0.27415225350334554,"total":481,"current":246}
{"_e":"metro:bundling:progress","_t":1790865599801,"id":"1","progress":0.27415225350334554,"total":484,"current":247}
{"_e":"metro:bundling:progress","_t":1790865599901,"id":"1","progress":0.27415225350334554,"total":495,"current":251}
{"_e":"metro:bundling:progress","_t":1790865600041,"id":"1","progress":0.27415225350334554,"total":506,"current":253}
{"_e":"metro:bundling:progress","_t":1790865600173,"id":"1","progress":0.27415225350334554,"total":506,"current":254}
{"_e":"metro:bundling:progress","_t":1790865600280,"id":"1","progress":0.27415225350334554,"total":511,"current":257}
{"_e":"metro:bundling:progress","_t":1790865600400,"id":"1","progress":0.27415225350334554,"total":511,"current":258}
{"_e":"metro:bundling:progress","_t":1790865600541,"id":"1","progress":0.27415225350334554,"total":511,"current":259}
{"_e":"metro:bundling:progress","_t":1790865600642,"id":"1","progress":0.27415225350334554,"total":511,"current":262}
{"_e":"metro:bundling:progress","_t":1790865600749,"id":"1","progress":0.27415225350334554,"total":511,"current":263}
{"_e":"metro:bundling:progress","_t":1790865600850,"id":"1","progress":0.27415225350334554,"total":512,"current":265}
{"_e":"metro:bundling:progress","_t":1790865600966,"id":"1","progress":0.27415225350334554,"total":515,"current":266}
{"_e":"metro:bundling:progress","_t":1790865601086,"id":"1","progress":0.27415225350334554,"total":521,"current":267}
{"_e":"metro:bundling:progress","_t":1790865601238,"id":"1","progress":0.27415225350334554,"total":521,"current":269}
{"_e":"metro:bundling:progress","_t":1790865601455,"id":"1","progress":0.27415225350334554,"total":522,"current":271}
{"_e":"metro:bundling:progress","_t":1790865601464,"id":"1","progress":0.27415225350334554,"total":522,"current":272}
{"_e":"metro:bundling:progress","_t":1790865601566,"id":"1","progress":0.2764789108284679,"total":523,"current":275}
{"_e":"metro:bundling:progress","_t":1790865601666,"id":"1","progress":0.2764789108284679,"total":529,"current":276}
{"_e":"metro:bundling:progress","_t":1790865601767,"id":"1","progress":0.2764789108284679,"total":530,"current":278}
{"_e":"metro:bundling:progress","_t":1790865601888,"id":"1","progress":0.27910288358846563,"total":530,"current":280}
{"_e":"metro:bundling:progress","_t":1790865602002,"id":"1","progress":0.28310430758276967,"total":530,"current":282}
{"_e":"metro:bundling:progress","_t":1790865602105,"id":"1","progress":0.28511569953720184,"total":530,"current":283}
{"_e":"metro:bundling:progress","_t":1790865602232,"id":"1","progress":0.28807175460436024,"total":531,"current":285}
{"_e":"metro:bundling:progress","_t":1790865602360,"id":"1","progress":0.28885592447642694,"total":534,"current":287}
{"_e":"metro:bundling:progress","_t":1790865602481,"id":"1","progress":0.28963238073440634,"total":537,"current":289}
{"_e":"metro:bundling:progress","_t":1790865602581,"id":"1","progress":0.2904012345679012,"total":540,"current":291}
{"_e":"metro:bundling:progress","_t":1790865602681,"id":"1","progress":0.29331934768570556,"total":541,"current":293}
{"_e":"metro:bundling:progress","_t":1790865602935,"id":"1","progress":0.29331934768570556,"total":543,"current":294}
{"_e":"metro:bundling:progress","_t":1790865603058,"id":"1","progress":0.29331934768570556,"total":545,"current":295}
{"_e":"metro:bundling:progress","_t":1790865603163,"id":"1","progress":0.29571367680750166,"total":548,"current":298}
{"_e":"metro:bundling:progress","_t":1790865603264,"id":"1","progress":0.30059953351183305,"total":549,"current":301}
{"_e":"metro:bundling:progress","_t":1790865603430,"id":"1","progress":0.30059953351183305,"total":555,"current":303}
{"_e":"metro:bundling:progress","_t":1790865603497,"id":"1","progress":0.30059953351183305,"total":555,"current":304}
{"_e":"metro:bundling:progress","_t":1790865603597,"id":"1","progress":0.30487875886341287,"total":556,"current":307}
{"_e":"metro:bundling:progress","_t":1790865603698,"id":"1","progress":0.31086641478184357,"total":556,"current":310}
{"_e":"metro:bundling:progress","_t":1790865603798,"id":"1","progress":0.31175281789788206,"total":557,"current":311}
{"_e":"metro:bundling:progress","_t":1790865603912,"id":"1","progress":0.31552638400414745,"total":559,"current":314}
{"_e":"metro:bundling:progress","_t":1790865604026,"id":"1","progress":0.31552638400414745,"total":578,"current":317}
{"_e":"metro:bundling:progress","_t":1790865604130,"id":"1","progress":0.31552638400414745,"total":578,"current":318}
{"_e":"metro:bundling:progress","_t":1790865604489,"id":"1","progress":0.31552638400414745,"total":578,"current":319}
{"_e":"metro:bundling:progress","_t":1790865604591,"id":"1","progress":0.31552638400414745,"total":578,"current":320}
{"_e":"metro:bundling:progress","_t":1790865604708,"id":"1","progress":0.31552638400414745,"total":580,"current":323}
{"_e":"metro:bundling:progress","_t":1790865604821,"id":"1","progress":0.31552638400414745,"total":580,"current":324}
{"_e":"metro:bundling:progress","_t":1790865604989,"id":"1","progress":0.31552638400414745,"total":580,"current":325}
{"_e":"metro:bundling:progress","_t":1790865605179,"id":"1","progress":0.31552638400414745,"total":586,"current":328}
{"_e":"metro:bundling:progress","_t":1790865605314,"id":"1","progress":0.31552638400414745,"total":594,"current":331}
{"_e":"metro:bundling:progress","_t":1790865605430,"id":"1","progress":0.3167596777859145,"total":597,"current":336}
{"_e":"metro:bundling:progress","_t":1790865605555,"id":"1","progress":0.32029174946558114,"total":599,"current":339}
{"_e":"metro:bundling:progress","_t":1790865605699,"id":"1","progress":0.32029174946558114,"total":605,"current":341}
{"_e":"metro:bundling:progress","_t":1790865605880,"id":"1","progress":0.3211733509929461,"total":607,"current":344}
{"_e":"metro:bundling:progress","_t":1790865606013,"id":"1","progress":0.3238508483379501,"total":608,"current":346}
{"_e":"metro:bundling:progress","_t":1790865606113,"id":"1","progress":0.32465669581348194,"total":609,"current":347}
{"_e":"metro:bundling:progress","_t":1790865606262,"id":"1","progress":0.32653061224489793,"total":609,"current":348}
{"_e":"metro:bundling:progress","_t":1790865606471,"id":"1","progress":0.32653061224489793,"total":611,"current":349}
{"_e":"metro:bundling:progress","_t":1790865606732,"id":"1","progress":0.3270643769490367,"total":612,"current":350}
{"_e":"metro:bundling:progress","_t":1790865606845,"id":"1","progress":0.3316106437731691,"total":613,"current":353}
{"_e":"metro:bundling:progress","_t":1790865607154,"id":"1","progress":0.3334921188283227,"total":613,"current":354}
{"_e":"metro:bundling:progress","_t":1790865607341,"id":"1","progress":0.3334921188283227,"total":614,"current":354}
{"_e":"metro:bundling:progress","_t":1790865607464,"id":"1","progress":0.33428736644420637,"total":614,"current":355}
{"_e":"metro:bundling:progress","_t":1790865607785,"id":"1","progress":0.33428736644420637,"total":625,"current":360}
{"_e":"metro:bundling:progress","_t":1790865607999,"id":"1","progress":0.33428736644420637,"total":625,"current":361}
{"_e":"metro:bundling:progress","_t":1790865608131,"id":"1","progress":0.3362517735201952,"total":626,"current":363}
{"_e":"metro:bundling:progress","_t":1790865608323,"id":"1","progress":0.3378052862185079,"total":628,"current":365}
{"_e":"metro:bundling:progress","_t":1790865608433,"id":"1","progress":0.3393524817334342,"total":630,"current":367}
{"_e":"metro:bundling:progress","_t":1790865608561,"id":"1","progress":0.34274355071302676,"total":632,"current":370}
{"_e":"metro:bundling:started","_t":1790865608581,"id":"2","platform":"web","environment":null,"entry":"node_modules\\expo-router\\entry.js"}
{"_e":"metro:bundling:progress","_t":1790865608581,"id":"1","progress":0.34274355071302676,"total":632,"current":370}
{"_e":"metro:bundling:progress","_t":1790865608581,"id":"2","progress":0,"total":1,"current":0}
{"_e":"metro:bundling:progress","_t":1790865608674,"id":"1","progress":0.34351080264244843,"total":633,"current":371}
{"_e":"metro:bundling:progress","_t":1790865608674,"id":"2","progress":0,"total":1,"current":0}
{"_e":"metro:bundling:progress","_t":1790865608784,"id":"1","progress":0.34471830031372525,"total":637,"current":374}
{"_e":"metro:bundling:progress","_t":1790865608784,"id":"2","progress":0,"total":1,"current":0}
{"_e":"metro:bundling:progress","_t":1790865608935,"id":"1","progress":0.3457004458161865,"total":648,"current":381}
{"_e":"metro:bundling:progress","_t":1790865608935,"id":"2","progress":0,"total":1,"current":0}
{"_e":"metro:bundling:progress","_t":1790865609040,"id":"1","progress":0.35008463892535874,"total":649,"current":384}
{"_e":"metro:bundling:progress","_t":1790865609040,"id":"2","progress":0,"total":1,"current":0}
{"_e":"metro:bundling:progress","_t":1790865609144,"id":"1","progress":0.3544828402366864,"total":650,"current":387}
{"_e":"metro:bundling:progress","_t":1790865609153,"id":"2","progress":0,"total":1,"current":0}
{"_e":"metro:bundling:progress","_t":1790865609245,"id":"1","progress":0.3563171597633136,"total":650,"current":388}
{"_e":"metro:bundling:progress","_t":1790865609253,"id":"2","progress":0,"total":1,"current":0}
{"_e":"metro:bundling:progress","_t":1790865609397,"id":"1","progress":0.357056731815168,"total":651,"current":389}
{"_e":"metro:bundling:progress","_t":1790865609397,"id":"2","progress":0,"total":1,"current":0}
{"_e":"metro:bundling:progress","_t":1790865609645,"id":"1","progress":0.3588948586718766,"total":651,"current":390}
{"_e":"metro:bundling:progress","_t":1790865609645,"id":"2","progress":0,"total":1,"current":0}
{"_e":"metro:bundling:progress","_t":1790865609798,"id":"1","progress":0.3614738981519816,"total":652,"current":392}
{"_e":"metro:bundling:progress","_t":1790865609798,"id":"2","progress":0,"total":1,"current":0}
{"_e":"metro:bundling:progress","_t":1790865609915,"id":"1","progress":0.3629417650964659,"total":654,"current":394}
{"_e":"metro:bundling:progress","_t":1790865609928,"id":"2","progress":0,"total":1,"current":0}
{"_e":"metro:bundling:progress","_t":1790865610016,"id":"1","progress":0.3647864470817084,"total":654,"current":395}
{"_e":"metro:bundling:progress","_t":1790865610029,"id":"2","progress":0,"total":1,"current":0}
{"_e":"metro:bundling:progress","_t":1790865610063,"id":"1","progress":0.3666358050669136,"total":654,"current":396}
{"_e":"metro:bundling:progress","_t":1790865610063,"id":"2","progress":0,"total":1,"current":0}
{"_e":"metro:bundling:progress","_t":1790865610165,"id":"1","progress":0.37407999700736,"total":654,"current":400}
{"_e":"metro:bundling:progress","_t":1790865610165,"id":"2","progress":0,"total":1,"current":0}
{"_e":"metro:bundling:progress","_t":1790865610286,"id":"1","progress":0.378553697336985,"total":655,"current":403}
{"_e":"metro:bundling:progress","_t":1790865610286,"id":"2","progress":0,"total":1,"current":0}
{"_e":"metro:bundling:progress","_t":1790865610477,"id":"1","progress":0.3804347066021793,"total":655,"current":404}
{"_e":"metro:bundling:progress","_t":1790865610477,"id":"2","progress":0,"total":1,"current":0}
{"_e":"metro:bundling:progress","_t":1790865610591,"id":"1","progress":0.3804347066021793,"total":660,"current":405}
{"_e":"metro:bundling:progress","_t":1790865610591,"id":"2","progress":0,"total":1,"current":0}
{"_e":"metro:bundling:progress","_t":1790865610709,"id":"1","progress":0.38055686365508035,"total":663,"current":409}
{"_e":"metro:bundling:progress","_t":1790865610709,"id":"2","progress":0,"total":1,"current":0}
{"_e":"metro:bundling:progress","_t":1790865610832,"id":"1","progress":0.3806761267854327,"total":671,"current":414}
{"_e":"metro:bundling:progress","_t":1790865610833,"id":"2","progress":0,"total":1,"current":0}
{"_e":"metro:bundling:progress","_t":1790865610939,"id":"1","progress":0.3832199546485261,"total":672,"current":416}
{"_e":"metro:bundling:progress","_t":1790865610943,"id":"2","progress":0,"total":1,"current":0}
{"_e":"metro:bundling:progress","_t":1790865611042,"id":"1","progress":0.390625,"total":672,"current":420}
{"_e":"metro:bundling:progress","_t":1790865611042,"id":"2","progress":0,"total":1,"current":0}
{"_e":"metro:bundling:progress","_t":1790865611146,"id":"1","progress":0.3969187223604582,"total":673,"current":424}
{"_e":"metro:bundling:progress","_t":1790865611146,"id":"2","progress":0,"total":1,"current":0}
{"_e":"metro:bundling:progress","_t":1790865611251,"id":"1","progress":0.3969187223604582,"total":675,"current":425}
{"_e":"metro:bundling:progress","_t":1790865611255,"id":"2","progress":0,"total":1,"current":0}
{"_e":"metro:bundling:progress","_t":1790865611355,"id":"1","progress":0.40154779645189376,"total":677,"current":429}
{"_e":"metro:bundling:progress","_t":1790865611355,"id":"2","progress":0,"total":1,"current":0}
{"_e":"metro:bundling:progress","_t":1790865611456,"id":"1","progress":0.40718348609841404,"total":677,"current":432}
{"_e":"metro:bundling:progress","_t":1790865611456,"id":"2","progress":0,"total":1,"current":0}
{"_e":"metro:bundling:progress","_t":1790865611557,"id":"1","progress":0.41164147544835145,"total":678,"current":435}
{"_e":"metro:bundling:progress","_t":1790865611562,"id":"2","progress":0,"total":1,"current":0}
{"_e":"metro:bundling:progress","_t":1790865611676,"id":"1","progress":0.41353625534062527,"total":678,"current":436}
{"_e":"metro:bundling:progress","_t":1790865611681,"id":"2","progress":0,"total":1,"current":0}
{"_e":"metro:bundling:progress","_t":1790865611783,"id":"1","progress":0.4148875432525952,"total":680,"current":438}
{"_e":"metro:bundling:progress","_t":1790865611783,"id":"2","progress":0,"total":1,"current":0}
{"_e":"metro:bundling:progress","_t":1790865611908,"id":"1","progress":0.4206937355436034,"total":683,"current":443}
{"_e":"metro:bundling:progress","_t":1790865611908,"id":"2","progress":0,"total":1,"current":0}
{"_e":"metro:bundling:progress","_t":1790865612008,"id":"1","progress":0.4206937355436034,"total":688,"current":446}
{"_e":"metro:bundling:progress","_t":1790865612008,"id":"2","progress":0,"total":1,"current":0}
{"_e":"metro:bundling:progress","_t":1790865612111,"id":"1","progress":0.4206937355436034,"total":691,"current":448}
{"_e":"metro:bundling:progress","_t":1790865612111,"id":"2","progress":0,"total":1,"current":0}
{"_e":"metro:bundling:progress","_t":1790865612211,"id":"1","progress":0.4254126505208757,"total":693,"current":452}
{"_e":"metro:bundling:progress","_t":1790865612211,"id":"2","progress":0,"total":1,"current":0}
{"_e":"metro:bundling:progress","_t":1790865612311,"id":"1","progress":0.4267191139174991,"total":695,"current":454}
{"_e":"metro:bundling:progress","_t":1790865612311,"id":"2","progress":0,"total":1,"current":0}
{"_e":"metro:bundling:progress","_t":1790865612414,"id":"1","progress":0.4267191139174991,"total":702,"current":455}
{"_e":"metro:bundling:progress","_t":1790865612414,"id":"2","progress":0,"total":1,"current":0}
{"_e":"metro:bundling:progress","_t":1790865612450,"id":"1","progress":0.4267191139174991,"total":702,"current":456}
{"_e":"metro:bundling:progress","_t":1790865612450,"id":"2","progress":0,"total":1,"current":0}
{"_e":"metro:bundling:progress","_t":1790865612552,"id":"1","progress":0.4267191139174991,"total":703,"current":459}
{"_e":"metro:bundling:progress","_t":1790865612552,"id":"2","progress":0,"total":1,"current":0}
{"_e":"metro:bundling:progress","_t":1790865612623,"id":"1","progress":0.428158936806088,"total":703,"current":460}
{"_e":"metro:bundling:progress","_t":1790865612623,"id":"2","progress":0,"total":1,"current":0}
{"_e":"metro:bundling:progress","_t":1790865612728,"id":"1","progress":0.4306640625,"total":704,"current":462}
{"_e":"metro:bundling:progress","_t":1790865612736,"id":"2","progress":0,"total":1,"current":0}
{"_e":"metro:bundling:progress","_t":1790865612838,"id":"1","progress":0.434400826446281,"total":704,"current":464}
{"_e":"metro:bundling:progress","_t":1790865612838,"id":"2","progress":0,"total":1,"current":0}
{"_e":"metro:bundling:progress","_t":1790865612949,"id":"1","progress":0.43815373192148765,"total":704,"current":466}
{"_e":"metro:bundling:progress","_t":1790865612950,"id":"2","progress":0,"total":1,"current":0}
{"_e":"metro:bundling:progress","_t":1790865613050,"id":"1","progress":0.43944370286523654,"total":709,"current":470}
{"_e":"metro:bundling:progress","_t":1790865613057,"id":"2","progress":0,"total":1,"current":0}
{"_e":"metro:bundling:progress","_t":1790865613156,"id":"1","progress":0.4419440587185082,"total":710,"current":472}
{"_e":"metro:bundling:progress","_t":1790865613163,"id":"2","progress":0,"total":1,"current":0}
{"_e":"metro:bundling:progress","_t":1790865613256,"id":"1","progress":0.44569728228526084,"total":710,"current":474}
{"_e":"metro:bundling:progress","_t":1790865613256,"id":"2","progress":0,"total":1,"current":0}
{"_e":"metro:bundling:progress","_t":1790865613374,"id":"1","progress":0.45325133902003567,"total":710,"current":478}
{"_e":"metro:bundling:progress","_t":1790865613374,"id":"2","progress":0,"total":1,"current":0}
{"_e":"metro:bundling:progress","_t":1790865613506,"id":"1","progress":0.4576684252484071,"total":711,"current":481}
{"_e":"metro:bundling:progress","_t":1790865613506,"id":"2","progress":0,"total":1,"current":0}
{"_e":"metro:bundling:progress","_t":1790865613607,"id":"1","progress":0.4576684252484071,"total":745,"current":482}
{"_e":"metro:bundling:progress","_t":1790865613607,"id":"2","progress":0,"total":1,"current":0}
{"_e":"metro:bundling:progress","_t":1790865613876,"id":"1","progress":0.4576684252484071,"total":745,"current":483}
{"_e":"metro:bundling:progress","_t":1790865613876,"id":"2","progress":0,"total":1,"current":0}
{"_e":"metro:bundling:progress","_t":1790865613977,"id":"1","progress":0.4576684252484071,"total":765,"current":485}
{"_e":"metro:bundling:progress","_t":1790865613977,"id":"2","progress":0,"total":1,"current":0}
{"_e":"metro:bundling:progress","_t":1790865614090,"id":"1","progress":0.4576684252484071,"total":765,"current":487}
{"_e":"metro:bundling:progress","_t":1790865614090,"id":"2","progress":0,"total":1,"current":0}
{"_e":"metro:bundling:progress","_t":1790865614224,"id":"1","progress":0.4576684252484071,"total":765,"current":488}
{"_e":"metro:bundling:progress","_t":1790865614227,"id":"2","progress":0,"total":1,"current":0}
{"_e":"metro:bundling:progress","_t":1790865614335,"id":"1","progress":0.4576684252484071,"total":765,"current":491}
{"_e":"metro:bundling:progress","_t":1790865614335,"id":"2","progress":0,"total":1,"current":0}
{"_e":"metro:bundling:progress","_t":1790865614441,"id":"1","progress":0.4576684252484071,"total":772,"current":495}
{"_e":"metro:bundling:progress","_t":1790865614441,"id":"2","progress":0,"total":1,"current":0}
{"_e":"metro:bundling:progress","_t":1790865614550,"id":"1","progress":0.4576684252484071,"total":772,"current":498}
{"_e":"metro:bundling:progress","_t":1790865614550,"id":"2","progress":0,"total":1,"current":0}
{"_e":"metro:bundling:progress","_t":1790865614656,"id":"1","progress":0.4576684252484071,"total":774,"current":501}
{"_e":"metro:bundling:progress","_t":1790865614668,"id":"2","progress":0,"total":1,"current":0}
{"_e":"metro:bundling:progress","_t":1790865614782,"id":"1","progress":0.4576684252484071,"total":776,"current":503}
{"_e":"metro:bundling:progress","_t":1790865614782,"id":"2","progress":0,"total":1,"current":0}
{"_e":"metro:bundling:progress","_t":1790865614888,"id":"1","progress":0.4576684252484071,"total":778,"current":506}
{"_e":"metro:bundling:progress","_t":1790865614888,"id":"2","progress":0,"total":1,"current":0}
{"_e":"metro:bundling:progress","_t":1790865614989,"id":"1","progress":0.4576684252484071,"total":779,"current":507}
{"_e":"metro:bundling:progress","_t":1790865614989,"id":"2","progress":0,"total":1,"current":0}
{"_e":"metro:bundling:progress","_t":1790865615088,"id":"1","progress":0.4576684252484071,"total":780,"current":511}
{"_e":"metro:bundling:progress","_t":1790865615088,"id":"2","progress":0,"total":1,"current":0}
{"_e":"metro:bundling:progress","_t":1790865615220,"id":"1","progress":0.4576684252484071,"total":785,"current":513}
{"_e":"metro:bundling:progress","_t":1790865615221,"id":"2","progress":0,"total":1,"current":0}
{"_e":"metro:bundling:progress","_t":1790865615320,"id":"1","progress":0.4576684252484071,"total":789,"current":514}
{"_e":"metro:bundling:progress","_t":1790865615320,"id":"2","progress":0,"total":1,"current":0}
{"_e":"metro:bundling:progress","_t":1790865615422,"id":"1","progress":0.4576684252484071,"total":792,"current":517}
{"_e":"metro:bundling:progress","_t":1790865615422,"id":"2","progress":0,"total":1,"current":0}
{"_e":"metro:bundling:progress","_t":1790865615527,"id":"1","progress":0.4576684252484071,"total":792,"current":521}
{"_e":"metro:bundling:progress","_t":1790865615527,"id":"2","progress":0,"total":1,"current":0}
{"_e":"metro:bundling:progress","_t":1790865615627,"id":"1","progress":0.4576684252484071,"total":792,"current":523}
{"_e":"metro:bundling:progress","_t":1790865615627,"id":"2","progress":0,"total":1,"current":0}
{"_e":"metro:bundling:progress","_t":1790865615735,"id":"1","progress":0.4576684252484071,"total":792,"current":524}
{"_e":"metro:bundling:progress","_t":1790865615736,"id":"2","progress":0,"total":1,"current":0}
{"_e":"metro:bundling:progress","_t":1790865615899,"id":"1","progress":0.4576684252484071,"total":792,"current":525}
{"_e":"metro:bundling:progress","_t":1790865615900,"id":"2","progress":0,"total":1,"current":0}
{"_e":"metro:bundling:progress","_t":1790865616004,"id":"1","progress":0.4576684252484071,"total":793,"current":526}
{"_e":"metro:bundling:progress","_t":1790865616004,"id":"2","progress":0,"total":1,"current":0}
{"_e":"metro:bundling:progress","_t":1790865616122,"id":"1","progress":0.4576684252484071,"total":793,"current":531}
{"_e":"metro:bundling:progress","_t":1790865616122,"id":"2","progress":0,"total":1,"current":0}
{"_e":"metro:bundling:progress","_t":1790865616224,"id":"1","progress":0.4576684252484071,"total":801,"current":535}
{"_e":"metro:bundling:progress","_t":1790865616224,"id":"2","progress":0,"total":1,"current":0}
{"_e":"metro:bundling:progress","_t":1790865616325,"id":"1","progress":0.4576684252484071,"total":807,"current":537}
{"_e":"metro:bundling:progress","_t":1790865616325,"id":"2","progress":0,"total":1,"current":0}
{"_e":"metro:bundling:progress","_t":1790865616432,"id":"1","progress":0.4576684252484071,"total":807,"current":540}
{"_e":"metro:bundling:progress","_t":1790865616432,"id":"2","progress":0,"total":1,"current":0}
{"_e":"metro:bundling:progress","_t":1790865616534,"id":"1","progress":0.4576684252484071,"total":813,"current":545}
{"_e":"metro:bundling:progress","_t":1790865616534,"id":"2","progress":0,"total":1,"current":0}
{"_e":"metro:bundling:progress","_t":1790865616638,"id":"1","progress":0.4576684252484071,"total":813,"current":549}
{"_e":"metro:bundling:progress","_t":1790865616638,"id":"2","progress":0,"total":1,"current":0}
{"_e":"metro:bundling:progress","_t":1790865616739,"id":"1","progress":0.4643425032036298,"total":813,"current":554}
{"_e":"metro:bundling:progress","_t":1790865616745,"id":"2","progress":0,"total":1,"current":0}
{"_e":"metro:bundling:progress","_t":1790865616842,"id":"1","progress":0.46655277122107586,"total":814,"current":556}
{"_e":"metro:bundling:progress","_t":1790865616843,"id":"2","progress":0,"total":1,"current":0}
{"_e":"metro:bundling:progress","_t":1790865616942,"id":"1","progress":0.47097270280661285,"total":816,"current":560}
{"_e":"metro:bundling:progress","_t":1790865616942,"id":"2","progress":0,"total":1,"current":0}
{"_e":"metro:bundling:progress","_t":1790865617043,"id":"1","progress":0.47318232959644274,"total":817,"current":562}
{"_e":"metro:bundling:progress","_t":1790865617044,"id":"2","progress":0,"total":1,"current":0}
{"_e":"metro:bundling:progress","_t":1790865617143,"id":"1","progress":0.4747546103509815,"total":820,"current":565}
{"_e":"metro:bundling:progress","_t":1790865617143,"id":"2","progress":0,"total":1,"current":0}
{"_e":"metro:bundling:progress","_t":1790865617249,"id":"1","progress":0.48150059488399755,"total":820,"current":569}
{"_e":"metro:bundling:progress","_t":1790865617249,"id":"2","progress":0,"total":1,"current":0}
{"_e":"metro:bundling:progress","_t":1790865617364,"id":"1","progress":0.48710538379712814,"total":821,"current":573}
{"_e":"metro:bundling:progress","_t":1790865617364,"id":"2","progress":0,"total":1,"current":0}
{"_e":"metro:bundling:progress","_t":1790865617484,"id":"1","progress":0.4939298944722948,"total":821,"current":577}
{"_e":"metro:bundling:progress","_t":1790865617484,"id":"2","progress":0,"total":1,"current":0}
{"_e":"metro:bundling:progress","_t":1790865617585,"id":"1","progress":0.5025272943337274,"total":821,"current":582}
{"_e":"metro:bundling:progress","_t":1790865617586,"id":"2","progress":0,"total":1,"current":0}
{"_e":"metro:bundling:progress","_t":1790865617688,"id":"1","progress":0.5129420910597428,"total":821,"current":588}
{"_e":"metro:bundling:progress","_t":1790865617688,"id":"2","progress":0,"total":1,"current":0}
{"_e":"metro:bundling:progress","_t":1790865617805,"id":"1","progress":0.5221908466087698,"total":822,"current":594}
{"_e":"metro:bundling:progress","_t":1790865617806,"id":"2","progress":0,"total":1,"current":0}
{"_e":"metro:bundling:progress","_t":1790865618064,"id":"1","progress":0.5274788214609195,"total":822,"current":597}
{"_e":"metro:bundling:progress","_t":1790865618064,"id":"2","progress":0,"total":1,"current":0}
{"_e":"metro:bundling:progress","_t":1790865618165,"id":"1","progress":0.528606268524353,"total":828,"current":602}
{"_e":"metro:bundling:progress","_t":1790865618165,"id":"2","progress":0,"total":1,"current":0}
{"_e":"metro:bundling:progress","_t":1790865618282,"id":"1","progress":0.5343627635720222,"total":829,"current":606}
{"_e":"metro:bundling:progress","_t":1790865618282,"id":"2","progress":0,"total":1,"current":0}
{"_e":"metro:bundling:progress","_t":1790865618394,"id":"1","progress":0.5419088401799971,"total":830,"current":611}
{"_e":"metro:bundling:progress","_t":1790865618394,"id":"2","progress":0,"total":1,"current":0}
{"_e":"metro:bundling:progress","_t":1790865618495,"id":"1","progress":0.5490274350413703,"total":830,"current":615}
{"_e":"metro:bundling:progress","_t":1790865618495,"id":"2","progress":0,"total":1,"current":0}
{"_e":"metro:bundling:progress","_t":1790865618599,"id":"1","progress":0.5543968645667006,"total":830,"current":618}
{"_e":"metro:bundling:progress","_t":1790865618599,"id":"2","progress":0,"total":1,"current":0}
{"_e":"metro:bundling:progress","_t":1790865618698,"id":"1","progress":0.5670271447234723,"total":830,"current":625}
{"_e":"metro:bundling:progress","_t":1790865618700,"id":"2","progress":0,"total":1,"current":0}
{"_e":"metro:bundling:progress","_t":1790865618801,"id":"1","progress":0.5779663231238207,"total":830,"current":631}
{"_e":"metro:bundling:progress","_t":1790865618801,"id":"2","progress":0,"total":1,"current":0}
{"_e":"metro:bundling:progress","_t":1790865618921,"id":"1","progress":0.5880235299556213,"total":832,"current":638}
{"_e":"metro:bundling:progress","_t":1790865618921,"id":"2","progress":0,"total":1,"current":0}
{"_e":"metro:bundling:progress","_t":1790865619021,"id":"1","progress":0.5954199796597633,"total":832,"current":642}
{"_e":"metro:bundling:progress","_t":1790865619021,"id":"2","progress":0,"total":1,"current":0}
{"_e":"metro:bundling:progress","_t":1790865619126,"id":"1","progress":0.6014160766347355,"total":833,"current":646}
{"_e":"metro:bundling:progress","_t":1790865619126,"id":"2","progress":0,"total":1,"current":0}
{"_e":"metro:bundling:progress","_t":1790865619246,"id":"1","progress":0.6039086772521347,"total":839,"current":652}
{"_e":"metro:bundling:progress","_t":1790865619246,"id":"2","progress":0,"total":1,"current":0}
{"_e":"metro:bundling:progress","_t":1790865619346,"id":"1","progress":0.6162809395117381,"total":842,"current":661}
{"_e":"metro:bundling:progress","_t":1790865619347,"id":"2","progress":0,"total":1,"current":0}
{"_e":"metro:bundling:progress","_t":1790865619447,"id":"1","progress":0.6279105437424101,"total":843,"current":668}
{"_e":"metro:bundling:progress","_t":1790865619447,"id":"2","progress":0,"total":1,"current":0}
{"_e":"metro:bundling:progress","_t":1790865619561,"id":"1","progress":0.633948024527751,"total":844,"current":672}
{"_e":"metro:bundling:progress","_t":1790865619561,"id":"2","progress":0,"total":1,"current":0}
{"_e":"metro:bundling:progress","_t":1790865619668,"id":"1","progress":0.6396231414773287,"total":849,"current":679}
{"_e":"metro:bundling:progress","_t":1790865619670,"id":"2","progress":0,"total":1,"current":0}
{"_e":"metro:bundling:progress","_t":1790865619768,"id":"1","progress":0.6475515570934256,"total":850,"current":684}
{"_e":"metro:bundling:progress","_t":1790865619769,"id":"2","progress":0,"total":1,"current":0}
{"_e":"metro:bundling:progress","_t":1790865619877,"id":"1","progress":0.6490245654832747,"total":854,"current":688}
{"_e":"metro:bundling:progress","_t":1790865619877,"id":"2","progress":0,"total":1,"current":0}
{"_e":"metro:bundling:progress","_t":1790865619979,"id":"1","progress":0.6542509549502558,"total":858,"current":694}
{"_e":"metro:bundling:progress","_t":1790865619980,"id":"2","progress":0,"total":1,"current":0}
{"_e":"metro:bundling:progress","_t":1790865620078,"id":"1","progress":0.6549702541914548,"total":860,"current":696}
{"_e":"metro:bundling:progress","_t":1790865620078,"id":"2","progress":0,"total":1,"current":0}
{"_e":"metro:bundling:progress","_t":1790865620185,"id":"1","progress":0.659095047894232,"total":861,"current":699}
{"_e":"metro:bundling:progress","_t":1790865620185,"id":"2","progress":0,"total":1,"current":0}
{"_e":"metro:bundling:progress","_t":1790865620286,"id":"1","progress":0.6598032410049292,"total":863,"current":701}
{"_e":"metro:bundling:progress","_t":1790865620286,"id":"2","progress":0,"total":1,"current":0}
{"_e":"metro:bundling:progress","_t":1790865620386,"id":"1","progress":0.6598032410049292,"total":870,"current":704}
{"_e":"metro:bundling:progress","_t":1790865620386,"id":"2","progress":0,"total":1,"current":0}
{"_e":"metro:bundling:progress","_t":1790865620556,"id":"1","progress":0.6598032410049292,"total":878,"current":706}
{"_e":"metro:bundling:progress","_t":1790865620556,"id":"2","progress":0,"total":1,"current":0}
{"_e":"metro:bundling:progress","_t":1790865620574,"id":"1","progress":0.6598032410049292,"total":878,"current":707}
{"_e":"metro:bundling:progress","_t":1790865620575,"id":"2","progress":0,"total":1,"current":0}
{"_e":"metro:bundling:progress","_t":1790865620692,"id":"1","progress":0.6598032410049292,"total":881,"current":712}
{"_e":"metro:bundling:progress","_t":1790865620692,"id":"2","progress":0,"total":1,"current":0}
{"_e":"metro:bundling:progress","_t":1790865620831,"id":"1","progress":0.660847332130131,"total":882,"current":717}
{"_e":"metro:bundling:progress","_t":1790865620831,"id":"2","progress":0,"total":1,"current":0}
{"_e":"metro:bundling:progress","_t":1790865620944,"id":"1","progress":0.660847332130131,"total":896,"current":719}
{"_e":"metro:bundling:progress","_t":1790865620944,"id":"2","progress":0,"total":1,"current":0}
{"_e":"metro:bundling:progress","_t":1790865621054,"id":"1","progress":0.660847332130131,"total":897,"current":721}
{"_e":"metro:bundling:progress","_t":1790865621054,"id":"2","progress":0,"total":1,"current":0}
{"_e":"metro:bundling:progress","_t":1790865621153,"id":"1","progress":0.660847332130131,"total":899,"current":725}
{"_e":"metro:bundling:progress","_t":1790865621153,"id":"2","progress":0,"total":1,"current":0}
{"_e":"metro:bundling:progress","_t":1790865621255,"id":"1","progress":0.660847332130131,"total":900,"current":730}
{"_e":"metro:bundling:progress","_t":1790865621255,"id":"2","progress":0,"total":1,"current":0}
{"_e":"metro:bundling:progress","_t":1790865621357,"id":"1","progress":0.6672768326227733,"total":901,"current":736}
{"_e":"metro:bundling:progress","_t":1790865621357,"id":"2","progress":0,"total":1,"current":0}
{"_e":"metro:bundling:progress","_t":1790865621459,"id":"1","progress":0.6748750006145496,"total":902,"current":741}
{"_e":"metro:bundling:progress","_t":1790865621459,"id":"2","progress":0,"total":1,"current":0}
{"_e":"metro:bundling:progress","_t":1790865621563,"id":"1","progress":0.682499212051866,"total":903,"current":746}
{"_e":"metro:bundling:progress","_t":1790865621563,"id":"2","progress":0,"total":1,"current":0}
{"_e":"metro:bundling:progress","_t":1790865621743,"id":"1","progress":0.682499212051866,"total":920,"current":751}
{"_e":"metro:bundling:progress","_t":1790865621743,"id":"2","progress":0,"total":1,"current":0}
{"_e":"metro:bundling:progress","_t":1790865621856,"id":"1","progress":0.682499212051866,"total":938,"current":752}
{"_e":"metro:bundling:progress","_t":1790865621857,"id":"2","progress":0,"total":1,"current":0}
{"_e":"metro:bundling:progress","_t":1790865621930,"id":"1","progress":0.682499212051866,"total":938,"current":753}
{"_e":"metro:bundling:progress","_t":1790865621945,"id":"2","progress":0,"total":1,"current":0}
{"_e":"metro:bundling:progress","_t":1790865622062,"id":"1","progress":0.682499212051866,"total":949,"current":756}
{"_e":"metro:bundling:progress","_t":1790865622062,"id":"2","progress":0,"total":1,"current":0}
{"_e":"metro:bundling:progress","_t":1790865622171,"id":"1","progress":0.682499212051866,"total":955,"current":761}
{"_e":"metro:bundling:progress","_t":1790865622171,"id":"2","progress":0,"total":1,"current":0}
{"_e":"metro:bundling:progress","_t":1790865622273,"id":"1","progress":0.682499212051866,"total":960,"current":765}
{"_e":"metro:bundling:progress","_t":1790865622276,"id":"2","progress":0,"total":1,"current":0}
{"_e":"metro:bundling:progress","_t":1790865622374,"id":"1","progress":0.682499212051866,"total":964,"current":768}
{"_e":"metro:bundling:progress","_t":1790865622374,"id":"2","progress":0,"total":1,"current":0}
{"_e":"metro:bundling:progress","_t":1790865622477,"id":"1","progress":0.682499212051866,"total":972,"current":773}
{"_e":"metro:bundling:progress","_t":1790865622477,"id":"2","progress":0,"total":1,"current":0}
{"_e":"metro:bundling:progress","_t":1790865622580,"id":"1","progress":0.682499212051866,"total":977,"current":775}
{"_e":"metro:bundling:progress","_t":1790865622580,"id":"2","progress":0,"total":1,"current":0}
{"_e":"metro:bundling:progress","_t":1790865622683,"id":"1","progress":0.682499212051866,"total":977,"current":780}
{"_e":"metro:bundling:progress","_t":1790865622683,"id":"2","progress":0,"total":1,"current":0}
{"_e":"metro:bundling:progress","_t":1790865622793,"id":"1","progress":0.682499212051866,"total":978,"current":781}
{"_e":"metro:bundling:progress","_t":1790865622793,"id":"2","progress":0,"total":1,"current":0}
{"_e":"metro:bundling:progress","_t":1790865622923,"id":"1","progress":0.682499212051866,"total":978,"current":782}
{"_e":"metro:bundling:progress","_t":1790865622923,"id":"2","progress":0,"total":1,"current":0}
{"_e":"metro:bundling:progress","_t":1790865623032,"id":"1","progress":0.682499212051866,"total":986,"current":784}
{"_e":"metro:bundling:progress","_t":1790865623036,"id":"2","progress":0,"total":1,"current":0}
{"_e":"metro:bundling:progress","_t":1790865623148,"id":"1","progress":0.682499212051866,"total":993,"current":786}
{"_e":"metro:bundling:progress","_t":1790865623148,"id":"2","progress":0,"total":1,"current":0}
{"_e":"metro:bundling:progress","_t":1790865623268,"id":"1","progress":0.682499212051866,"total":993,"current":790}
{"_e":"metro:bundling:progress","_t":1790865623269,"id":"2","progress":0,"total":1,"current":0}
{"_e":"metro:bundling:progress","_t":1790865623376,"id":"1","progress":0.682499212051866,"total":1003,"current":791}
{"_e":"metro:bundling:progress","_t":1790865623376,"id":"2","progress":0,"total":1,"current":0}
{"_e":"metro:bundling:progress","_t":1790865623476,"id":"1","progress":0.682499212051866,"total":1003,"current":797}
{"_e":"metro:bundling:progress","_t":1790865623476,"id":"2","progress":0,"total":1,"current":0}
{"_e":"metro:bundling:progress","_t":1790865623579,"id":"1","progress":0.682499212051866,"total":1003,"current":806}
{"_e":"metro:bundling:progress","_t":1790865623583,"id":"2","progress":0,"total":1,"current":0}
{"_e":"metro:bundling:progress","_t":1790865623679,"id":"1","progress":0.682499212051866,"total":1008,"current":811}
{"_e":"metro:bundling:progress","_t":1790865623679,"id":"2","progress":0,"total":1,"current":0}
{"_e":"metro:bundling:progress","_t":1790865623780,"id":"1","progress":0.682499212051866,"total":1011,"current":815}
{"_e":"metro:bundling:progress","_t":1790865623780,"id":"2","progress":0,"total":1,"current":0}
{"_e":"metro:bundling:progress","_t":1790865623883,"id":"1","progress":0.682499212051866,"total":1014,"current":817}
{"_e":"metro:bundling:progress","_t":1790865623883,"id":"2","progress":0,"total":1,"current":0}
{"_e":"metro:bundling:progress","_t":1790865623987,"id":"1","progress":0.682499212051866,"total":1019,"current":823}
{"_e":"metro:bundling:progress","_t":1790865624001,"id":"2","progress":0,"total":1,"current":0}
{"_e":"metro:bundling:progress","_t":1790865624091,"id":"1","progress":0.682499212051866,"total":1026,"current":826}
{"_e":"metro:bundling:progress","_t":1790865624091,"id":"2","progress":0,"total":1,"current":0}
{"_e":"metro:bundling:progress","_t":1790865624193,"id":"1","progress":0.682499212051866,"total":1027,"current":832}
{"_e":"metro:bundling:progress","_t":1790865624193,"id":"2","progress":0,"total":1,"current":0}
{"_e":"metro:bundling:progress","_t":1790865624296,"id":"1","progress":0.682499212051866,"total":1027,"current":834}
{"_e":"metro:bundling:progress","_t":1790865624297,"id":"2","progress":0,"total":1,"current":0}
{"_e":"metro:bundling:progress","_t":1790865624398,"id":"1","progress":0.682499212051866,"total":1027,"current":842}
{"_e":"metro:bundling:progress","_t":1790865624398,"id":"2","progress":0,"total":1,"current":0}
{"_e":"metro:bundling:progress","_t":1790865624504,"id":"1","progress":0.682499212051866,"total":1028,"current":844}
{"_e":"metro:bundling:progress","_t":1790865624504,"id":"2","progress":0,"total":1,"current":0}
{"_e":"metro:bundling:progress","_t":1790865624607,"id":"1","progress":0.6842341408238289,"total":1030,"current":852}
{"_e":"metro:bundling:progress","_t":1790865624607,"id":"2","progress":0,"total":1,"current":0}
{"_e":"metro:bundling:progress","_t":1790865624709,"id":"1","progress":0.6893347921513583,"total":1031,"current":856}
{"_e":"metro:bundling:progress","_t":1790865624709,"id":"2","progress":0,"total":1,"current":0}
{"_e":"metro:bundling:progress","_t":1790865624829,"id":"1","progress":0.6898806003997793,"total":1033,"current":858}
{"_e":"metro:bundling:progress","_t":1790865624832,"id":"2","progress":0,"total":1,"current":0}
{"_e":"metro:bundling:progress","_t":1790865624930,"id":"1","progress":0.6931005754908915,"total":1033,"current":860}
{"_e":"metro:bundling:progress","_t":1790865624930,"id":"2","progress":0,"total":1,"current":0}
{"_e":"metro:bundling:progress","_t":1790865625030,"id":"1","progress":0.6952498308011855,"total":1035,"current":863}
{"_e":"metro:bundling:progress","_t":1790865625030,"id":"2","progress":0,"total":1,"current":0}
{"_e":"metro:bundling:progress","_t":1790865625144,"id":"1","progress":0.7017097248477211,"total":1035,"current":867}
{"_e":"metro:bundling:progress","_t":1790865625144,"id":"2","progress":0,"total":1,"current":0}
{"_e":"metro:bundling:progress","_t":1790865625245,"id":"1","progress":0.709826600387407,"total":1035,"current":872}
{"_e":"metro:bundling:progress","_t":1790865625246,"id":"2","progress":0,"total":1,"current":0}
{"_e":"metro:bundling:progress","_t":1790865625346,"id":"1","progress":0.7149714524231898,"total":1036,"current":876}
{"_e":"metro:bundling:progress","_t":1790865625346,"id":"2","progress":0,"total":1,"current":0}
{"_e":"metro:bundling:progress","_t":1790865625447,"id":"1","progress":0.7201249059625114,"total":1037,"current":880}
{"_e":"metro:bundling:progress","_t":1790865625447,"id":"2","progress":0,"total":1,"current":0}
{"_e":"metro:bundling:progress","_t":1790865625547,"id":"1","progress":0.7250432177234047,"total":1037,"current":883}
{"_e":"metro:bundling:progress","_t":1790865625547,"id":"2","progress":0,"total":1,"current":0}
{"_e":"metro:bundling:progress","_t":1790865625647,"id":"1","progress":0.733277600525959,"total":1037,"current":888}
{"_e":"metro:bundling:progress","_t":1790865625647,"id":"2","progress":0,"total":1,"current":0}
{"_e":"metro:bundling:progress","_t":1790865625765,"id":"1","progress":0.7415584789965118,"total":1037,"current":893}
{"_e":"metro:bundling:progress","_t":1790865625766,"id":"2","progress":0,"total":1,"current":0}
{"_e":"metro:bundling:progress","_t":1790865625929,"id":"1","progress":0.7517792107988908,"total":1038,"current":900}
{"_e":"metro:bundling:progress","_t":1790865625929,"id":"2","progress":0,"total":1,"current":0}
{"_e":"metro:bundling:progress","_t":1790865626036,"id":"1","progress":0.7517792107988908,"total":1042,"current":902}
{"_e":"metro:bundling:progress","_t":1790865626036,"id":"2","progress":0,"total":1,"current":0}
{"_e":"metro:bundling:progress","_t":1790865626140,"id":"1","progress":0.755998541119433,"total":1042,"current":906}
{"_e":"metro:bundling:progress","_t":1790865626145,"id":"2","progress":0,"total":1,"current":0}
{"_e":"metro:bundling:progress","_t":1790865626267,"id":"1","progress":0.7576683330815904,"total":1042,"current":907}
{"_e":"metro:bundling:progress","_t":1790865626267,"id":"2","progress":0,"total":1,"current":0}
{"_e":"metro:bundling:progress","_t":1790865626373,"id":"1","progress":0.7647871067659019,"total":1044,"current":913}
{"_e":"metro:bundling:progress","_t":1790865626373,"id":"2","progress":0,"total":1,"current":0}
{"_e":"metro:bundling:progress","_t":1790865626495,"id":"1","progress":0.7706427364372705,"total":1048,"current":920}
{"_e":"metro:bundling:progress","_t":1790865626495,"id":"2","progress":0,"total":1,"current":0}
{"_e":"metro:bundling:progress","_t":1790865626594,"id":"1","progress":0.7790420502884448,"total":1048,"current":925}
{"_e":"metro:bundling:progress","_t":1790865626594,"id":"2","progress":0,"total":1,"current":0}
{"_e":"metro:bundling:progress","_t":1790865626694,"id":"1","progress":0.7811192743764173,"total":1050,"current":928}
{"_e":"metro:bundling:progress","_t":1790865626694,"id":"2","progress":0,"total":1,"current":0}
{"_e":"metro:bundling:progress","_t":1790865626870,"id":"1","progress":0.7844897959183673,"total":1050,"current":930}
{"_e":"metro:bundling:progress","_t":1790865626870,"id":"2","progress":0,"total":1,"current":0}
{"_e":"metro:bundling:progress","_t":1790865626897,"id":"1","progress":0.7861777777777779,"total":1050,"current":931}
{"_e":"metro:bundling:progress","_t":1790865626897,"id":"2","progress":0,"total":1,"current":0}
{"_e":"metro:bundling:progress","_t":1790865627008,"id":"1","progress":0.7863690146939936,"total":1051,"current":932}
{"_e":"metro:bundling:progress","_t":1790865627008,"id":"2","progress":0,"total":1,"current":0}
{"_e":"metro:bundling:progress","_t":1790865627108,"id":"1","progress":0.7965265285836243,"total":1051,"current":938}
{"_e":"metro:bundling:progress","_t":1790865627108,"id":"2","progress":0,"total":1,"current":0}
{"_e":"metro:bundling:progress","_t":1790865627214,"id":"1","progress":0.8035111466119215,"total":1052,"current":943}
{"_e":"metro:bundling:progress","_t":1790865627214,"id":"2","progress":0,"total":1,"current":0}
{"_e":"metro:bundling:progress","_t":1790865627313,"id":"1","progress":0.8086317570009686,"total":1052,"current":946}
{"_e":"metro:bundling:progress","_t":1790865627313,"id":"2","progress":0,"total":1,"current":0}
{"_e":"metro:bundling:progress","_t":1790865627413,"id":"1","progress":0.8172022510083998,"total":1052,"current":951}
{"_e":"metro:bundling:progress","_t":1790865627413,"id":"2","progress":0,"total":1,"current":0}
{"_e":"metro:bundling:progress","_t":1790865627522,"id":"1","progress":0.8261326688966583,"total":1054,"current":958}
{"_e":"metro:bundling:progress","_t":1790865627522,"id":"2","progress":0,"total":1,"current":0}
{"_e":"metro:bundling:progress","_t":1790865627635,"id":"1","progress":0.8298933941689624,"total":1056,"current":962}
{"_e":"metro:bundling:progress","_t":1790865627643,"id":"2","progress":0,"total":1,"current":0}
{"_e":"metro:bundling:progress","_t":1790865627762,"id":"1","progress":0.8385425634182737,"total":1056,"current":967}
{"_e":"metro:bundling:progress","_t":1790865627762,"id":"2","progress":0,"total":1,"current":0}
{"_e":"metro:bundling:progress","_t":1790865627862,"id":"1","progress":0.8385425634182737,"total":1060,"current":969}
{"_e":"metro:bundling:progress","_t":1790865627863,"id":"2","progress":0,"total":1,"current":0}
{"_e":"metro:bundling:progress","_t":1790865627974,"id":"1","progress":0.8394148481527587,"total":1062,"current":973}
{"_e":"metro:bundling:progress","_t":1790865627974,"id":"2","progress":0,"total":1,"current":0}
{"_e":"metro:bundling:progress","_t":1790865628107,"id":"1","progress":0.8414268754593249,"total":1064,"current":976}
{"_e":"metro:bundling:progress","_t":1790865628107,"id":"2","progress":0,"total":1,"current":0}
{"_e":"metro:bundling:progress","_t":1790865628206,"id":"1","progress":0.8417115763017927,"total":1066,"current":978}
{"_e":"metro:bundling:progress","_t":1790865628207,"id":"2","progress":0,"total":1,"current":0}
{"_e":"metro:bundling:progress","_t":1790865628309,"id":"1","progress":0.8503400342850305,"total":1066,"current":983}
{"_e":"metro:bundling:progress","_t":1790865628309,"id":"2","progress":0,"total":1,"current":0}
{"_e":"metro:bundling:progress","_t":1790865628409,"id":"1","progress":0.8508769324831862,"total":1070,"current":987}
{"_e":"metro:bundling:progress","_t":1790865628410,"id":"2","progress":0,"total":1,"current":0}
{"_e":"metro:bundling:progress","_t":1790865628514,"id":"1","progress":0.8595196086994498,"total":1070,"current":992}
{"_e":"metro:bundling:progress","_t":1790865628514,"id":"2","progress":0,"total":1,"current":0}
{"_e":"metro:bundling:progress","_t":1790865628644,"id":"1","progress":0.8600230954090072,"total":1074,"current":996}
{"_e":"metro:bundling:progress","_t":1790865628644,"id":"2","progress":0,"total":1,"current":0}
{"_e":"metro:bundling:progress","_t":1790865628772,"id":"1","progress":0.8600230954090072,"total":1080,"current":999}
{"_e":"metro:bundling:progress","_t":1790865628772,"id":"2","progress":0,"total":1,"current":0}
{"_e":"metro:bundling:progress","_t":1790865628872,"id":"1","progress":0.8600230954090072,"total":1084,"current":1002}
{"_e":"metro:bundling:progress","_t":1790865628872,"id":"2","progress":0,"total":1,"current":0}
{"_e":"metro:bundling:progress","_t":1790865628975,"id":"1","progress":0.8600230954090072,"total":1086,"current":1004}
{"_e":"metro:bundling:progress","_t":1790865628975,"id":"2","progress":0,"total":1,"current":0}
{"_e":"metro:bundling:progress","_t":1790865629081,"id":"1","progress":0.8600230954090072,"total":1090,"current":1007}
{"_e":"metro:bundling:progress","_t":1790865629081,"id":"2","progress":0,"total":1,"current":0}
{"_e":"metro:bundling:progress","_t":1790865629401,"id":"1","progress":0.8600230954090072,"total":1090,"current":1009}
{"_e":"metro:bundling:progress","_t":1790865629402,"id":"2","progress":0,"total":1,"current":0}
{"_e":"metro:bundling:progress","_t":1790865629517,"id":"1","progress":0.8600230954090072,"total":1095,"current":1012}
{"_e":"metro:bundling:progress","_t":1790865629518,"id":"2","progress":0,"total":1,"current":0}
{"_e":"metro:bundling:progress","_t":1790865629637,"id":"1","progress":0.8600230954090072,"total":1099,"current":1017}
{"_e":"metro:bundling:progress","_t":1790865629637,"id":"2","progress":0,"total":1,"current":0}
{"_e":"metro:bundling:progress","_t":1790865629737,"id":"1","progress":0.8600230954090072,"total":1103,"current":1020}
{"_e":"metro:bundling:progress","_t":1790865629737,"id":"2","progress":0,"total":1,"current":0}
{"_e":"metro:bundling:progress","_t":1790865629868,"id":"1","progress":0.8600230954090072,"total":1111,"current":1023}
{"_e":"metro:bundling:progress","_t":1790865629868,"id":"2","progress":0,"total":1,"current":0}
{"_e":"metro:bundling:progress","_t":1790865629980,"id":"1","progress":0.8600230954090072,"total":1111,"current":1026}
{"_e":"metro:bundling:progress","_t":1790865629980,"id":"2","progress":0,"total":1,"current":0}
{"_e":"metro:bundling:started","_t":1790865630011,"id":"3","platform":"web","environment":null,"entry":"node_modules\\expo-router\\entry.js"}
{"_e":"metro:bundling:progress","_t":1790865630011,"id":"1","progress":0.8600230954090072,"total":1111,"current":1026}
{"_e":"metro:bundling:progress","_t":1790865630011,"id":"2","progress":0,"total":1,"current":0}
{"_e":"metro:bundling:progress","_t":1790865630011,"id":"3","progress":0,"total":1,"current":0}
{"_e":"metro:bundling:progress","_t":1790865630096,"id":"1","progress":0.8600230954090072,"total":1112,"current":1031}
{"_e":"metro:bundling:progress","_t":1790865630097,"id":"2","progress":0,"total":1,"current":0}
{"_e":"metro:bundling:progress","_t":1790865630097,"id":"3","progress":0,"total":1,"current":0}
{"_e":"metro:bundling:progress","_t":1790865630202,"id":"1","progress":0.8612908234563429,"total":1112,"current":1032}
{"_e":"metro:bundling:progress","_t":1790865630203,"id":"2","progress":0,"total":1,"current":0}
{"_e":"metro:bundling:progress","_t":1790865630203,"id":"3","progress":0,"total":1,"current":0}
{"_e":"metro:bundling:progress","_t":1790865630308,"id":"1","progress":0.869882739348072,"total":1114,"current":1039}
{"_e":"metro:bundling:progress","_t":1790865630308,"id":"2","progress":0,"total":1,"current":0}
{"_e":"metro:bundling:progress","_t":1790865630308,"id":"3","progress":0,"total":1,"current":0}
{"_e":"metro:bundling:progress","_t":1790865630409,"id":"1","progress":0.8800627400510769,"total":1115,"current":1046}
{"_e":"metro:bundling:progress","_t":1790865630409,"id":"2","progress":0,"total":1,"current":0}
{"_e":"metro:bundling:progress","_t":1790865630409,"id":"3","progress":0,"total":1,"current":0}
{"_e":"metro:bundling:progress","_t":1790865630517,"id":"1","progress":0.8884964507631362,"total":1115,"current":1051}
{"_e":"metro:bundling:progress","_t":1790865630518,"id":"2","progress":0,"total":1,"current":0}
{"_e":"metro:bundling:progress","_t":1790865630518,"id":"3","progress":0,"total":1,"current":0}
{"_e":"metro:bundling:progress","_t":1790865630663,"id":"1","progress":0.8884964507631362,"total":1123,"current":1057}
{"_e":"metro:bundling:progress","_t":1790865630664,"id":"2","progress":0,"total":1,"current":0}
{"_e":"metro:bundling:progress","_t":1790865630664,"id":"3","progress":0,"total":1,"current":0}
{"_e":"metro:bundling:progress","_t":1790865630793,"id":"1","progress":0.8895538680438781,"total":1126,"current":1062}
{"_e":"metro:bundling:progress","_t":1790865630793,"id":"2","progress":0,"total":1,"current":0}
{"_e":"metro:bundling:progress","_t":1790865630793,"id":"3","progress":0,"total":1,"current":0}
{"_e":"metro:bundling:progress","_t":1790865630925,"id":"1","progress":0.8903103994226863,"total":1134,"current":1070}
{"_e":"metro:bundling:progress","_t":1790865630925,"id":"2","progress":0,"total":1,"current":0}
{"_e":"metro:bundling:progress","_t":1790865630925,"id":"3","progress":0,"total":1,"current":0}
{"_e":"metro:bundling:progress","_t":1790865631037,"id":"1","progress":0.8903103994226863,"total":1150,"current":1073}
{"_e":"metro:bundling:progress","_t":1790865631037,"id":"2","progress":0,"total":1,"current":0}
{"_e":"metro:bundling:progress","_t":1790865631037,"id":"3","progress":0,"total":1,"current":0}
{"_e":"metro:bundling:progress","_t":1790865631145,"id":"1","progress":0.8903103994226863,"total":1152,"current":1077}
{"_e":"metro:bundling:progress","_t":1790865631145,"id":"2","progress":0,"total":1,"current":0}
{"_e":"metro:bundling:progress","_t":1790865631145,"id":"3","progress":0,"total":1,"current":0}
{"_e":"metro:bundling:progress","_t":1790865631277,"id":"1","progress":0.8903103994226863,"total":1154,"current":1080}
{"_e":"metro:bundling:progress","_t":1790865631277,"id":"2","progress":0,"total":1,"current":0}
{"_e":"metro:bundling:progress","_t":1790865631277,"id":"3","progress":0,"total":1,"current":0}
{"_e":"metro:bundling:progress","_t":1790865631379,"id":"1","progress":0.8903103994226863,"total":1155,"current":1085}
{"_e":"metro:bundling:progress","_t":1790865631379,"id":"2","progress":0,"total":1,"current":0}
{"_e":"metro:bundling:progress","_t":1790865631379,"id":"3","progress":0,"total":1,"current":0}
{"_e":"metro:bundling:progress","_t":1790865631482,"id":"1","progress":0.8903103994226863,"total":1156,"current":1090}
{"_e":"metro:bundling:progress","_t":1790865631486,"id":"2","progress":0,"total":1,"current":0}
{"_e":"metro:bundling:progress","_t":1790865631486,"id":"3","progress":0,"total":1,"current":0}
{"_e":"metro:bundling:progress","_t":1790865631585,"id":"1","progress":0.8903103994226863,"total":1156,"current":1090}
{"_e":"metro:bundling:progress","_t":1790865631585,"id":"2","progress":0.09765625,"total":16,"current":5}
{"_e":"metro:bundling:progress","_t":1790865631585,"id":"3","progress":0,"total":1,"current":0}
{"_e":"metro:bundling:progress","_t":1790865631720,"id":"1","progress":0.8911620191391039,"total":1161,"current":1096}
{"_e":"metro:bundling:progress","_t":1790865631720,"id":"2","progress":0.09765625,"total":16,"current":5}
{"_e":"metro:bundling:progress","_t":1790865631720,"id":"3","progress":0,"total":1,"current":0}
{"_e":"metro:bundling:progress","_t":1790865631826,"id":"1","progress":0.9042995191980117,"total":1162,"current":1105}
{"_e":"metro:bundling:progress","_t":1790865631826,"id":"2","progress":0.09765625,"total":16,"current":5}
{"_e":"metro:bundling:progress","_t":1790865631826,"id":"3","progress":0,"total":1,"current":0}
{"_e":"metro:bundling:progress","_t":1790865631964,"id":"1","progress":0.9064083317695628,"total":1168,"current":1112}
{"_e":"metro:bundling:progress","_t":1790865631964,"id":"2","progress":0.09765625,"total":16,"current":5}
{"_e":"metro:bundling:progress","_t":1790865631964,"id":"3","progress":0,"total":1,"current":0}
{"_e":"metro:bundling:progress","_t":1790865632065,"id":"1","progress":0.9098224852071007,"total":1170,"current":1116}
{"_e":"metro:bundling:progress","_t":1790865632065,"id":"2","progress":0.09765625,"total":16,"current":5}
{"_e":"metro:bundling:progress","_t":1790865632065,"id":"3","progress":0,"total":1,"current":0}
{"_e":"metro:bundling:progress","_t":1790865632170,"id":"1","progress":0.9117484451590248,"total":1174,"current":1121}
{"_e":"metro:bundling:progress","_t":1790865632171,"id":"2","progress":0.09765625,"total":16,"current":5}
{"_e":"metro:bundling:progress","_t":1790865632171,"id":"3","progress":0,"total":1,"current":0}
{"_e":"metro:bundling:progress","_t":1790865632271,"id":"1","progress":0.9183348121321865,"total":1175,"current":1126}
{"_e":"metro:bundling:progress","_t":1790865632271,"id":"2","progress":0.09765625,"total":16,"current":5}
{"_e":"metro:bundling:progress","_t":1790865632271,"id":"3","progress":0,"total":1,"current":0}
{"_e":"metro:bundling:progress","_t":1790865632372,"id":"1","progress":0.9183348121321865,"total":1185,"current":1130}
{"_e":"metro:bundling:progress","_t":1790865632372,"id":"2","progress":0.09765625,"total":16,"current":5}
{"_e":"metro:bundling:progress","_t":1790865632373,"id":"3","progress":0,"total":1,"current":0}
{"_e":"metro:bundling:progress","_t":1790865632486,"id":"1","progress":0.9183348121321865,"total":1187,"current":1131}
{"_e":"metro:bundling:progress","_t":1790865632486,"id":"2","progress":0.09765625,"total":16,"current":5}
{"_e":"metro:bundling:progress","_t":1790865632486,"id":"3","progress":0,"total":1,"current":0}
{"_e":"metro:bundling:progress","_t":1790865632503,"id":"1","progress":0.9183348121321865,"total":1187,"current":1132}
{"_e":"metro:bundling:progress","_t":1790865632503,"id":"2","progress":0.09765625,"total":16,"current":5}
{"_e":"metro:bundling:progress","_t":1790865632503,"id":"3","progress":0,"total":1,"current":0}
{"_e":"metro:bundling:progress","_t":1790865632607,"id":"1","progress":0.9183348121321865,"total":1189,"current":1137}
{"_e":"metro:bundling:progress","_t":1790865632607,"id":"2","progress":0.09765625,"total":16,"current":5}
{"_e":"metro:bundling:progress","_t":1790865632607,"id":"3","progress":0,"total":1,"current":0}
{"_e":"metro:bundling:progress","_t":1790865632716,"id":"1","progress":0.9210846358272149,"total":1192,"current":1144}
{"_e":"metro:bundling:progress","_t":1790865632717,"id":"2","progress":0.09765625,"total":16,"current":5}
{"_e":"metro:bundling:progress","_t":1790865632717,"id":"3","progress":0,"total":1,"current":0}
{"_e":"metro:bundling:progress","_t":1790865632818,"id":"1","progress":0.9291536698797351,"total":1192,"current":1149}
{"_e":"metro:bundling:progress","_t":1790865632818,"id":"2","progress":0.09765625,"total":16,"current":5}
{"_e":"metro:bundling:progress","_t":1790865632818,"id":"3","progress":0,"total":1,"current":0}
{"_e":"metro:bundling:progress","_t":1790865632935,"id":"1","progress":0.9291536698797351,"total":1197,"current":1151}
{"_e":"metro:bundling:progress","_t":1790865632935,"id":"2","progress":0.09765625,"total":16,"current":5}
{"_e":"metro:bundling:progress","_t":1790865632935,"id":"3","progress":0,"total":1,"current":0}
{"_e":"metro:bundling:progress","_t":1790865633035,"id":"1","progress":0.9291536698797351,"total":1199,"current":1155}
{"_e":"metro:bundling:progress","_t":1790865633035,"id":"2","progress":0.09765625,"total":16,"current":5}
{"_e":"metro:bundling:progress","_t":1790865633035,"id":"3","progress":0,"total":1,"current":0}
{"_e":"metro:bundling:progress","_t":1790865633137,"id":"1","progress":0.9291536698797351,"total":1199,"current":1155}
{"_e":"metro:bundling:progress","_t":1790865633137,"id":"2","progress":0.1012396694214876,"total":44,"current":14}
{"_e":"metro:bundling:progress","_t":1790865633137,"id":"3","progress":0,"total":1,"current":0}
{"_e":"metro:bundling:progress","_t":1790865633305,"id":"1","progress":0.9291536698797351,"total":1199,"current":1155}
{"_e":"metro:bundling:progress","_t":1790865633305,"id":"2","progress":0.1423994304022784,"total":53,"current":20}
{"_e":"metro:bundling:progress","_t":1790865633305,"id":"3","progress":0,"total":1,"current":0}
{"_e":"metro:bundling:progress","_t":1790865633419,"id":"1","progress":0.936108613346774,"total":1201,"current":1162}
{"_e":"metro:bundling:progress","_t":1790865633419,"id":"2","progress":0.1423994304022784,"total":53,"current":20}
{"_e":"metro:bundling:progress","_t":1790865633419,"id":"3","progress":0,"total":1,"current":0}
{"_e":"metro:bundling:progress","_t":1790865633522,"id":"1","progress":0.9441819577218818,"total":1201,"current":1167}
{"_e":"metro:bundling:progress","_t":1790865633522,"id":"2","progress":0.1423994304022784,"total":53,"current":20}
{"_e":"metro:bundling:progress","_t":1790865633522,"id":"3","progress":0,"total":1,"current":0}
{"_e":"metro:bundling:progress","_t":1790865633622,"id":"1","progress":0.9474210015106755,"total":1201,"current":1169}
{"_e":"metro:bundling:progress","_t":1790865633622,"id":"2","progress":0.1423994304022784,"total":53,"current":20}
{"_e":"metro:bundling:progress","_t":1790865633622,"id":"3","progress":0,"total":1,"current":0}
{"_e":"metro:bundling:progress","_t":1790865633722,"id":"1","progress":0.9474210015106755,"total":1208,"current":1172}
{"_e":"metro:bundling:progress","_t":1790865633722,"id":"2","progress":0.1423994304022784,"total":53,"current":20}
{"_e":"metro:bundling:progress","_t":1790865633722,"id":"3","progress":0,"total":1,"current":0}
{"_e":"metro:bundling:progress","_t":1790865633824,"id":"1","progress":0.9474210015106755,"total":1208,"current":1174}
{"_e":"metro:bundling:progress","_t":1790865633824,"id":"2","progress":0.1423994304022784,"total":53,"current":20}
{"_e":"metro:bundling:progress","_t":1790865633824,"id":"3","progress":0,"total":1,"current":0}
{"_e":"metro:bundling:progress","_t":1790865633986,"id":"1","progress":0.9474210015106755,"total":1210,"current":1175}
{"_e":"metro:bundling:progress","_t":1790865633986,"id":"2","progress":0.1423994304022784,"total":53,"current":20}
{"_e":"metro:bundling:progress","_t":1790865633986,"id":"3","progress":0,"total":1,"current":0}
{"_e":"metro:bundling:progress","_t":1790865634094,"id":"1","progress":0.9478068437948228,"total":1210,"current":1178}
{"_e":"metro:bundling:progress","_t":1790865634095,"id":"2","progress":0.1423994304022784,"total":53,"current":20}
{"_e":"metro:bundling:progress","_t":1790865634095,"id":"3","progress":0,"total":1,"current":0}
{"_e":"metro:bundling:progress","_t":1790865634201,"id":"1","progress":0.9480187640772917,"total":1215,"current":1183}
{"_e":"metro:bundling:progress","_t":1790865634201,"id":"2","progress":0.1423994304022784,"total":53,"current":20}
{"_e":"metro:bundling:progress","_t":1790865634201,"id":"3","progress":0,"total":1,"current":0}
{"_e":"metro:bundling:progress","_t":1790865634309,"id":"1","progress":0.9498259876377317,"total":1220,"current":1189}
{"_e":"metro:bundling:progress","_t":1790865634315,"id":"2","progress":0.1423994304022784,"total":53,"current":20}
{"_e":"metro:bundling:progress","_t":1790865634316,"id":"3","progress":0,"total":1,"current":0}
{"_e":"metro:bundling:progress","_t":1790865634416,"id":"1","progress":0.9531000131254336,"total":1222,"current":1193}
{"_e":"metro:bundling:progress","_t":1790865634416,"id":"2","progress":0.1423994304022784,"total":53,"current":20}
{"_e":"metro:bundling:progress","_t":1790865634416,"id":"3","progress":0,"total":1,"current":0}
{"_e":"metro:bundling:progress","_t":1790865634573,"id":"1","progress":0.9531000131254336,"total":1255,"current":1197}
{"_e":"metro:bundling:progress","_t":1790865634573,"id":"2","progress":0.1423994304022784,"total":53,"current":20}
{"_e":"metro:bundling:progress","_t":1790865634573,"id":"3","progress":0,"total":1,"current":0}
{"_e":"metro:bundling:progress","_t":1790865634595,"id":"1","progress":0.9531000131254336,"total":1255,"current":1198}
{"_e":"metro:bundling:progress","_t":1790865634595,"id":"2","progress":0.1423994304022784,"total":53,"current":20}
{"_e":"metro:bundling:progress","_t":1790865634595,"id":"3","progress":0,"total":1,"current":0}
{"_e":"metro:bundling:progress","_t":1790865634723,"id":"1","progress":0.9531000131254336,"total":1255,"current":1198}
{"_e":"metro:bundling:progress","_t":1790865634723,"id":"2","progress":0.1423994304022784,"total":114,"current":21}
{"_e":"metro:bundling:progress","_t":1790865634723,"id":"3","progress":0,"total":1,"current":0}
{"_e":"metro:bundling:progress","_t":1790865634823,"id":"1","progress":0.9531000131254336,"total":1255,"current":1198}
{"_e":"metro:bundling:progress","_t":1790865634823,"id":"2","progress":0.1423994304022784,"total":121,"current":23}
{"_e":"metro:bundling:progress","_t":1790865634823,"id":"3","progress":0,"total":1,"current":0}
{"_e":"metro:bundling:progress","_t":1790865634928,"id":"1","progress":0.9531000131254336,"total":1255,"current":1198}
{"_e":"metro:bundling:progress","_t":1790865634929,"id":"2","progress":0.1423994304022784,"total":128,"current":30}
{"_e":"metro:bundling:progress","_t":1790865634929,"id":"3","progress":0,"total":1,"current":0}
{"_e":"metro:bundling:progress","_t":1790865635028,"id":"1","progress":0.9531000131254336,"total":1255,"current":1198}
{"_e":"metro:bundling:progress","_t":1790865635028,"id":"2","progress":0.1423994304022784,"total":147,"current":37}
{"_e":"metro:bundling:progress","_t":1790865635028,"id":"3","progress":0,"total":1,"current":0}
{"_e":"metro:bundling:progress","_t":1790865635137,"id":"1","progress":0.9531000131254336,"total":1255,"current":1198}
{"_e":"metro:bundling:progress","_t":1790865635137,"id":"2","progress":0.1423994304022784,"total":153,"current":39}
{"_e":"metro:bundling:progress","_t":1790865635137,"id":"3","progress":0,"total":1,"current":0}
{"_e":"metro:bundling:progress","_t":1790865635243,"id":"1","progress":0.9531000131254336,"total":1255,"current":1198}
{"_e":"metro:bundling:progress","_t":1790865635253,"id":"2","progress":0.1423994304022784,"total":167,"current":42}
{"_e":"metro:bundling:progress","_t":1790865635253,"id":"3","progress":0,"total":1,"current":0}
{"_e":"metro:bundling:progress","_t":1790865635348,"id":"1","progress":0.9531000131254336,"total":1255,"current":1198}
{"_e":"metro:bundling:progress","_t":1790865635348,"id":"2","progress":0.1423994304022784,"total":178,"current":49}
{"_e":"metro:bundling:progress","_t":1790865635348,"id":"3","progress":0,"total":1,"current":0}
{"_e":"metro:bundling:progress","_t":1790865635462,"id":"1","progress":0.9531000131254336,"total":1255,"current":1198}
{"_e":"metro:bundling:progress","_t":1790865635462,"id":"2","progress":0.1423994304022784,"total":207,"current":54}
{"_e":"metro:bundling:progress","_t":1790865635463,"id":"3","progress":0,"total":1,"current":0}
{"_e":"metro:bundling:progress","_t":1790865635562,"id":"1","progress":0.9531000131254336,"total":1255,"current":1198}
{"_e":"metro:bundling:progress","_t":1790865635562,"id":"2","progress":0.1423994304022784,"total":211,"current":57}
{"_e":"metro:bundling:progress","_t":1790865635563,"id":"3","progress":0,"total":1,"current":0}
{"_e":"metro:bundling:progress","_t":1790865635667,"id":"1","progress":0.9531000131254336,"total":1255,"current":1198}
{"_e":"metro:bundling:progress","_t":1790865635667,"id":"2","progress":0.1423994304022784,"total":216,"current":64}
{"_e":"metro:bundling:progress","_t":1790865635667,"id":"3","progress":0,"total":1,"current":0}
{"_e":"metro:bundling:progress","_t":1790865635784,"id":"1","progress":0.9531000131254336,"total":1255,"current":1198}
{"_e":"metro:bundling:progress","_t":1790865635784,"id":"2","progress":0.1423994304022784,"total":220,"current":71}
{"_e":"metro:bundling:progress","_t":1790865635784,"id":"3","progress":0,"total":1,"current":0}
{"_e":"metro:bundling:progress","_t":1790865635899,"id":"1","progress":0.9531000131254336,"total":1255,"current":1198}
{"_e":"metro:bundling:progress","_t":1790865635899,"id":"2","progress":0.1423994304022784,"total":225,"current":77}
{"_e":"metro:bundling:progress","_t":1790865635899,"id":"3","progress":0,"total":1,"current":0}
{"_e":"metro:bundling:progress","_t":1790865636019,"id":"1","progress":0.9531000131254336,"total":1255,"current":1198}
{"_e":"metro:bundling:progress","_t":1790865636019,"id":"2","progress":0.1423994304022784,"total":233,"current":82}
{"_e":"metro:bundling:progress","_t":1790865636019,"id":"3","progress":0,"total":1,"current":0}
{"_e":"metro:bundling:progress","_t":1790865636121,"id":"1","progress":0.9531000131254336,"total":1255,"current":1198}
{"_e":"metro:bundling:progress","_t":1790865636121,"id":"2","progress":0.1423994304022784,"total":236,"current":89}
{"_e":"metro:bundling:progress","_t":1790865636121,"id":"3","progress":0,"total":1,"current":0}
{"_e":"metro:bundling:progress","_t":1790865636229,"id":"1","progress":0.9531000131254336,"total":1255,"current":1198}
{"_e":"metro:bundling:progress","_t":1790865636229,"id":"2","progress":0.1423994304022784,"total":247,"current":93}
{"_e":"metro:bundling:progress","_t":1790865636229,"id":"3","progress":0,"total":1,"current":0}
{"_e":"metro:bundling:progress","_t":1790865636329,"id":"1","progress":0.9531000131254336,"total":1255,"current":1198}
{"_e":"metro:bundling:progress","_t":1790865636329,"id":"2","progress":0.150544,"total":250,"current":97}
{"_e":"metro:bundling:progress","_t":1790865636329,"id":"3","progress":0,"total":1,"current":0}
{"_e":"metro:bundling:progress","_t":1790865636429,"id":"1","progress":0.9531000131254336,"total":1255,"current":1198}
{"_e":"metro:bundling:progress","_t":1790865636430,"id":"2","progress":0.15191580383160763,"total":254,"current":99}
{"_e":"metro:bundling:progress","_t":1790865636430,"id":"3","progress":0,"total":1,"current":0}
{"_e":"metro:bundling:progress","_t":1790865636534,"id":"1","progress":0.9531000131254336,"total":1255,"current":1198}
{"_e":"metro:bundling:progress","_t":1790865636534,"id":"2","progress":0.15875244140625,"total":256,"current":102}
{"_e":"metro:bundling:progress","_t":1790865636534,"id":"3","progress":0,"total":1,"current":0}
{"_e":"metro:bundling:progress","_t":1790865636636,"id":"1","progress":0.9531000131254336,"total":1255,"current":1198}
{"_e":"metro:bundling:progress","_t":1790865636640,"id":"2","progress":0.16435354273192113,"total":259,"current":105}
{"_e":"metro:bundling:progress","_t":1790865636640,"id":"3","progress":0,"total":1,"current":0}
{"_e":"metro:bundling:progress","_t":1790865636760,"id":"1","progress":0.9531000131254336,"total":1255,"current":1198}
{"_e":"metro:bundling:progress","_t":1790865636761,"id":"2","progress":0.18273993357030474,"total":262,"current":112}
{"_e":"metro:bundling:progress","_t":1790865636761,"id":"3","progress":0,"total":1,"current":0}
{"_e":"metro:bundling:progress","_t":1790865636861,"id":"1","progress":0.9531000131254336,"total":1262,"current":1206}
{"_e":"metro:bundling:progress","_t":1790865636861,"id":"2","progress":0.18273993357030474,"total":262,"current":112}
{"_e":"metro:bundling:progress","_t":1790865636861,"id":"3","progress":0,"total":1,"current":0}
{"_e":"metro:bundling:progress","_t":1790865636968,"id":"1","progress":0.9531000131254336,"total":1262,"current":1208}
{"_e":"metro:bundling:progress","_t":1790865636969,"id":"2","progress":0.18273993357030474,"total":262,"current":112}
{"_e":"metro:bundling:progress","_t":1790865636969,"id":"3","progress":0,"total":1,"current":0}
{"_e":"metro:bundling:progress","_t":1790865637085,"id":"1","progress":0.9531000131254336,"total":1267,"current":1212}
{"_e":"metro:bundling:progress","_t":1790865637097,"id":"2","progress":0.18273993357030474,"total":262,"current":112}
{"_e":"metro:bundling:progress","_t":1790865637097,"id":"3","progress":0,"total":1,"current":0}
{"_e":"metro:bundling:progress","_t":1790865637190,"id":"1","progress":0.9531000131254336,"total":1267,"current":1218}
{"_e":"metro:bundling:progress","_t":1790865637191,"id":"2","progress":0.18273993357030474,"total":262,"current":112}
{"_e":"metro:bundling:progress","_t":1790865637191,"id":"3","progress":0,"total":1,"current":0}
{"_e":"metro:bundling:progress","_t":1790865637307,"id":"1","progress":0.9531000131254336,"total":1319,"current":1221}
{"_e":"metro:bundling:progress","_t":1790865637307,"id":"2","progress":0.18273993357030474,"total":262,"current":112}
{"_e":"metro:bundling:progress","_t":1790865637307,"id":"3","progress":0,"total":1,"current":0}
{"_e":"metro:bundling:progress","_t":1790865637413,"id":"1","progress":0.9531000131254336,"total":1319,"current":1221}
{"_e":"metro:bundling:progress","_t":1790865637413,"id":"2","progress":0.1949305802776789,"total":265,"current":117}
{"_e":"metro:bundling:progress","_t":1790865637413,"id":"3","progress":0,"total":1,"current":0}
{"_e":"metro:bundling:progress","_t":1790865637514,"id":"1","progress":0.9531000131254336,"total":1319,"current":1221}
{"_e":"metro:bundling:progress","_t":1790865637514,"id":"2","progress":0.19607576149562234,"total":271,"current":120}
{"_e":"metro:bundling:progress","_t":1790865637514,"id":"3","progress":0,"total":1,"current":0}
{"_e":"metro:bundling:progress","_t":1790865637702,"id":"1","progress":0.9531000131254336,"total":1324,"current":1225}
{"_e":"metro:bundling:progress","_t":1790865637705,"id":"2","progress":0.19607576149562234,"total":271,"current":120}
{"_e":"metro:bundling:progress","_t":1790865637705,"id":"3","progress":0,"total":1,"current":0}
{"_e":"metro:bundling:progress","_t":1790865637803,"id":"1","progress":0.9531000131254336,"total":1324,"current":1233}
{"_e":"metro:bundling:progress","_t":1790865637803,"id":"2","progress":0.19607576149562234,"total":271,"current":120}
{"_e":"metro:bundling:progress","_t":1790865637803,"id":"3","progress":0,"total":1,"current":0}
{"_e":"metro:bundling:progress","_t":1790865637906,"id":"1","progress":0.9531000131254336,"total":1328,"current":1237}
{"_e":"metro:bundling:progress","_t":1790865637906,"id":"2","progress":0.19607576149562234,"total":271,"current":120}
{"_e":"metro:bundling:progress","_t":1790865637906,"id":"3","progress":0,"total":1,"current":0}
{"_e":"metro:bundling:progress","_t":1790865638014,"id":"1","progress":0.9531000131254336,"total":1329,"current":1241}
{"_e":"metro:bundling:progress","_t":1790865638015,"id":"2","progress":0.19607576149562234,"total":271,"current":120}
{"_e":"metro:bundling:progress","_t":1790865638015,"id":"3","progress":0,"total":1,"current":0}
{"_e":"metro:bundling:progress","_t":1790865638118,"id":"1","progress":0.9531000131254336,"total":1329,"current":1249}
{"_e":"metro:bundling:progress","_t":1790865638118,"id":"2","progress":0.19607576149562234,"total":271,"current":120}
{"_e":"metro:bundling:progress","_t":1790865638118,"id":"3","progress":0,"total":1,"current":0}
{"_e":"metro:bundling:progress","_t":1790865638229,"id":"1","progress":0.9531000131254336,"total":1329,"current":1254}
{"_e":"metro:bundling:progress","_t":1790865638241,"id":"2","progress":0.19607576149562234,"total":271,"current":120}
{"_e":"metro:bundling:progress","_t":1790865638241,"id":"3","progress":0,"total":1,"current":0}
{"_e":"metro:bundling:progress","_t":1790865638343,"id":"1","progress":0.9531000131254336,"total":1329,"current":1254}
{"_e":"metro:bundling:progress","_t":1790865638343,"id":"2","progress":0.20106128341839644,"total":281,"current":126}
{"_e":"metro:bundling:progress","_t":1790865638343,"id":"3","progress":0,"total":1,"current":0}
{"_e":"metro:bundling:progress","_t":1790865638462,"id":"1","progress":0.9531000131254336,"total":1329,"current":1254}
{"_e":"metro:bundling:progress","_t":1790865638462,"id":"2","progress":0.20106128341839644,"total":289,"current":129}
{"_e":"metro:bundling:progress","_t":1790865638462,"id":"3","progress":0,"total":1,"current":0}
{"_e":"metro:bundling:progress","_t":1790865638562,"id":"1","progress":0.9531000131254336,"total":1329,"current":1254}
{"_e":"metro:bundling:progress","_t":1790865638563,"id":"2","progress":0.21992865636147443,"total":290,"current":136}
{"_e":"metro:bundling:progress","_t":1790865638563,"id":"3","progress":0,"total":1,"current":0}
{"_e":"metro:bundling:progress","_t":1790865638666,"id":"1","progress":0.9531000131254336,"total":1329,"current":1254}
{"_e":"metro:bundling:progress","_t":1790865638666,"id":"2","progress":0.23027115895680372,"total":298,"current":143}
{"_e":"metro:bundling:progress","_t":1790865638666,"id":"3","progress":0,"total":1,"current":0}
{"_e":"metro:bundling:progress","_t":1790865638779,"id":"1","progress":0.9531000131254336,"total":1329,"current":1254}
{"_e":"metro:bundling:progress","_t":1790865638779,"id":"2","progress":0.23027115895680372,"total":348,"current":149}
{"_e":"metro:bundling:progress","_t":1790865638779,"id":"3","progress":0,"total":1,"current":0}
{"_e":"metro:bundling:progress","_t":1790865638879,"id":"1","progress":0.9531000131254336,"total":1329,"current":1254}
{"_e":"metro:bundling:progress","_t":1790865638879,"id":"2","progress":0.23027115895680372,"total":348,"current":155}
{"_e":"metro:bundling:progress","_t":1790865638879,"id":"3","progress":0,"total":1,"current":0}
{"_e":"metro:bundling:progress","_t":1790865638983,"id":"1","progress":0.9531000131254336,"total":1329,"current":1254}
{"_e":"metro:bundling:progress","_t":1790865638983,"id":"2","progress":0.23027115895680372,"total":353,"current":160}
{"_e":"metro:bundling:progress","_t":1790865638983,"id":"3","progress":0,"total":1,"current":0}
{"_e":"metro:bundling:progress","_t":1790865639084,"id":"1","progress":0.9531000131254336,"total":1329,"current":1254}
{"_e":"metro:bundling:progress","_t":1790865639085,"id":"2","progress":0.23027115895680372,"total":356,"current":167}
{"_e":"metro:bundling:progress","_t":1790865639085,"id":"3","progress":0,"total":1,"current":0}
{"_e":"metro:bundling:progress","_t":1790865639203,"id":"1","progress":0.9531000131254336,"total":1329,"current":1254}
{"_e":"metro:bundling:progress","_t":1790865639203,"id":"2","progress":0.24444461783340096,"total":358,"current":177}
{"_e":"metro:bundling:progress","_t":1790865639203,"id":"3","progress":0,"total":1,"current":0}
{"_e":"metro:bundling:progress","_t":1790865639305,"id":"1","progress":0.9531000131254336,"total":1329,"current":1254}
{"_e":"metro:bundling:progress","_t":1790865639307,"id":"2","progress":0.24588484393142546,"total":363,"current":180}
{"_e":"metro:bundling:progress","_t":1790865639308,"id":"3","progress":0,"total":1,"current":0}
{"_e":"metro:bundling:progress","_t":1790865639413,"id":"1","progress":0.9531000131254336,"total":1329,"current":1254}
{"_e":"metro:bundling:progress","_t":1790865639413,"id":"2","progress":0.2596809908050291,"total":365,"current":186}
{"_e":"metro:bundling:progress","_t":1790865639413,"id":"3","progress":0,"total":1,"current":0}
{"_e":"metro:bundling:progress","_t":1790865639517,"id":"1","progress":0.9531000131254336,"total":1329,"current":1254}
{"_e":"metro:bundling:progress","_t":1790865639524,"id":"2","progress":0.27382998686432725,"total":365,"current":191}
{"_e":"metro:bundling:progress","_t":1790865639524,"id":"3","progress":0,"total":1,"current":0}
{"_e":"metro:bundling:progress","_t":1790865639620,"id":"1","progress":0.9531000131254336,"total":1329,"current":1254}
{"_e":"metro:bundling:progress","_t":1790865639620,"id":"2","progress":0.2792649877718289,"total":369,"current":195}
{"_e":"metro:bundling:progress","_t":1790865639620,"id":"3","progress":0,"total":1,"current":0}
{"_e":"metro:bundling:progress","_t":1790865639739,"id":"1","progress":0.9531000131254336,"total":1329,"current":1254}
{"_e":"metro:bundling:progress","_t":1790865639739,"id":"2","progress":0.2875029648743253,"total":373,"current":200}
{"_e":"metro:bundling:progress","_t":1790865639739,"id":"3","progress":0,"total":1,"current":0}
{"_e":"metro:bundling:progress","_t":1790865639882,"id":"1","progress":0.9531000131254336,"total":1329,"current":1254}
{"_e":"metro:bundling:progress","_t":1790865639882,"id":"2","progress":0.2875029648743253,"total":383,"current":204}
{"_e":"metro:bundling:progress","_t":1790865639882,"id":"3","progress":0,"total":1,"current":0}
{"_e":"metro:bundling:progress","_t":1790865639958,"id":"1","progress":0.9531000131254336,"total":1329,"current":1254}
{"_e":"metro:bundling:progress","_t":1790865639958,"id":"2","progress":0.2875029648743253,"total":383,"current":205}
{"_e":"metro:bundling:progress","_t":1790865639958,"id":"3","progress":0,"total":1,"current":0}
{"_e":"metro:bundling:progress","_t":1790865640059,"id":"1","progress":0.9531000131254336,"total":1329,"current":1254}
{"_e":"metro:bundling:progress","_t":1790865640059,"id":"2","progress":0.2875029648743253,"total":397,"current":212}
{"_e":"metro:bundling:progress","_t":1790865640059,"id":"3","progress":0,"total":1,"current":0}
{"_e":"metro:bundling:progress","_t":1790865640162,"id":"1","progress":0.9531000131254336,"total":1329,"current":1254}
{"_e":"metro:bundling:progress","_t":1790865640162,"id":"2","progress":0.2875029648743253,"total":398,"current":213}
{"_e":"metro:bundling:progress","_t":1790865640162,"id":"3","progress":0,"total":1,"current":0}
{"_e":"metro:bundling:progress","_t":1790865640272,"id":"1","progress":0.9531000131254336,"total":1329,"current":1254}
{"_e":"metro:bundling:progress","_t":1790865640272,"id":"2","progress":0.30250000000000005,"total":400,"current":220}
{"_e":"metro:bundling:progress","_t":1790865640272,"id":"3","progress":0,"total":1,"current":0}
{"_e":"metro:bundling:progress","_t":1790865640389,"id":"1","progress":0.9531000131254336,"total":1329,"current":1254}
{"_e":"metro:bundling:progress","_t":1790865640389,"id":"2","progress":0.31605653325412736,"total":402,"current":226}
{"_e":"metro:bundling:progress","_t":1790865640390,"id":"3","progress":0,"total":1,"current":0}
{"_e":"metro:bundling:progress","_t":1790865640501,"id":"1","progress":0.9531000131254336,"total":1329,"current":1254}
{"_e":"metro:bundling:progress","_t":1790865640501,"id":"2","progress":0.31899020211500406,"total":409,"current":231}
{"_e":"metro:bundling:progress","_t":1790865640501,"id":"3","progress":0,"total":1,"current":0}
{"_e":"metro:bundling:progress","_t":1790865640606,"id":"1","progress":0.9531000131254336,"total":1329,"current":1254}
{"_e":"metro:bundling:progress","_t":1790865640606,"id":"2","progress":0.3325163833981565,"total":411,"current":237}
{"_e":"metro:bundling:progress","_t":1790865640606,"id":"3","progress":0,"total":1,"current":0}
{"_e":"metro:bundling:progress","_t":1790865640706,"id":"1","progress":0.9531000131254336,"total":1329,"current":1254}
{"_e":"metro:bundling:progress","_t":1790865640707,"id":"2","progress":0.3400435476847148,"total":415,"current":242}
{"_e":"metro:bundling:progress","_t":1790865640707,"id":"3","progress":0,"total":1,"current":0}
{"_e":"metro:bundling:progress","_t":1790865640806,"id":"1","progress":0.9531000131254336,"total":1329,"current":1254}
{"_e":"metro:bundling:progress","_t":1790865640806,"id":"2","progress":0.3623058387822117,"total":417,"current":251}
{"_e":"metro:bundling:progress","_t":1790865640807,"id":"3","progress":0,"total":1,"current":0}
{"_e":"metro:bundling:progress","_t":1790865640937,"id":"1","progress":0.9531000131254336,"total":1329,"current":1254}
{"_e":"metro:bundling:progress","_t":1790865640940,"id":"2","progress":0.37038408302527326,"total":419,"current":255}
{"_e":"metro:bundling:progress","_t":1790865640940,"id":"3","progress":0,"total":1,"current":0}
{"_e":"metro:bundling:progress","_t":1790865641050,"id":"1","progress":0.9531000131254336,"total":1329,"current":1254}
{"_e":"metro:bundling:progress","_t":1790865641051,"id":"2","progress":0.3825217313178051,"total":422,"current":261}
{"_e":"metro:bundling:progress","_t":1790865641051,"id":"3","progress":0,"total":1,"current":0}
{"_e":"metro:bundling:progress","_t":1790865641153,"id":"1","progress":0.9531000131254336,"total":1336,"current":1264}
{"_e":"metro:bundling:progress","_t":1790865641153,"id":"2","progress":0.3825217313178051,"total":422,"current":261}
{"_e":"metro:bundling:progress","_t":1790865641153,"id":"3","progress":0,"total":1,"current":0}
{"_e":"metro:bundling:progress","_t":1790865641260,"id":"1","progress":0.9531000131254336,"total":1337,"current":1266}
{"_e":"metro:bundling:progress","_t":1790865641260,"id":"2","progress":0.3825217313178051,"total":422,"current":261}
{"_e":"metro:bundling:progress","_t":1790865641260,"id":"3","progress":0,"total":1,"current":0}
{"_e":"metro:bundling:progress","_t":1790865641366,"id":"1","progress":0.9531000131254336,"total":1337,"current":1266}
{"_e":"metro:bundling:progress","_t":1790865641366,"id":"2","progress":0.3935786756852973,"total":424,"current":266}
{"_e":"metro:bundling:progress","_t":1790865641366,"id":"3","progress":0,"total":1,"current":0}
{"_e":"metro:bundling:progress","_t":1790865641517,"id":"1","progress":0.9531000131254336,"total":1337,"current":1266}
{"_e":"metro:bundling:progress","_t":1790865641517,"id":"2","progress":0.3935786756852973,"total":439,"current":268}
{"_e":"metro:bundling:progress","_t":1790865641517,"id":"3","progress":0,"total":1,"current":0}
{"_e":"metro:bundling:progress","_t":1790865641621,"id":"1","progress":0.9531000131254336,"total":1337,"current":1266}
{"_e":"metro:bundling:progress","_t":1790865641621,"id":"2","progress":0.3935786756852973,"total":446,"current":270}
{"_e":"metro:bundling:progress","_t":1790865641621,"id":"3","progress":0,"total":1,"current":0}
{"_e":"metro:bundling:progress","_t":1790865641727,"id":"1","progress":0.9531000131254336,"total":1340,"current":1280}
{"_e":"metro:bundling:progress","_t":1790865641728,"id":"2","progress":0.3935786756852973,"total":446,"current":270}
{"_e":"metro:bundling:progress","_t":1790865641728,"id":"3","progress":0,"total":1,"current":0}
{"_e":"metro:bundling:progress","_t":1790865641828,"id":"1","progress":0.9531000131254336,"total":1344,"current":1287}
{"_e":"metro:bundling:progress","_t":1790865641828,"id":"2","progress":0.3935786756852973,"total":446,"current":270}
{"_e":"metro:bundling:progress","_t":1790865641828,"id":"3","progress":0,"total":1,"current":0}
{"_e":"metro:bundling:progress","_t":1790865641945,"id":"1","progress":0.9531000131254336,"total":1348,"current":1295}
{"_e":"metro:bundling:progress","_t":1790865641945,"id":"2","progress":0.3935786756852973,"total":446,"current":270}
{"_e":"metro:bundling:progress","_t":1790865641945,"id":"3","progress":0,"total":1,"current":0}
{"_e":"metro:bundling:progress","_t":1790865642062,"id":"1","progress":0.9531000131254336,"total":1348,"current":1300}
{"_e":"metro:bundling:progress","_t":1790865642062,"id":"2","progress":0.3935786756852973,"total":446,"current":270}
{"_e":"metro:bundling:progress","_t":1790865642062,"id":"3","progress":0,"total":1,"current":0}
{"_e":"metro:bundling:progress","_t":1790865642168,"id":"1","progress":0.9531000131254336,"total":1348,"current":1306}
{"_e":"metro:bundling:progress","_t":1790865642168,"id":"2","progress":0.3935786756852973,"total":446,"current":270}
{"_e":"metro:bundling:progress","_t":1790865642168,"id":"3","progress":0,"total":1,"current":0}
{"_e":"metro:bundling:progress","_t":1790865642278,"id":"1","progress":0.9531000131254336,"total":1348,"current":1312}
{"_e":"metro:bundling:progress","_t":1790865642278,"id":"2","progress":0.3935786756852973,"total":446,"current":270}
{"_e":"metro:bundling:progress","_t":1790865642278,"id":"3","progress":0,"total":1,"current":0}
{"_e":"metro:bundling:progress","_t":1790865642393,"id":"1","progress":0.9531000131254336,"total":1349,"current":1316}
{"_e":"metro:bundling:progress","_t":1790865642393,"id":"2","progress":0.3935786756852973,"total":446,"current":270}
{"_e":"metro:bundling:progress","_t":1790865642393,"id":"3","progress":0,"total":1,"current":0}
{"_e":"metro:bundling:progress","_t":1790865642536,"id":"1","progress":0.9531000131254336,"total":1355,"current":1319}
{"_e":"metro:bundling:progress","_t":1790865642584,"id":"2","progress":0.3935786756852973,"total":446,"current":270}
{"_e":"metro:bundling:progress","_t":1790865642584,"id":"3","progress":0,"total":1,"current":0}
{"_e":"metro:bundling:progress","_t":1790865642633,"id":"1","progress":0.9531000131254336,"total":1355,"current":1320}
{"_e":"metro:bundling:progress","_t":1790865642633,"id":"2","progress":0.3935786756852973,"total":446,"current":270}
{"_e":"metro:bundling:progress","_t":1790865642633,"id":"3","progress":0,"total":1,"current":0}
{"_e":"metro:bundling:progress","_t":1790865642744,"id":"1","progress":0.9531000131254336,"total":1359,"current":1325}
{"_e":"metro:bundling:progress","_t":1790865642744,"id":"2","progress":0.3935786756852973,"total":446,"current":270}
{"_e":"metro:bundling:progress","_t":1790865642744,"id":"3","progress":0,"total":1,"current":0}
{"_e":"metro:bundling:progress","_t":1790865642879,"id":"1","progress":0.9531000131254336,"total":1359,"current":1325}
{"_e":"metro:bundling:progress","_t":1790865642879,"id":"2","progress":0.3935786756852973,"total":448,"current":273}
{"_e":"metro:bundling:progress","_t":1790865642879,"id":"3","progress":0,"total":1,"current":0}
{"_e":"metro:bundling:progress","_t":1790865642994,"id":"1","progress":0.9531000131254336,"total":1359,"current":1325}
{"_e":"metro:bundling:progress","_t":1790865642994,"id":"2","progress":0.3935786756852973,"total":451,"current":277}
{"_e":"metro:bundling:progress","_t":1790865642994,"id":"3","progress":0,"total":1,"current":0}
{"_e":"metro:bundling:progress","_t":1790865643097,"id":"1","progress":0.9531000131254336,"total":1359,"current":1325}
{"_e":"metro:bundling:progress","_t":1790865643097,"id":"2","progress":0.3935786756852973,"total":459,"current":281}
{"_e":"metro:bundling:progress","_t":1790865643097,"id":"3","progress":0,"total":1,"current":0}
{"_e":"metro:bundling:progress","_t":1790865643214,"id":"1","progress":0.9531000131254336,"total":1359,"current":1325}
{"_e":"metro:bundling:progress","_t":1790865643214,"id":"2","progress":0.3935786756852973,"total":477,"current":284}
{"_e":"metro:bundling:progress","_t":1790865643214,"id":"3","progress":0,"total":1,"current":0}
{"_e":"metro:bundling:progress","_t":1790865643314,"id":"1","progress":0.9531000131254336,"total":1359,"current":1325}
{"_e":"metro:bundling:progress","_t":1790865643314,"id":"2","progress":0.3935786756852973,"total":477,"current":289}
{"_e":"metro:bundling:progress","_t":1790865643314,"id":"3","progress":0,"total":1,"current":0}
{"_e":"metro:bundling:progress","_t":1790865643421,"id":"1","progress":0.9531000131254336,"total":1359,"current":1325}
{"_e":"metro:bundling:progress","_t":1790865643435,"id":"2","progress":0.3935786756852973,"total":478,"current":293}
{"_e":"metro:bundling:progress","_t":1790865643435,"id":"3","progress":0,"total":1,"current":0}
{"_e":"metro:bundling:progress","_t":1790865643528,"id":"1","progress":0.9531000131254336,"total":1359,"current":1325}
{"_e":"metro:bundling:progress","_t":1790865643528,"id":"2","progress":0.3935786756852973,"total":480,"current":297}
{"_e":"metro:bundling:progress","_t":1790865643528,"id":"3","progress":0,"total":1,"current":0}
{"_e":"metro:bundling:progress","_t":1790865643634,"id":"1","progress":0.9531000131254336,"total":1359,"current":1325}
{"_e":"metro:bundling:progress","_t":1790865643634,"id":"2","progress":0.3935786756852973,"total":494,"current":299}
{"_e":"metro:bundling:progress","_t":1790865643634,"id":"3","progress":0,"total":1,"current":0}
{"_e":"metro:bundling:progress","_t":1790865643735,"id":"1","progress":0.9531000131254336,"total":1359,"current":1325}
{"_e":"metro:bundling:progress","_t":1790865643735,"id":"2","progress":0.3935786756852973,"total":498,"current":306}
{"_e":"metro:bundling:progress","_t":1790865643735,"id":"3","progress":0,"total":1,"current":0}
{"_e":"metro:bundling:progress","_t":1790865643841,"id":"1","progress":0.9531000131254336,"total":1359,"current":1325}
{"_e":"metro:bundling:progress","_t":1790865643841,"id":"2","progress":0.39849237553262834,"total":499,"current":315}
{"_e":"metro:bundling:progress","_t":1790865643841,"id":"3","progress":0,"total":1,"current":0}
{"_e":"metro:bundling:progress","_t":1790865643952,"id":"1","progress":0.9531000131254336,"total":1359,"current":1325}
{"_e":"metro:bundling:progress","_t":1790865643952,"id":"2","progress":0.4086770735860498,"total":499,"current":319}
{"_e":"metro:bundling:progress","_t":1790865643952,"id":"3","progress":0,"total":1,"current":0}
{"_e":"metro:bundling:progress","_t":1790865644062,"id":"1","progress":0.9531000131254336,"total":1359,"current":1325}
{"_e":"metro:bundling:progress","_t":1790865644062,"id":"2","progress":0.4086770735860498,"total":515,"current":328}
{"_e":"metro:bundling:progress","_t":1790865644062,"id":"3","progress":0,"total":1,"current":0}
{"_e":"metro:bundling:progress","_t":1790865644173,"id":"1","progress":0.9531000131254336,"total":1359,"current":1325}
{"_e":"metro:bundling:progress","_t":1790865644173,"id":"2","progress":0.4231313036101424,"total":515,"current":335}
{"_e":"metro:bundling:progress","_t":1790865644173,"id":"3","progress":0,"total":1,"current":0}
{"_e":"metro:bundling:progress","_t":1790865644276,"id":"1","progress":0.9531000131254336,"total":1359,"current":1325}
{"_e":"metro:bundling:progress","_t":1790865644288,"id":"2","progress":0.4258752362391828,"total":521,"current":340}
{"_e":"metro:bundling:progress","_t":1790865644288,"id":"3","progress":0,"total":1,"current":0}
{"_e":"metro:bundling:progress","_t":1790865644386,"id":"1","progress":0.9531000131254336,"total":1359,"current":1325}
{"_e":"metro:bundling:progress","_t":1790865644386,"id":"2","progress":0.43019633072619234,"total":526,"current":345}
{"_e":"metro:bundling:progress","_t":1790865644386,"id":"3","progress":0,"total":1,"current":0}
{"_e":"metro:bundling:progress","_t":1790865644494,"id":"1","progress":0.9531000131254336,"total":1359,"current":1325}
{"_e":"metro:bundling:progress","_t":1790865644494,"id":"2","progress":0.43019633072619234,"total":544,"current":356}
{"_e":"metro:bundling:progress","_t":1790865644494,"id":"3","progress":0,"total":1,"current":0}
{"_e":"metro:bundling:progress","_t":1790865644594,"id":"1","progress":0.9531000131254336,"total":1359,"current":1325}
{"_e":"metro:bundling:progress","_t":1790865644595,"id":"2","progress":0.4302231471846456,"total":558,"current":366}
{"_e":"metro:bundling:progress","_t":1790865644595,"id":"3","progress":0,"total":1,"current":0}
{"_e":"metro:bundling:progress","_t":1790865644701,"id":"1","progress":0.9531000131254336,"total":1359,"current":1325}
{"_e":"metro:bundling:progress","_t":1790865644701,"id":"2","progress":0.43970373759615655,"total":561,"current":372}
{"_e":"metro:bundling:progress","_t":1790865644701,"id":"3","progress":0,"total":1,"current":0}
{"_e":"metro:bundling:progress","_t":1790865644807,"id":"1","progress":0.9531000131254336,"total":1359,"current":1325}
{"_e":"metro:bundling:progress","_t":1790865644810,"id":"2","progress":0.4476133787566013,"total":562,"current":376}
{"_e":"metro:bundling:progress","_t":1790865644811,"id":"3","progress":0,"total":1,"current":0}
{"_e":"metro:bundling:progress","_t":1790865644910,"id":"1","progress":0.9531000131254336,"total":1359,"current":1325}
{"_e":"metro:bundling:progress","_t":1790865644913,"id":"2","progress":0.46037309642267854,"total":563,"current":382}
{"_e":"metro:bundling:progress","_t":1790865644914,"id":"3","progress":0,"total":1,"current":0}
{"_e":"metro:bundling:progress","_t":1790865645012,"id":"1","progress":0.9531000131254336,"total":1359,"current":1325}
{"_e":"metro:bundling:progress","_t":1790865645012,"id":"2","progress":0.4749486542848039,"total":563,"current":388}
{"_e":"metro:bundling:progress","_t":1790865645012,"id":"3","progress":0,"total":1,"current":0}
{"_e":"metro:bundling:progress","_t":1790865645124,"id":"1","progress":0.9531000131254336,"total":1359,"current":1325}
{"_e":"metro:bundling:progress","_t":1790865645124,"id":"2","progress":0.48554210049796287,"total":564,"current":393}
{"_e":"metro:bundling:progress","_t":1790865645124,"id":"3","progress":0,"total":1,"current":0}
{"_e":"metro:bundling:progress","_t":1790865645247,"id":"1","progress":0.9531000131254336,"total":1359,"current":1325}
{"_e":"metro:bundling:progress","_t":1790865645247,"id":"2","progress":0.48554210049796287,"total":570,"current":396}
{"_e":"metro:bundling:progress","_t":1790865645248,"id":"3","progress":0,"total":1,"current":0}
{"_e":"metro:bundling:progress","_t":1790865645318,"id":"1","progress":0.9531000131254336,"total":1359,"current":1325}
{"_e":"metro:bundling:progress","_t":1790865645318,"id":"2","progress":0.48554210049796287,"total":570,"current":397}
{"_e":"metro:bundling:progress","_t":1790865645318,"id":"3","progress":0,"total":1,"current":0}
{"_e":"metro:bundling:progress","_t":1790865645448,"id":"1","progress":0.9531000131254336,"total":1359,"current":1325}
{"_e":"metro:bundling:progress","_t":1790865645448,"id":"2","progress":0.48554210049796287,"total":582,"current":400}
{"_e":"metro:bundling:progress","_t":1790865645448,"id":"3","progress":0,"total":1,"current":0}
{"_e":"metro:bundling:progress","_t":1790865645561,"id":"1","progress":0.9531000131254336,"total":1359,"current":1325}
{"_e":"metro:bundling:progress","_t":1790865645561,"id":"2","progress":0.48554210049796287,"total":584,"current":403}
{"_e":"metro:bundling:progress","_t":1790865645561,"id":"3","progress":0,"total":1,"current":0}
{"_e":"metro:bundling:progress","_t":1790865645663,"id":"1","progress":0.9531000131254336,"total":1359,"current":1325}
{"_e":"metro:bundling:progress","_t":1790865645663,"id":"2","progress":0.48554210049796287,"total":586,"current":408}
{"_e":"metro:bundling:progress","_t":1790865645663,"id":"3","progress":0,"total":1,"current":0}
{"_e":"metro:bundling:progress","_t":1790865645766,"id":"1","progress":0.9531000131254336,"total":1359,"current":1325}
{"_e":"metro:bundling:progress","_t":1790865645766,"id":"2","progress":0.48554210049796287,"total":592,"current":412}
{"_e":"metro:bundling:progress","_t":1790865645766,"id":"3","progress":0,"total":1,"current":0}
{"_e":"metro:bundling:progress","_t":1790865645873,"id":"1","progress":0.9531000131254336,"total":1359,"current":1325}
{"_e":"metro:bundling:progress","_t":1790865645873,"id":"2","progress":0.49141994612856094,"total":592,"current":415}
{"_e":"metro:bundling:progress","_t":1790865645873,"id":"3","progress":0,"total":1,"current":0}
{"_e":"metro:bundling:progress","_t":1790865645973,"id":"1","progress":0.9531000131254336,"total":1359,"current":1325}
{"_e":"metro:bundling:progress","_t":1790865645977,"id":"2","progress":0.5016365751075647,"total":593,"current":420}
{"_e":"metro:bundling:progress","_t":1790865645977,"id":"3","progress":0,"total":1,"current":0}
{"_e":"metro:bundling:progress","_t":1790865646076,"id":"1","progress":0.9531000131254336,"total":1359,"current":1325}
{"_e":"metro:bundling:progress","_t":1790865646076,"id":"2","progress":0.502032776950077,"total":597,"current":423}
{"_e":"metro:bundling:progress","_t":1790865646076,"id":"3","progress":0,"total":1,"current":0}
{"_e":"metro:bundling:progress","_t":1790865646184,"id":"1","progress":0.9531000131254336,"total":1359,"current":1325}
{"_e":"metro:bundling:progress","_t":1790865646184,"id":"2","progress":0.5041,"total":600,"current":426}
{"_e":"metro:bundling:progress","_t":1790865646184,"id":"3","progress":0,"total":1,"current":0}
{"_e":"metro:bundling:progress","_t":1790865646293,"id":"1","progress":0.9531000131254336,"total":1359,"current":1325}
{"_e":"metro:bundling:progress","_t":1790865646306,"id":"2","progress":0.5132546224103364,"total":603,"current":432}
{"_e":"metro:bundling:progress","_t":1790865646306,"id":"3","progress":0,"total":1,"current":0}
{"_e":"metro:bundling:progress","_t":1790865646396,"id":"1","progress":0.9531000131254336,"total":1359,"current":1325}
{"_e":"metro:bundling:progress","_t":1790865646396,"id":"2","progress":0.5228033409514067,"total":603,"current":436}
{"_e":"metro:bundling:progress","_t":1790865646396,"id":"3","progress":0,"total":1,"current":0}
{"_e":"metro:bundling:progress","_t":1790865646501,"id":"1","progress":0.9594832598064361,"total":1368,"current":1340}
{"_e":"metro:bundling:progress","_t":1790865646501,"id":"2","progress":0.5228033409514067,"total":603,"current":436}
{"_e":"metro:bundling:progress","_t":1790865646501,"id":"3","progress":0,"total":1,"current":0}
{"_e":"metro:bundling:progress","_t":1790865646604,"id":"1","progress":0.9652703926687624,"total":1370,"current":1346}
{"_e":"metro:bundling:progress","_t":1790865646604,"id":"2","progress":0.5228033409514067,"total":603,"current":436}
{"_e":"metro:bundling:progress","_t":1790865646604,"id":"3","progress":0,"total":1,"current":0}
{"_e":"metro:bundling:progress","_t":1790865646704,"id":"1","progress":0.9710579775433704,"total":1372,"current":1352}
{"_e":"metro:bundling:progress","_t":1790865646704,"id":"2","progress":0.5228033409514067,"total":603,"current":436}
{"_e":"metro:bundling:progress","_t":1790865646704,"id":"3","progress":0,"total":1,"current":0}
{"_e":"metro:bundling:progress","_t":1790865646812,"id":"1","progress":0.9739519152270215,"total":1373,"current":1355}
{"_e":"metro:bundling:progress","_t":1790865646812,"id":"2","progress":0.5228033409514067,"total":603,"current":436}
{"_e":"metro:bundling:progress","_t":1790865646812,"id":"3","progress":0,"total":1,"current":0}
{"_e":"metro:bundling:progress","_t":1790865646913,"id":"1","progress":0.9739519152270215,"total":1377,"current":1356}
{"_e":"metro:bundling:progress","_t":1790865646913,"id":"2","progress":0.5228033409514067,"total":603,"current":436}
{"_e":"metro:bundling:progress","_t":1790865646913,"id":"3","progress":0,"total":1,"current":0}
{"_e":"metro:bundling:progress","_t":1790865647042,"id":"1","progress":0.9739519152270215,"total":1381,"current":1359}
{"_e":"metro:bundling:progress","_t":1790865647046,"id":"2","progress":0.5228033409514067,"total":603,"current":436}
{"_e":"metro:bundling:progress","_t":1790865647046,"id":"3","progress":0,"total":1,"current":0}
{"_e":"metro:bundling:progress","_t":1790865647111,"id":"1","progress":0.9739519152270215,"total":1381,"current":1360}
{"_e":"metro:bundling:progress","_t":1790865647111,"id":"2","progress":0.5228033409514067,"total":603,"current":436}
{"_e":"metro:bundling:progress","_t":1790865647111,"id":"3","progress":0,"total":1,"current":0}
{"_e":"metro:bundling:progress","_t":1790865647229,"id":"1","progress":0.9739519152270215,"total":1381,"current":1360}
{"_e":"metro:bundling:progress","_t":1790865647230,"id":"2","progress":0.5372914311801963,"total":603,"current":442}
{"_e":"metro:bundling:progress","_t":1790865647230,"id":"3","progress":0,"total":1,"current":0}
{"_e":"metro:bundling:progress","_t":1790865647330,"id":"1","progress":0.9739519152270215,"total":1384,"current":1361}
{"_e":"metro:bundling:progress","_t":1790865647330,"id":"2","progress":0.5372914311801963,"total":603,"current":442}
{"_e":"metro:bundling:progress","_t":1790865647330,"id":"3","progress":0,"total":1,"current":0}
{"_e":"metro:bundling:progress","_t":1790865647446,"id":"1","progress":0.9739519152270215,"total":1387,"current":1363}
{"_e":"metro:bundling:progress","_t":1790865647446,"id":"2","progress":0.5372914311801963,"total":603,"current":442}
{"_e":"metro:bundling:progress","_t":1790865647446,"id":"3","progress":0,"total":1,"current":0}
{"_e":"metro:bundling:progress","_t":1790865647558,"id":"1","progress":0.9739519152270215,"total":1387,"current":1365}
{"_e":"metro:bundling:progress","_t":1790865647558,"id":"2","progress":0.5372914311801963,"total":603,"current":442}
{"_e":"metro:bundling:progress","_t":1790865647558,"id":"3","progress":0,"total":1,"current":0}
{"_e":"metro:bundling:progress","_t":1790865647677,"id":"1","progress":0.9739519152270215,"total":1387,"current":1365}
{"_e":"metro:bundling:progress","_t":1790865647680,"id":"2","progress":0.5452502083241964,"total":604,"current":446}
{"_e":"metro:bundling:progress","_t":1790865647680,"id":"3","progress":0,"total":1,"current":0}
{"_e":"metro:bundling:progress","_t":1790865647780,"id":"1","progress":0.9739519152270215,"total":1387,"current":1365}
{"_e":"metro:bundling:progress","_t":1790865647780,"id":"2","progress":0.5569536082334325,"total":607,"current":453}
{"_e":"metro:bundling:progress","_t":1790865647780,"id":"3","progress":0,"total":1,"current":0}
{"_e":"metro:bundling:progress","_t":1790865647884,"id":"1","progress":0.9739519152270215,"total":1387,"current":1365}
{"_e":"metro:bundling:progress","_t":1790865647884,"id":"2","progress":0.5774000173130193,"total":608,"current":462}
{"_e":"metro:bundling:progress","_t":1790865647884,"id":"3","progress":0,"total":1,"current":0}
{"_e":"metro:bundling:progress","_t":1790865647983,"id":"1","progress":0.9739519152270215,"total":1387,"current":1365}
{"_e":"metro:bundling:progress","_t":1790865647983,"id":"2","progress":0.5942365953160953,"total":611,"current":471}
{"_e":"metro:bundling:progress","_t":1790865647983,"id":"3","progress":0,"total":1,"current":0}
{"_e":"metro:bundling:progress","_t":1790865648084,"id":"1","progress":0.9739519152270215,"total":1387,"current":1365}
{"_e":"metro:bundling:progress","_t":1790865648084,"id":"2","progress":0.5942365953160953,"total":614,"current":473}
{"_e":"metro:bundling:progress","_t":1790865648084,"id":"3","progress":0,"total":1,"current":0}
{"_e":"metro:bundling:progress","_t":1790865648184,"id":"1","progress":0.9739519152270215,"total":1387,"current":1365}
{"_e":"metro:bundling:progress","_t":1790865648184,"id":"2","progress":0.5976768438279015,"total":617,"current":477}
{"_e":"metro:bundling:progress","_t":1790865648184,"id":"3","progress":0,"total":1,"current":0}
{"_e":"metro:bundling:progress","_t":1790865648285,"id":"1","progress":0.9739519152270215,"total":1387,"current":1365}
{"_e":"metro:bundling:progress","_t":1790865648285,"id":"2","progress":0.6063351959098134,"total":619,"current":482}
{"_e":"metro:bundling:progress","_t":1790865648285,"id":"3","progress":0,"total":1,"current":0}
{"_e":"metro:bundling:progress","_t":1790865648391,"id":"1","progress":0.9739519152270215,"total":1387,"current":1365}
{"_e":"metro:bundling:progress","_t":1790865648398,"id":"2","progress":0.6169849115504683,"total":620,"current":487}
{"_e":"metro:bundling:progress","_t":1790865648398,"id":"3","progress":0,"total":1,"current":0}
{"_e":"metro:bundling:progress","_t":1790865648497,"id":"1","progress":0.9739519152270215,"total":1387,"current":1365}
{"_e":"metro:bundling:progress","_t":1790865648497,"id":"2","progress":0.6307730482521892,"total":622,"current":494}
{"_e":"metro:bundling:progress","_t":1790865648497,"id":"3","progress":0,"total":1,"current":0}
{"_e":"metro:bundling:progress","_t":1790865648608,"id":"1","progress":0.9739519152270215,"total":1387,"current":1365}
{"_e":"metro:bundling:progress","_t":1790865648611,"id":"2","progress":0.643606352291643,"total":622,"current":499}
{"_e":"metro:bundling:progress","_t":1790865648611,"id":"3","progress":0,"total":1,"current":0}
{"_e":"metro:bundling:progress","_t":1790865648708,"id":"1","progress":0.9739519152270215,"total":1387,"current":1365}
{"_e":"metro:bundling:progress","_t":1790865648708,"id":"2","progress":0.654958189513478,"total":624,"current":505}
{"_e":"metro:bundling:progress","_t":1790865648708,"id":"3","progress":0,"total":1,"current":0}
{"_e":"metro:bundling:progress","_t":1790865648816,"id":"1","progress":0.9739519152270215,"total":1387,"current":1365}
{"_e":"metro:bundling:progress","_t":1790865648816,"id":"2","progress":0.67371264,"total":625,"current":513}
{"_e":"metro:bundling:progress","_t":1790865648816,"id":"3","progress":0,"total":1,"current":0}
{"_e":"metro:bundling:progress","_t":1790865648928,"id":"1","progress":0.9739519152270215,"total":1387,"current":1365}
{"_e":"metro:bundling:progress","_t":1790865648928,"id":"2","progress":0.6789759999999999,"total":625,"current":515}
{"_e":"metro:bundling:progress","_t":1790865648928,"id":"3","progress":0,"total":1,"current":0}
{"_e":"metro:bundling:progress","_t":1790865649039,"id":"1","progress":0.9739519152270215,"total":1387,"current":1365}
{"_e":"metro:bundling:progress","_t":1790865649051,"id":"2","progress":0.6843563282189868,"total":631,"current":522}
{"_e":"metro:bundling:progress","_t":1790865649051,"id":"3","progress":0,"total":1,"current":0}
{"_e":"metro:bundling:progress","_t":1790865649141,"id":"1","progress":0.9739519152270215,"total":1387,"current":1365}
{"_e":"metro:bundling:progress","_t":1790865649141,"id":"2","progress":0.6870510068536532,"total":637,"current":528}
{"_e":"metro:bundling:progress","_t":1790865649141,"id":"3","progress":0,"total":1,"current":0}
{"_e":"metro:bundling:progress","_t":1790865649249,"id":"1","progress":0.9739519152270215,"total":1387,"current":1365}
{"_e":"metro:bundling:progress","_t":1790865649250,"id":"2","progress":0.6870510068536532,"total":642,"current":532}
{"_e":"metro:bundling:progress","_t":1790865649250,"id":"3","progress":0,"total":1,"current":0}
{"_e":"metro:bundling:progress","_t":1790865649364,"id":"1","progress":0.9739519152270215,"total":1387,"current":1365}
{"_e":"metro:bundling:progress","_t":1790865649364,"id":"2","progress":0.6910087319920637,"total":646,"current":537}
{"_e":"metro:bundling:progress","_t":1790865649364,"id":"3","progress":0,"total":1,"current":0}
{"_e":"metro:bundling:progress","_t":1790865649473,"id":"1","progress":0.9739519152270215,"total":1387,"current":1365}
{"_e":"metro:bundling:progress","_t":1790865649473,"id":"2","progress":0.6910087319920637,"total":651,"current":541}
{"_e":"metro:bundling:progress","_t":1790865649473,"id":"3","progress":0,"total":1,"current":0}
{"_e":"metro:bundling:progress","_t":1790865649579,"id":"1","progress":0.9739519152270215,"total":1387,"current":1365}
{"_e":"metro:bundling:progress","_t":1790865649580,"id":"2","progress":0.698711374157853,"total":652,"current":545}
{"_e":"metro:bundling:progress","_t":1790865649580,"id":"3","progress":0,"total":1,"current":0}
{"_e":"metro:bundling:progress","_t":1790865649681,"id":"1","progress":0.9739519152270215,"total":1387,"current":1365}
{"_e":"metro:bundling:progress","_t":1790865649681,"id":"2","progress":0.7042628087118236,"total":653,"current":548}
{"_e":"metro:bundling:progress","_t":1790865649681,"id":"3","progress":0,"total":1,"current":0}
{"_e":"metro:bundling:progress","_t":1790865649784,"id":"1","progress":0.9739519152270215,"total":1387,"current":1365}
{"_e":"metro:bundling:progress","_t":1790865649784,"id":"2","progress":0.7149814362801485,"total":654,"current":553}
{"_e":"metro:bundling:progress","_t":1790865649784,"id":"3","progress":0,"total":1,"current":0}
{"_e":"metro:bundling:progress","_t":1790865649907,"id":"1","progress":0.9739519152270215,"total":1387,"current":1365}
{"_e":"metro:bundling:progress","_t":1790865649907,"id":"2","progress":0.7175696022594431,"total":654,"current":554}
{"_e":"metro:bundling:progress","_t":1790865649907,"id":"3","progress":0,"total":1,"current":0}
{"_e":"metro:bundling:progress","_t":1790865650252,"id":"1","progress":0.9739519152270215,"total":1387,"current":1365}
{"_e":"metro:bundling:progress","_t":1790865650252,"id":"2","progress":0.72055474622691,"total":655,"current":556}
{"_e":"metro:bundling:progress","_t":1790865650252,"id":"3","progress":0,"total":1,"current":0}
{"_e":"metro:bundling:progress","_t":1790865650369,"id":"1","progress":0.9739519152270215,"total":1405,"current":1374}
{"_e":"metro:bundling:progress","_t":1790865650369,"id":"2","progress":0.72055474622691,"total":655,"current":556}
{"_e":"metro:bundling:progress","_t":1790865650369,"id":"3","progress":0,"total":1,"current":0}
{"_e":"metro:bundling:progress","_t":1790865650448,"id":"1","progress":0.9739519152270215,"total":1405,"current":1374}
{"_e":"metro:bundling:progress","_t":1790865650448,"id":"2","progress":0.7239238362651136,"total":657,"current":559}
{"_e":"metro:bundling:progress","_t":1790865650448,"id":"3","progress":0,"total":1,"current":0}
{"_e":"metro:bundling:progress","_t":1790865650548,"id":"1","progress":0.9739519152270215,"total":1411,"current":1378}
{"_e":"metro:bundling:progress","_t":1790865650548,"id":"2","progress":0.7239238362651136,"total":657,"current":559}
{"_e":"metro:bundling:progress","_t":1790865650548,"id":"3","progress":0,"total":1,"current":0}
{"_e":"metro:bundling:progress","_t":1790865650651,"id":"1","progress":0.9739519152270215,"total":1413,"current":1381}
{"_e":"metro:bundling:progress","_t":1790865650664,"id":"2","progress":0.7239238362651136,"total":657,"current":559}
{"_e":"metro:bundling:progress","_t":1790865650664,"id":"3","progress":0,"total":1,"current":0}
{"_e":"metro:bundling:progress","_t":1790865650752,"id":"1","progress":0.9739519152270215,"total":1413,"current":1381}
{"_e":"metro:bundling:progress","_t":1790865650752,"id":"2","progress":0.7320908897737457,"total":658,"current":563}
{"_e":"metro:bundling:progress","_t":1790865650752,"id":"3","progress":0,"total":1,"current":0}
{"_e":"metro:bundling:progress","_t":1790865650855,"id":"1","progress":0.9739519152270215,"total":1413,"current":1381}
{"_e":"metro:bundling:progress","_t":1790865650855,"id":"2","progress":0.7402787596049563,"total":659,"current":567}
{"_e":"metro:bundling:progress","_t":1790865650855,"id":"3","progress":0,"total":1,"current":0}
{"_e":"metro:bundling:progress","_t":1790865650957,"id":"1","progress":0.9739519152270215,"total":1413,"current":1381}
{"_e":"metro:bundling:progress","_t":1790865650957,"id":"2","progress":0.7469339284617432,"total":663,"current":573}
{"_e":"metro:bundling:progress","_t":1790865650957,"id":"3","progress":0,"total":1,"current":0}
{"_e":"metro:bundling:progress","_t":1790865651057,"id":"1","progress":0.9739519152270215,"total":1413,"current":1381}
{"_e":"metro:bundling:progress","_t":1790865651057,"id":"2","progress":0.7577387864711861,"total":664,"current":578}
{"_e":"metro:bundling:progress","_t":1790865651057,"id":"3","progress":0,"total":1,"current":0}
{"_e":"metro:bundling:progress","_t":1790865651158,"id":"1","progress":0.9739519152270215,"total":1413,"current":1381}
{"_e":"metro:bundling:progress","_t":1790865651166,"id":"2","progress":0.7705228977369898,"total":671,"current":589}
{"_e":"metro:bundling:progress","_t":1790865651166,"id":"3","progress":0,"total":1,"current":0}
{"_e":"metro:bundling:progress","_t":1790865651272,"id":"1","progress":0.9739519152270215,"total":1413,"current":1381}
{"_e":"metro:bundling:progress","_t":1790865651272,"id":"2","progress":0.783962673611111,"total":672,"current":595}
{"_e":"metro:bundling:progress","_t":1790865651272,"id":"3","progress":0,"total":1,"current":0}
{"_e":"metro:bundling:progress","_t":1790865651379,"id":"1","progress":0.9739519152270215,"total":1413,"current":1381}
{"_e":"metro:bundling:progress","_t":1790865651379,"id":"2","progress":0.7851637722768812,"total":676,"current":599}
{"_e":"metro:bundling:progress","_t":1790865651379,"id":"3","progress":0,"total":1,"current":0}
{"_e":"metro:bundling:progress","_t":1790865651482,"id":"1","progress":0.9739519152270215,"total":1413,"current":1381}
{"_e":"metro:bundling:progress","_t":1790865651482,"id":"2","progress":0.7971002305066619,"total":681,"current":608}
{"_e":"metro:bundling:progress","_t":1790865651482,"id":"3","progress":0,"total":1,"current":0}
{"_e":"metro:bundling:progress","_t":1790865651586,"id":"1","progress":0.9739519152270215,"total":1413,"current":1381}
{"_e":"metro:bundling:progress","_t":1790865651586,"id":"2","progress":0.8065974672065326,"total":687,"current":617}
{"_e":"metro:bundling:progress","_t":1790865651586,"id":"3","progress":0,"total":1,"current":0}
{"_e":"metro:bundling:progress","_t":1790865651699,"id":"1","progress":0.9739519152270215,"total":1413,"current":1381}
{"_e":"metro:bundling:progress","_t":1790865651699,"id":"2","progress":0.8230959882377653,"total":690,"current":626}
{"_e":"metro:bundling:progress","_t":1790865651699,"id":"3","progress":0,"total":1,"current":0}
{"_e":"metro:bundling:progress","_t":1790865651800,"id":"1","progress":0.9739519152270215,"total":1413,"current":1381}
{"_e":"metro:bundling:progress","_t":1790865651800,"id":"2","progress":0.8323940579997358,"total":696,"current":635}
{"_e":"metro:bundling:progress","_t":1790865651800,"id":"3","progress":0,"total":1,"current":0}
{"_e":"metro:bundling:progress","_t":1790865651903,"id":"1","progress":0.9739519152270215,"total":1414,"current":1391}
{"_e":"metro:bundling:progress","_t":1790865651919,"id":"2","progress":0.8323940579997358,"total":696,"current":635}
{"_e":"metro:bundling:progress","_t":1790865651919,"id":"3","progress":0,"total":1,"current":0}
{"_e":"metro:bundling:progress","_t":1790865652006,"id":"1","progress":0.9739519152270215,"total":1415,"current":1395}
{"_e":"metro:bundling:progress","_t":1790865652010,"id":"2","progress":0.8323940579997358,"total":696,"current":635}
{"_e":"metro:bundling:progress","_t":1790865652010,"id":"3","progress":0,"total":1,"current":0}
{"_e":"metro:bundling:progress","_t":1790865652106,"id":"1","progress":0.9739519152270215,"total":1415,"current":1395}
{"_e":"metro:bundling:progress","_t":1790865652107,"id":"2","progress":0.8368091425619835,"total":704,"current":644}
{"_e":"metro:bundling:progress","_t":1790865652107,"id":"3","progress":0,"total":1,"current":0}
{"_e":"metro:bundling:progress","_t":1790865652239,"id":"1","progress":0.9739519152270215,"total":1415,"current":1395}
{"_e":"metro:bundling:progress","_t":1790865652255,"id":"2","progress":0.8394099464101239,"total":704,"current":645}
{"_e":"metro:bundling:progress","_t":1790865652255,"id":"3","progress":0,"total":1,"current":0}
{"_e":"metro:bundling:progress","_t":1790865652353,"id":"1","progress":0.9739519152270215,"total":1415,"current":1395}
{"_e":"metro:bundling:progress","_t":1790865652353,"id":"2","progress":0.8422292641215231,"total":705,"current":647}
{"_e":"metro:bundling:progress","_t":1790865652353,"id":"3","progress":0,"total":1,"current":0}
{"_e":"metro:bundling:progress","_t":1790865652459,"id":"1","progress":0.9739519152270215,"total":1415,"current":1395}
{"_e":"metro:bundling:progress","_t":1790865652459,"id":"2","progress":0.8422292641215231,"total":716,"current":650}
{"_e":"metro:bundling:progress","_t":1790865652459,"id":"3","progress":0,"total":1,"current":0}
{"_e":"metro:bundling:progress","_t":1790865652563,"id":"1","progress":0.9739519152270215,"total":1415,"current":1395}
{"_e":"metro:bundling:progress","_t":1790865652563,"id":"2","progress":0.8422292641215231,"total":719,"current":653}
{"_e":"metro:bundling:progress","_t":1790865652563,"id":"3","progress":0,"total":1,"current":0}
{"_e":"metro:bundling:progress","_t":1790865652670,"id":"1","progress":0.9739519152270215,"total":1432,"current":1402}
{"_e":"metro:bundling:progress","_t":1790865652671,"id":"2","progress":0.8422292641215231,"total":719,"current":653}
{"_e":"metro:bundling:progress","_t":1790865652671,"id":"3","progress":0,"total":1,"current":0}
{"_e":"metro:bundling:progress","_t":1790865652783,"id":"1","progress":0.9739519152270215,"total":1432,"current":1402}
{"_e":"metro:bundling:progress","_t":1790865652783,"id":"2","progress":0.8422292641215231,"total":726,"current":658}
{"_e":"metro:bundling:progress","_t":1790865652783,"id":"3","progress":0,"total":1,"current":0}
{"_e":"metro:bundling:progress","_t":1790865652884,"id":"1","progress":0.9739519152270215,"total":1436,"current":1412}
{"_e":"metro:bundling:progress","_t":1790865652884,"id":"2","progress":0.8422292641215231,"total":726,"current":658}
{"_e":"metro:bundling:progress","_t":1790865652884,"id":"3","progress":0,"total":1,"current":0}
{"_e":"metro:bundling:progress","_t":1790865652993,"id":"1","progress":0.9739519152270215,"total":1436,"current":1412}
{"_e":"metro:bundling:progress","_t":1790865652993,"id":"2","progress":0.8422292641215231,"total":730,"current":666}
{"_e":"metro:bundling:progress","_t":1790865652993,"id":"3","progress":0,"total":1,"current":0}
{"_e":"metro:bundling:progress","_t":1790865653110,"id":"1","progress":0.9739519152270215,"total":1436,"current":1412}
{"_e":"metro:bundling:progress","_t":1790865653110,"id":"2","progress":0.8422292641215231,"total":739,"current":678}
{"_e":"metro:bundling:progress","_t":1790865653110,"id":"3","progress":0,"total":1,"current":0}
{"_e":"metro:bundling:progress","_t":1790865653210,"id":"1","progress":0.9739519152270215,"total":1436,"current":1412}
{"_e":"metro:bundling:progress","_t":1790865653210,"id":"2","progress":0.8422292641215231,"total":754,"current":689}
{"_e":"metro:bundling:progress","_t":1790865653210,"id":"3","progress":0,"total":1,"current":0}
{"_e":"metro:bundling:progress","_t":1790865653333,"id":"1","progress":0.9739519152270215,"total":1436,"current":1412}
{"_e":"metro:bundling:progress","_t":1790865653333,"id":"2","progress":0.8422292641215231,"total":767,"current":695}
{"_e":"metro:bundling:progress","_t":1790865653333,"id":"3","progress":0,"total":1,"current":0}
{"_e":"metro:bundling:progress","_t":1790865653447,"id":"1","progress":0.9739519152270215,"total":1436,"current":1412}
{"_e":"metro:bundling:progress","_t":1790865653447,"id":"2","progress":0.8422292641215231,"total":769,"current":697}
{"_e":"metro:bundling:progress","_t":1790865653447,"id":"3","progress":0,"total":1,"current":0}
{"_e":"metro:bundling:progress","_t":1790865653494,"id":"1","progress":0.9739519152270215,"total":1436,"current":1412}
{"_e":"metro:bundling:progress","_t":1790865653494,"id":"2","progress":0.8422292641215231,"total":769,"current":698}
{"_e":"metro:bundling:progress","_t":1790865653494,"id":"3","progress":0,"total":1,"current":0}
{"_e":"metro:bundling:progress","_t":1790865653609,"id":"1","progress":0.9739519152270215,"total":1436,"current":1412}
{"_e":"metro:bundling:progress","_t":1790865653609,"id":"2","progress":0.8422292641215231,"total":777,"current":703}
{"_e":"metro:bundling:progress","_t":1790865653609,"id":"3","progress":0,"total":1,"current":0}
{"_e":"metro:bundling:progress","_t":1790865653716,"id":"1","progress":0.9751047110150322,"total":1437,"current":1419}
{"_e":"metro:bundling:progress","_t":1790865653716,"id":"2","progress":0.8422292641215231,"total":777,"current":703}
{"_e":"metro:bundling:progress","_t":1790865653716,"id":"3","progress":0,"total":1,"current":0}
{"_e":"metro:bundling:progress","_t":1790865653822,"id":"1","progress":0.9751047110150322,"total":1443,"current":1424}
{"_e":"metro:bundling:progress","_t":1790865653822,"id":"2","progress":0.8422292641215231,"total":777,"current":703}
{"_e":"metro:bundling:progress","_t":1790865653822,"id":"3","progress":0,"total":1,"current":0}
{"_e":"metro:bundling:progress","_t":1790865653925,"id":"1","progress":0.9765767686765608,"total":1443,"current":1426}
{"_e":"metro:bundling:progress","_t":1790865653925,"id":"2","progress":0.8422292641215231,"total":777,"current":703}
{"_e":"metro:bundling:progress","_t":1790865653925,"id":"3","progress":0,"total":1,"current":0}
{"_e":"metro:bundling:progress","_t":1790865654026,"id":"1","progress":0.9765767686765608,"total":1443,"current":1426}
{"_e":"metro:bundling:progress","_t":1790865654026,"id":"2","progress":0.8422292641215231,"total":782,"current":708}
{"_e":"metro:bundling:progress","_t":1790865654026,"id":"3","progress":0,"total":1,"current":0}
{"_e":"metro:bundling:progress","_t":1790865654128,"id":"1","progress":0.9765767686765608,"total":1443,"current":1426}
{"_e":"metro:bundling:progress","_t":1790865654128,"id":"2","progress":0.8422292641215231,"total":788,"current":718}
{"_e":"metro:bundling:progress","_t":1790865654128,"id":"3","progress":0,"total":1,"current":0}
{"_e":"metro:bundling:progress","_t":1790865654243,"id":"1","progress":0.9834827340984779,"total":1447,"current":1435}
{"_e":"metro:bundling:progress","_t":1790865654243,"id":"2","progress":0.8422292641215231,"total":788,"current":718}
{"_e":"metro:bundling:progress","_t":1790865654243,"id":"3","progress":0,"total":1,"current":0}
{"_e":"metro:bundling:progress","_t":1790865654353,"id":"1","progress":0.9834827340984779,"total":1447,"current":1435}
{"_e":"metro:bundling:progress","_t":1790865654353,"id":"2","progress":0.8422292641215231,"total":803,"current":727}
{"_e":"metro:bundling:progress","_t":1790865654353,"id":"3","progress":0,"total":1,"current":0}
{"_e":"metro:bundling:progress","_t":1790865654464,"id":"1","progress":0.9834827340984779,"total":1447,"current":1435}
{"_e":"metro:bundling:progress","_t":1790865654464,"id":"2","progress":0.8422292641215231,"total":818,"current":736}
{"_e":"metro:bundling:progress","_t":1790865654464,"id":"3","progress":0,"total":1,"current":0}
{"_e":"metro:bundling:progress","_t":1790865654566,"id":"1","progress":0.9834827340984779,"total":1447,"current":1435}
{"_e":"metro:bundling:progress","_t":1790865654566,"id":"2","progress":0.8422292641215231,"total":821,"current":741}
{"_e":"metro:bundling:progress","_t":1790865654566,"id":"3","progress":0,"total":1,"current":0}
{"_e":"metro:bundling:progress","_t":1790865654667,"id":"1","progress":0.9834827340984779,"total":1447,"current":1435}
{"_e":"metro:bundling:progress","_t":1790865654667,"id":"2","progress":0.8422292641215231,"total":822,"current":747}
{"_e":"metro:bundling:progress","_t":1790865654667,"id":"3","progress":0,"total":1,"current":0}
{"_e":"metro:bundling:progress","_t":1790865654774,"id":"1","progress":0.9834827340984779,"total":1447,"current":1435}
{"_e":"metro:bundling:progress","_t":1790865654774,"id":"2","progress":0.8460423221211552,"total":823,"current":757}
{"_e":"metro:bundling:progress","_t":1790865654774,"id":"3","progress":0,"total":1,"current":0}
{"_e":"metro:bundling:progress","_t":1790865654878,"id":"1","progress":0.9834827340984779,"total":1447,"current":1435}
{"_e":"metro:bundling:progress","_t":1790865654878,"id":"2","progress":0.8688499540863177,"total":825,"current":769}
{"_e":"metro:bundling:progress","_t":1790865654878,"id":"3","progress":0,"total":1,"current":0}
{"_e":"metro:bundling:progress","_t":1790865654978,"id":"1","progress":0.9834827340984779,"total":1447,"current":1435}
{"_e":"metro:bundling:progress","_t":1790865654978,"id":"2","progress":0.8825988309716303,"total":826,"current":776}
{"_e":"metro:bundling:progress","_t":1790865654978,"id":"3","progress":0,"total":1,"current":0}
{"_e":"metro:bundling:progress","_t":1790865655089,"id":"1","progress":0.9889959571938169,"total":1450,"current":1442}
{"_e":"metro:bundling:progress","_t":1790865655089,"id":"2","progress":0.8825988309716303,"total":826,"current":776}
{"_e":"metro:bundling:progress","_t":1790865655089,"id":"3","progress":0,"total":1,"current":0}
{"_e":"metro:bundling:progress","_t":1790865655192,"id":"1","progress":0.9903747552129025,"total":1451,"current":1444}
{"_e":"metro:bundling:progress","_t":1790865655192,"id":"2","progress":0.8825988309716303,"total":826,"current":776}
{"_e":"metro:bundling:progress","_t":1790865655192,"id":"3","progress":0,"total":1,"current":0}
{"_e":"metro:bundling:progress","_t":1790865655296,"id":"1","progress":0.9903747552129025,"total":1451,"current":1444}
{"_e":"metro:bundling:progress","_t":1790865655296,"id":"2","progress":0.8977449433530227,"total":838,"current":794}
{"_e":"metro:bundling:progress","_t":1790865655296,"id":"3","progress":0,"total":1,"current":0}
{"_e":"metro:bundling:progress","_t":1790865655396,"id":"1","progress":0.9903747552129025,"total":1451,"current":1444}
{"_e":"metro:bundling:progress","_t":1790865655396,"id":"2","progress":0.9159266579707338,"total":838,"current":802}
{"_e":"metro:bundling:progress","_t":1790865655396,"id":"3","progress":0,"total":1,"current":0}
{"_e":"metro:bundling:progress","_t":1790865655497,"id":"1","progress":0.9903747552129025,"total":1451,"current":1444}
{"_e":"metro:bundling:progress","_t":1790865655497,"id":"2","progress":0.921690248977839,"total":851,"current":817}
{"_e":"metro:bundling:progress","_t":1790865655497,"id":"3","progress":0,"total":1,"current":0}
{"_e":"metro:bundling:progress","_t":1790865655599,"id":"1","progress":0.9903747552129025,"total":1451,"current":1444}
{"_e":"metro:bundling:progress","_t":1790865655599,"id":"2","progress":0.9357969148178938,"total":858,"current":830}
{"_e":"metro:bundling:progress","_t":1790865655599,"id":"3","progress":0,"total":1,"current":0}
{"_e":"metro:bundling:progress","_t":1790865655706,"id":"1","progress":0.9903747552129025,"total":1451,"current":1444}
{"_e":"metro:bundling:progress","_t":1790865655706,"id":"2","progress":0.9448383784048119,"total":858,"current":834}
{"_e":"metro:bundling:progress","_t":1790865655706,"id":"3","progress":0,"total":1,"current":0}
{"_e":"metro:bundling:progress","_t":1790865655837,"id":"1","progress":0.9903747552129025,"total":1451,"current":1444}
{"_e":"metro:bundling:progress","_t":1790865655837,"id":"2","progress":0.9471055362663754,"total":858,"current":835}
{"_e":"metro:bundling:progress","_t":1790865655838,"id":"3","progress":0,"total":1,"current":0}
{"_e":"metro:bundling:progress","_t":1790865655940,"id":"1","progress":0.9972451803718151,"total":1451,"current":1449}
{"_e":"metro:bundling:progress","_t":1790865655940,"id":"2","progress":0.9471055362663754,"total":858,"current":835}
{"_e":"metro:bundling:progress","_t":1790865655940,"id":"3","progress":0,"total":1,"current":0}
{"_e":"metro:bundling:progress","_t":1790865656041,"id":"1","progress":0.9972451803718151,"total":1451,"current":1449}
{"_e":"metro:bundling:progress","_t":1790865656041,"id":"2","progress":0.9475278158307995,"total":865,"current":842}
{"_e":"metro:bundling:progress","_t":1790865656041,"id":"3","progress":0,"total":1,"current":0}
{"_e":"metro:bundling:progress","_t":1790865656147,"id":"1","progress":0.9972451803718151,"total":1451,"current":1449}
{"_e":"metro:bundling:progress","_t":1790865656147,"id":"2","progress":0.9475278158307995,"total":899,"current":849}
{"_e":"metro:bundling:progress","_t":1790865656147,"id":"3","progress":0,"total":1,"current":0}
{"_e":"metro:bundling:progress","_t":1790865656287,"id":"1","progress":0.9972451803718151,"total":1451,"current":1449}
{"_e":"metro:bundling:progress","_t":1790865656287,"id":"2","progress":0.9475278158307995,"total":899,"current":852}
{"_e":"metro:bundling:progress","_t":1790865656287,"id":"3","progress":0,"total":1,"current":0}
{"_e":"metro:bundling:progress","_t":1790865656400,"id":"1","progress":0.9972451803718151,"total":1451,"current":1449}
{"_e":"metro:bundling:progress","_t":1790865656400,"id":"2","progress":0.9475278158307995,"total":900,"current":858}
{"_e":"metro:bundling:progress","_t":1790865656400,"id":"3","progress":0,"total":1,"current":0}
{"_e":"metro:bundling:progress","_t":1790865656501,"id":"1","progress":0.9972451803718151,"total":1451,"current":1449}
{"_e":"metro:bundling:progress","_t":1790865656501,"id":"2","progress":0.9475278158307995,"total":901,"current":865}
{"_e":"metro:bundling:progress","_t":1790865656501,"id":"3","progress":0,"total":1,"current":0}
{"_e":"metro:bundling:progress","_t":1790865656601,"id":"1","progress":0.9972451803718151,"total":1451,"current":1449}
{"_e":"metro:bundling:progress","_t":1790865656601,"id":"2","progress":0.9475278158307995,"total":901,"current":873}
{"_e":"metro:bundling:progress","_t":1790865656601,"id":"3","progress":0,"total":1,"current":0}
{"_e":"metro:bundling:progress","_t":1790865656701,"id":"1","progress":0.9972451803718151,"total":1451,"current":1449}
{"_e":"metro:bundling:progress","_t":1790865656701,"id":"2","progress":0.9476646012026495,"total":905,"current":881}
{"_e":"metro:bundling:progress","_t":1790865656701,"id":"3","progress":0,"total":1,"current":0}
{"_e":"metro:bundling:progress","_t":1790865656803,"id":"1","progress":0.9972451803718151,"total":1451,"current":1449}
{"_e":"metro:bundling:progress","_t":1790865656803,"id":"2","progress":0.9736564817923751,"total":905,"current":893}
{"_e":"metro:bundling:progress","_t":1790865656803,"id":"3","progress":0,"total":1,"current":0}
{"_e":"metro:bundling:progress","_t":1790865656914,"id":"1","progress":0.9972451803718151,"total":1451,"current":1449}
{"_e":"metro:bundling:progress","_t":1790865656914,"id":"2","progress":0.9824179251397355,"total":906,"current":898}
{"_e":"metro:bundling:progress","_t":1790865656914,"id":"3","progress":0,"total":1,"current":0}
{"_e":"metro:bundling:progress","_t":1790865657023,"id":"1","progress":0.9972451803718151,"total":1451,"current":1449}
{"_e":"metro:bundling:progress","_t":1790865657023,"id":"2","progress":0.9824179251397355,"total":911,"current":900}
{"_e":"metro:bundling:progress","_t":1790865657023,"id":"3","progress":0,"total":1,"current":0}
{"_e":"metro:bundling:progress","_t":1790865657091,"id":"1","progress":0.9972451803718151,"total":1451,"current":1449}
{"_e":"metro:bundling:progress","_t":1790865657091,"id":"2","progress":0.9824179251397355,"total":911,"current":901}
{"_e":"metro:bundling:progress","_t":1790865657091,"id":"3","progress":0,"total":1,"current":0}
{"_e":"metro:bundling:progress","_t":1790865657193,"id":"1","progress":0.9972451803718151,"total":1451,"current":1449}
{"_e":"metro:bundling:progress","_t":1790865657194,"id":"2","progress":0.9846913139925366,"total":911,"current":904}
{"_e":"metro:bundling:progress","_t":1790865657194,"id":"3","progress":0,"total":1,"current":0}
{"_e":"metro:bundling:progress","_t":1790865657297,"id":"1","progress":0.9972451803718151,"total":1451,"current":1449}
{"_e":"metro:bundling:progress","_t":1790865657297,"id":"2","progress":0.9934246753606668,"total":911,"current":908}
{"_e":"metro:bundling:progress","_t":1790865657297,"id":"3","progress":0,"total":1,"current":0}
{"_e":"metro:bundling:done","_t":1790865657785,"id":"1","total":1451,"ms":77049.8019}
{"_e":"metro:bundling:progress","_t":1790865657785,"id":"2","progress":0.9934246753606668,"total":911,"current":908}
{"_e":"metro:bundling:progress","_t":1790865657785,"id":"3","progress":0,"total":1,"current":0}
{"_e":"metro:bundling:progress","_t":1790865657792,"id":"2","progress":0.9956140403725173,"total":911,"current":909}
{"_e":"metro:bundling:progress","_t":1790865657792,"id":"3","progress":0,"total":1,"current":0}
{"_e":"metro:bundling:progress","_t":1790865657907,"id":"2","progress":0.9956140403725173,"total":915,"current":912}
{"_e":"metro:bundling:progress","_t":1790865657907,"id":"3","progress":0,"total":1,"current":0}
{"_e":"metro:bundling:progress","_t":1790865658042,"id":"2","progress":0.9956331929887425,"total":915,"current":913}
{"_e":"metro:bundling:progress","_t":1790865658042,"id":"3","progress":0,"total":1,"current":0}
{"_e":"metro:bundling:progress","_t":1790865658145,"id":"2","progress":0.9978201641358134,"total":917,"current":916}
{"_e":"metro:bundling:progress","_t":1790865658145,"id":"3","progress":0,"total":1,"current":0}
{"_e":"metro:bundling:progress","_t":1790865658246,"id":"2","progress":0.999,"total":918,"current":918}
{"_e":"metro:bundling:progress","_t":1790865658246,"id":"3","progress":0,"total":1,"current":0}
{"_e":"metro:bundling:done","_t":1790865658369,"id":"2","total":918,"ms":49782.3826}
{"_e":"metro:bundling:progress","_t":1790865658370,"id":"3","progress":0,"total":1,"current":0}
{"_e":"metro:bundling:done","_t":1790865658422,"id":"3","total":1,"ms":28405.1576}
{"_e":"metro:client_log","_t":1790865658895,"level":"info","data":["%cDownload the React DevTools for a better development experience: https://react.dev/link/react-devtools","font-weight:bold"]}
{"_e":"metro:client_log","_t":1790865658896,"level":"log","data":["Running application \"main\" with appParams:\n","{\"hydrate\": undefined, \"rootTag\": \"#root\"}","\nDevelopment-level warnings: ON.\nPerformance optimizations: OFF."]}
{"_e":"metro:client_log","_t":1790865658927,"level":"warn","data":["\"shadow*\" style props are deprecated. Use \"boxShadow\"."]}
{"_e":"metro:bundling:started","_t":1790865658995,"id":"5","platform":"web","environment":null,"entry":"node_modules\\expo-sqlite\\web\\worker.ts"}
{"_e":"metro:bundling:progress","_t":1790865658995,"id":"5","progress":0,"total":1,"current":0}
{"_e":"metro:bundling:progress","_t":1790865658996,"id":"5","progress":0,"total":1,"current":0}
{"_e":"metro:bundling:progress","_t":1790865659100,"id":"5","progress":0.010000000000000002,"total":1,"current":1}
{"_e":"metro:bundling:progress","_t":1790865659215,"id":"5","progress":0.34027777777777785,"total":12,"current":7}
{"_e":"metro:bundling:progress","_t":1790865659319,"id":"5","progress":0.34027777777777785,"total":14,"current":7}
{"_e":"metro:bundling:progress","_t":1790865659323,"id":"5","progress":0.34027777777777785,"total":14,"current":8}
{"_e":"metro:bundling:progress","_t":1790865659445,"id":"5","progress":0.41326530612244905,"total":14,"current":9}
{"_e":"metro:bundling:progress","_t":1790865659552,"id":"5","progress":0.765625,"total":16,"current":14}
{"_e":"metro:bundling:progress","_t":1790865659666,"id":"5","progress":0.87890625,"total":16,"current":15}
{"_e":"metro:bundling:progress","_t":1790865659950,"id":"5","progress":0.999,"total":16,"current":16}
{"_e":"metro:bundling:done","_t":1790865659973,"id":"5","total":16,"ms":978.502}
{"_e":"metro:server_log","_t":1790873739207,"level":"error","data":["[timeout] connection terminated with Device for app='%s' on device='%s' after not responding for %s seconds.","host.exp.exponent","TECNO CI7n - 13 - API 33","60"]}
