{"_e":"root:init","_t":1790609078105,"format":"v0-jsonl","version":"57.0.27"}
{"_e":"env:mode","_t":1790609078154,"nodeEnv":"development","babelEnv":"development","mode":"development"}
{"_e":"env:load","_t":1790609078197,"mode":"development","files":[],"env":{}}
{"_e":"devserver:start","_t":1790609094260,"mode":"development","web":true,"baseUrl":"","asyncRoutes":false,"routerRoot":"../..\\..\\app","serverComponents":false,"serverActions":false,"serverRendering":false,"apiRoutes":false,"exporting":false}
{"_e":"metro:config","_t":1790609112837,"serverRoot":"../..\\..","projectRoot":"../..\\..","exporting":false,"flags":{"autolinkingModuleResolution":false,"serverActions":false,"serverComponents":false,"reactCompiler":false,"optimizeGraph":false,"treeshaking":false,"logbox":false}}
{"_e":"expo:dev-tools-plugin:load","_t":1790609122630,"plugins":[{"packageName":"expo-sqlite","bannerTitle":"expo-sqlite","cliBanner":false,"webpageEndpoint":"/_expo/plugins/expo-sqlite"}]}
{"_e":"metro:instantiate","_t":1790609143273,"atlas":false,"workers":3,"host":"::","port":8081}
{"_e":"metro:bundling:started","_t":1790609163399,"id":"1","platform":"android","environment":null,"entry":"node_modules\\expo-router\\entry.js"}
{"_e":"metro:bundling:progress","_t":1790609163400,"id":"1","progress":0,"total":1,"current":0}
{"_e":"metro:bundling:progress","_t":1790609163408,"id":"1","progress":0,"total":1,"current":0}
{"_e":"metro:bundling:progress","_t":1790609179259,"id":"1","progress":0.010000000000000002,"total":1,"current":1}
{"_e":"metro:bundling:progress","_t":1790609179359,"id":"1","progress":0.010000000000000002,"total":2,"current":1}
{"_e":"metro:bundling:progress","_t":1790609179452,"id":"1","progress":0.04000000000000001,"total":2,"current":2}
{"_e":"metro:bundling:progress","_t":1790609179560,"id":"1","progress":0.09,"total":10,"current":3}
{"_e":"metro:bundling:progress","_t":1790609179701,"id":"1","progress":0.16000000000000003,"total":10,"current":4}
{"_e":"metro:bundling:progress","_t":1790609179800,"id":"1","progress":0.16000000000000003,"total":12,"current":4}
{"_e":"metro:bundling:progress","_t":1790609179924,"id":"1","progress":0.16000000000000003,"total":18,"current":6}
{"_e":"metro:bundling:progress","_t":1790609180003,"id":"1","progress":0.16000000000000003,"total":18,"current":7}
{"_e":"metro:bundling:progress","_t":1790609180110,"id":"1","progress":0.16000000000000003,"total":22,"current":8}
{"_e":"metro:bundling:progress","_t":1790609180250,"id":"1","progress":0.16000000000000003,"total":23,"current":9}
{"_e":"metro:bundling:progress","_t":1790609180385,"id":"1","progress":0.1890359168241966,"total":23,"current":10}
{"_e":"metro:bundling:progress","_t":1790609180497,"id":"1","progress":0.1890359168241966,"total":37,"current":11}
{"_e":"metro:bundling:progress","_t":1790609180652,"id":"1","progress":0.1890359168241966,"total":37,"current":12}
{"_e":"metro:bundling:progress","_t":1790609180797,"id":"1","progress":0.1890359168241966,"total":38,"current":12}
{"_e":"metro:bundling:progress","_t":1790609180870,"id":"1","progress":0.1890359168241966,"total":38,"current":13}
{"_e":"metro:bundling:progress","_t":1790609180971,"id":"1","progress":0.1890359168241966,"total":42,"current":14}
{"_e":"metro:bundling:progress","_t":1790609181062,"id":"1","progress":0.1890359168241966,"total":42,"current":15}
{"_e":"metro:bundling:progress","_t":1790609181286,"id":"1","progress":0.1890359168241966,"total":42,"current":16}
{"_e":"metro:bundling:progress","_t":1790609181421,"id":"1","progress":0.1890359168241966,"total":42,"current":17}
{"_e":"metro:bundling:progress","_t":1790609181524,"id":"1","progress":0.1890359168241966,"total":44,"current":17}
{"_e":"metro:bundling:progress","_t":1790609181648,"id":"1","progress":0.1890359168241966,"total":44,"current":18}
{"_e":"metro:bundling:progress","_t":1790609181773,"id":"1","progress":0.1890359168241966,"total":49,"current":19}
{"_e":"metro:bundling:progress","_t":1790609181801,"id":"1","progress":0.1890359168241966,"total":49,"current":20}
{"_e":"metro:bundling:progress","_t":1790609181918,"id":"1","progress":0.1890359168241966,"total":51,"current":20}
{"_e":"metro:bundling:progress","_t":1790609181985,"id":"1","progress":0.1890359168241966,"total":51,"current":21}
{"_e":"metro:bundling:progress","_t":1790609182103,"id":"1","progress":0.1890359168241966,"total":55,"current":21}
{"_e":"metro:bundling:progress","_t":1790609182126,"id":"1","progress":0.1890359168241966,"total":55,"current":22}
{"_e":"metro:bundling:progress","_t":1790609182235,"id":"1","progress":0.1890359168241966,"total":55,"current":23}
{"_e":"metro:bundling:progress","_t":1790609182400,"id":"1","progress":0.20661157024793386,"total":55,"current":25}
{"_e":"metro:bundling:progress","_t":1790609182500,"id":"1","progress":0.20661157024793386,"total":59,"current":26}
{"_e":"metro:bundling:progress","_t":1790609182600,"id":"1","progress":0.21189216427311663,"total":63,"current":29}
{"_e":"metro:bundling:progress","_t":1790609182704,"id":"1","progress":0.21508086536441925,"total":69,"current":32}
{"_e":"metro:bundling:progress","_t":1790609182838,"id":"1","progress":0.21508086536441925,"total":93,"current":34}
{"_e":"metro:bundling:progress","_t":1790609182911,"id":"1","progress":0.21508086536441925,"total":93,"current":35}
{"_e":"metro:bundling:progress","_t":1790609183031,"id":"1","progress":0.21508086536441925,"total":113,"current":38}
{"_e":"metro:bundling:progress","_t":1790609183145,"id":"1","progress":0.21508086536441925,"total":113,"current":39}
{"_e":"metro:bundling:progress","_t":1790609183270,"id":"1","progress":0.21508086536441925,"total":114,"current":41}
{"_e":"metro:bundling:progress","_t":1790609183364,"id":"1","progress":0.21508086536441925,"total":114,"current":42}
{"_e":"metro:bundling:progress","_t":1790609183483,"id":"1","progress":0.21508086536441925,"total":117,"current":44}
{"_e":"metro:bundling:progress","_t":1790609183612,"id":"1","progress":0.21508086536441925,"total":217,"current":49}
{"_e":"metro:bundling:progress","_t":1790609183824,"id":"1","progress":0.21508086536441925,"total":218,"current":50}
{"_e":"metro:bundling:progress","_t":1790609183978,"id":"1","progress":0.21508086536441925,"total":219,"current":50}
{"_e":"metro:bundling:progress","_t":1790609184084,"id":"1","progress":0.21508086536441925,"total":219,"current":51}
{"_e":"metro:bundling:progress","_t":1790609184189,"id":"1","progress":0.21508086536441925,"total":229,"current":55}
{"_e":"metro:bundling:progress","_t":1790609184285,"id":"1","progress":0.21508086536441925,"total":229,"current":56}
{"_e":"metro:bundling:progress","_t":1790609184405,"id":"1","progress":0.21508086536441925,"total":230,"current":57}
{"_e":"metro:bundling:progress","_t":1790609184509,"id":"1","progress":0.21508086536441925,"total":235,"current":60}
{"_e":"metro:bundling:progress","_t":1790609184626,"id":"1","progress":0.21508086536441925,"total":253,"current":66}
{"_e":"metro:bundling:progress","_t":1790609184728,"id":"1","progress":0.21508086536441925,"total":257,"current":71}
{"_e":"metro:bundling:progress","_t":1790609184842,"id":"1","progress":0.21508086536441925,"total":258,"current":74}
{"_e":"metro:bundling:progress","_t":1790609184905,"id":"1","progress":0.21508086536441925,"total":258,"current":75}
{"_e":"metro:bundling:progress","_t":1790609185029,"id":"1","progress":0.21508086536441925,"total":265,"current":79}
{"_e":"metro:bundling:progress","_t":1790609185153,"id":"1","progress":0.21508086536441925,"total":266,"current":82}
{"_e":"metro:bundling:progress","_t":1790609185314,"id":"1","progress":0.21508086536441925,"total":266,"current":83}
{"_e":"metro:bundling:progress","_t":1790609185424,"id":"1","progress":0.21508086536441925,"total":266,"current":85}
{"_e":"metro:bundling:progress","_t":1790609185527,"id":"1","progress":0.21508086536441925,"total":266,"current":89}
{"_e":"metro:bundling:progress","_t":1790609185636,"id":"1","progress":0.21508086536441925,"total":266,"current":90}
{"_e":"metro:bundling:progress","_t":1790609185742,"id":"1","progress":0.21508086536441925,"total":266,"current":93}
{"_e":"metro:bundling:progress","_t":1790609185842,"id":"1","progress":0.21508086536441925,"total":271,"current":96}
{"_e":"metro:bundling:progress","_t":1790609185953,"id":"1","progress":0.21508086536441925,"total":274,"current":98}
{"_e":"metro:bundling:progress","_t":1790609186071,"id":"1","progress":0.21508086536441925,"total":296,"current":101}
{"_e":"metro:bundling:progress","_t":1790609186403,"id":"1","progress":0.21508086536441925,"total":296,"current":102}
{"_e":"metro:bundling:progress","_t":1790609186513,"id":"1","progress":0.21508086536441925,"total":305,"current":103}
{"_e":"metro:bundling:progress","_t":1790609186619,"id":"1","progress":0.21508086536441925,"total":313,"current":106}
{"_e":"metro:bundling:progress","_t":1790609186715,"id":"1","progress":0.21508086536441925,"total":313,"current":107}
{"_e":"metro:bundling:progress","_t":1790609186857,"id":"1","progress":0.21508086536441925,"total":317,"current":110}
{"_e":"metro:bundling:progress","_t":1790609187050,"id":"1","progress":0.21508086536441925,"total":319,"current":111}
{"_e":"metro:bundling:progress","_t":1790609187160,"id":"1","progress":0.21508086536441925,"total":320,"current":112}
{"_e":"metro:bundling:progress","_t":1790609187266,"id":"1","progress":0.21508086536441925,"total":325,"current":116}
{"_e":"metro:bundling:progress","_t":1790609187487,"id":"1","progress":0.21508086536441925,"total":325,"current":117}
{"_e":"metro:bundling:progress","_t":1790609187625,"id":"1","progress":0.21508086536441925,"total":326,"current":118}
{"_e":"metro:bundling:progress","_t":1790609187689,"id":"1","progress":0.21508086536441925,"total":326,"current":119}
{"_e":"metro:bundling:progress","_t":1790609187842,"id":"1","progress":0.21508086536441925,"total":326,"current":121}
{"_e":"metro:bundling:progress","_t":1790609187886,"id":"1","progress":0.21508086536441925,"total":326,"current":122}
{"_e":"metro:bundling:progress","_t":1790609188006,"id":"1","progress":0.21508086536441925,"total":333,"current":125}
{"_e":"metro:bundling:progress","_t":1790609188158,"id":"1","progress":0.21508086536441925,"total":334,"current":129}
{"_e":"metro:bundling:progress","_t":1790609188278,"id":"1","progress":0.21508086536441925,"total":343,"current":131}
{"_e":"metro:bundling:progress","_t":1790609188367,"id":"1","progress":0.21508086536441925,"total":343,"current":132}
{"_e":"metro:bundling:progress","_t":1790609188468,"id":"1","progress":0.21508086536441925,"total":352,"current":136}
{"_e":"metro:bundling:progress","_t":1790609188585,"id":"1","progress":0.21508086536441925,"total":353,"current":137}
{"_e":"metro:bundling:progress","_t":1790609188701,"id":"1","progress":0.21508086536441925,"total":357,"current":140}
{"_e":"metro:bundling:progress","_t":1790609188859,"id":"1","progress":0.21508086536441925,"total":357,"current":141}
{"_e":"metro:bundling:progress","_t":1790609188962,"id":"1","progress":0.21508086536441925,"total":358,"current":142}
{"_e":"metro:bundling:progress","_t":1790609189094,"id":"1","progress":0.21508086536441925,"total":358,"current":143}
{"_e":"metro:bundling:progress","_t":1790609189234,"id":"1","progress":0.21508086536441925,"total":371,"current":144}
{"_e":"metro:bundling:progress","_t":1790609189331,"id":"1","progress":0.21508086536441925,"total":371,"current":145}
{"_e":"metro:bundling:progress","_t":1790609189435,"id":"1","progress":0.21508086536441925,"total":374,"current":147}
{"_e":"metro:bundling:progress","_t":1790609189592,"id":"1","progress":0.21508086536441925,"total":374,"current":151}
{"_e":"metro:bundling:progress","_t":1790609189713,"id":"1","progress":0.21508086536441925,"total":378,"current":155}
{"_e":"metro:bundling:progress","_t":1790609189831,"id":"1","progress":0.21508086536441925,"total":381,"current":160}
{"_e":"metro:bundling:progress","_t":1790609189942,"id":"1","progress":0.21508086536441925,"total":384,"current":162}
{"_e":"metro:bundling:progress","_t":1790609190060,"id":"1","progress":0.21508086536441925,"total":390,"current":166}
{"_e":"metro:bundling:progress","_t":1790609190185,"id":"1","progress":0.21508086536441925,"total":395,"current":170}
{"_e":"metro:bundling:progress","_t":1790609190349,"id":"1","progress":0.21508086536441925,"total":395,"current":171}
{"_e":"metro:bundling:progress","_t":1790609190477,"id":"1","progress":0.21508086536441925,"total":397,"current":174}
{"_e":"metro:bundling:progress","_t":1790609190584,"id":"1","progress":0.21508086536441925,"total":398,"current":177}
{"_e":"metro:bundling:progress","_t":1790609190730,"id":"1","progress":0.21508086536441925,"total":399,"current":177}
{"_e":"metro:bundling:progress","_t":1790609190775,"id":"1","progress":0.21508086536441925,"total":399,"current":178}
{"_e":"metro:bundling:progress","_t":1790609190876,"id":"1","progress":0.21508086536441925,"total":401,"current":181}
{"_e":"metro:bundling:progress","_t":1790609191016,"id":"1","progress":0.21508086536441925,"total":401,"current":182}
{"_e":"metro:bundling:progress","_t":1790609191118,"id":"1","progress":0.21508086536441925,"total":405,"current":184}
{"_e":"metro:bundling:progress","_t":1790609191231,"id":"1","progress":0.21508086536441925,"total":408,"current":185}
{"_e":"metro:bundling:progress","_t":1790609191395,"id":"1","progress":0.21508086536441925,"total":408,"current":186}
{"_e":"metro:bundling:progress","_t":1790609191495,"id":"1","progress":0.21508086536441925,"total":410,"current":187}
{"_e":"metro:bundling:progress","_t":1790609191537,"id":"1","progress":0.21508086536441925,"total":410,"current":188}
{"_e":"metro:bundling:progress","_t":1790609191703,"id":"1","progress":0.21508086536441925,"total":413,"current":190}
{"_e":"metro:bundling:progress","_t":1790609191874,"id":"1","progress":0.21508086536441925,"total":413,"current":191}
{"_e":"metro:bundling:progress","_t":1790609191975,"id":"1","progress":0.21852808825664102,"total":415,"current":194}
{"_e":"metro:bundling:progress","_t":1790609192100,"id":"1","progress":0.22883344119822488,"total":416,"current":199}
{"_e":"metro:bundling:progress","_t":1790609192218,"id":"1","progress":0.23012514168864384,"total":419,"current":201}
{"_e":"metro:bundling:progress","_t":1790609192329,"id":"1","progress":0.23479894606778343,"total":421,"current":204}
{"_e":"metro:bundling:progress","_t":1790609192457,"id":"1","progress":0.2440970204410943,"total":421,"current":208}
{"_e":"metro:bundling:progress","_t":1790609192581,"id":"1","progress":0.2511834302991689,"total":423,"current":212}
{"_e":"metro:bundling:progress","_t":1790609192687,"id":"1","progress":0.255916955017301,"total":425,"current":215}
{"_e":"metro:bundling:progress","_t":1790609192983,"id":"1","progress":0.25830311418685115,"total":425,"current":216}
{"_e":"metro:bundling:progress","_t":1790609193015,"id":"1","progress":0.26070034602076125,"total":425,"current":217}
{"_e":"metro:bundling:progress","_t":1790609193124,"id":"1","progress":0.26070034602076125,"total":427,"current":218}
{"_e":"metro:bundling:progress","_t":1790609193249,"id":"1","progress":0.267788155900044,"total":429,"current":222}
{"_e":"metro:bundling:progress","_t":1790609193380,"id":"1","progress":0.267788155900044,"total":439,"current":226}
{"_e":"metro:bundling:progress","_t":1790609193504,"id":"1","progress":0.267788155900044,"total":440,"current":227}
{"_e":"metro:bundling:progress","_t":1790609193609,"id":"1","progress":0.2685123966942149,"total":440,"current":228}
{"_e":"metro:bundling:progress","_t":1790609193667,"id":"1","progress":0.27087293388429756,"total":440,"current":229}
{"_e":"metro:bundling:progress","_t":1790609193797,"id":"1","progress":0.2732438016528925,"total":440,"current":230}
{"_e":"metro:bundling:progress","_t":1790609194037,"id":"1","progress":0.2732438016528925,"total":447,"current":232}
{"_e":"metro:bundling:progress","_t":1790609194153,"id":"1","progress":0.2732438016528925,"total":448,"current":233}
{"_e":"metro:bundling:progress","_t":1790609194423,"id":"1","progress":0.2732438016528925,"total":448,"current":234}
{"_e":"metro:bundling:progress","_t":1790609194652,"id":"1","progress":0.2732438016528925,"total":454,"current":236}
{"_e":"metro:bundling:progress","_t":1790609194816,"id":"1","progress":0.2732438016528925,"total":460,"current":237}
{"_e":"metro:bundling:progress","_t":1790609194961,"id":"1","progress":0.2732438016528925,"total":460,"current":238}
{"_e":"metro:bundling:progress","_t":1790609195089,"id":"1","progress":0.2732438016528925,"total":460,"current":239}
{"_e":"metro:bundling:started","_t":1790609195235,"id":"2","platform":"web","environment":null,"entry":"node_modules\\expo-router\\entry.js"}
{"_e":"metro:bundling:progress","_t":1790609195235,"id":"1","progress":0.2732438016528925,"total":460,"current":239}
{"_e":"metro:bundling:progress","_t":1790609195235,"id":"2","progress":0,"total":1,"current":0}
{"_e":"metro:bundling:progress","_t":1790609195241,"id":"1","progress":0.2732953449306187,"total":461,"current":241}
{"_e":"metro:bundling:progress","_t":1790609195241,"id":"2","progress":0,"total":1,"current":0}
{"_e":"metro:bundling:progress","_t":1790609195278,"id":"1","progress":0.27556806150921553,"total":461,"current":242}
{"_e":"metro:bundling:progress","_t":1790609195278,"id":"2","progress":0,"total":1,"current":0}
{"_e":"metro:bundling:progress","_t":1790609195383,"id":"1","progress":0.27556806150921553,"total":465,"current":244}
{"_e":"metro:bundling:progress","_t":1790609195400,"id":"2","progress":0,"total":1,"current":0}
{"_e":"metro:bundling:progress","_t":1790609195446,"id":"1","progress":0.27556806150921553,"total":465,"current":244}
{"_e":"metro:bundling:progress","_t":1790609195446,"id":"2","progress":0,"total":1,"current":0}
{"_e":"metro:bundling:progress","_t":1790609195571,"id":"1","progress":0.27760434732338996,"total":465,"current":245}
{"_e":"metro:bundling:progress","_t":1790609195571,"id":"2","progress":0,"total":1,"current":0}
{"_e":"metro:bundling:progress","_t":1790609195682,"id":"1","progress":0.27760434732338996,"total":466,"current":245}
{"_e":"metro:bundling:progress","_t":1790609195686,"id":"2","progress":0,"total":1,"current":0}
{"_e":"metro:bundling:progress","_t":1790609195864,"id":"1","progress":0.27760434732338996,"total":482,"current":246}
{"_e":"metro:bundling:progress","_t":1790609195864,"id":"2","progress":0,"total":1,"current":0}
{"_e":"metro:bundling:progress","_t":1790609195976,"id":"1","progress":0.27760434732338996,"total":487,"current":247}
{"_e":"metro:bundling:progress","_t":1790609195976,"id":"2","progress":0,"total":1,"current":0}
{"_e":"metro:bundling:progress","_t":1790609196397,"id":"1","progress":0.27760434732338996,"total":487,"current":250}
{"_e":"metro:bundling:progress","_t":1790609196397,"id":"2","progress":0,"total":1,"current":0}
{"_e":"metro:bundling:progress","_t":1790609196575,"id":"1","progress":0.27760434732338996,"total":487,"current":251}
{"_e":"metro:bundling:progress","_t":1790609196576,"id":"2","progress":0,"total":1,"current":0}
{"_e":"metro:bundling:progress","_t":1790609196781,"id":"1","progress":0.27760434732338996,"total":495,"current":253}
{"_e":"metro:bundling:progress","_t":1790609196781,"id":"2","progress":0,"total":1,"current":0}
{"_e":"metro:bundling:progress","_t":1790609196963,"id":"1","progress":0.27760434732338996,"total":507,"current":254}
{"_e":"metro:bundling:progress","_t":1790609196963,"id":"2","progress":0,"total":1,"current":0}
{"_e":"metro:bundling:progress","_t":1790609197048,"id":"1","progress":0.27760434732338996,"total":507,"current":255}
{"_e":"metro:bundling:progress","_t":1790609197048,"id":"2","progress":0,"total":1,"current":0}
{"_e":"metro:bundling:progress","_t":1790609197208,"id":"1","progress":0.27760434732338996,"total":509,"current":257}
{"_e":"metro:bundling:progress","_t":1790609197212,"id":"2","progress":0,"total":1,"current":0}
{"_e":"metro:bundling:progress","_t":1790609197332,"id":"1","progress":0.27760434732338996,"total":515,"current":260}
{"_e":"metro:bundling:progress","_t":1790609197332,"id":"2","progress":0,"total":1,"current":0}
{"_e":"metro:bundling:progress","_t":1790609197438,"id":"1","progress":0.27760434732338996,"total":515,"current":263}
{"_e":"metro:bundling:progress","_t":1790609197438,"id":"2","progress":0,"total":1,"current":0}
{"_e":"metro:bundling:progress","_t":1790609197542,"id":"1","progress":0.27760434732338996,"total":518,"current":267}
{"_e":"metro:bundling:progress","_t":1790609197550,"id":"2","progress":0,"total":1,"current":0}
{"_e":"metro:bundling:progress","_t":1790609197634,"id":"1","progress":0.27760434732338996,"total":518,"current":268}
{"_e":"metro:bundling:progress","_t":1790609197634,"id":"2","progress":0,"total":1,"current":0}
{"_e":"metro:bundling:progress","_t":1790609197785,"id":"1","progress":0.27760434732338996,"total":525,"current":270}
{"_e":"metro:bundling:progress","_t":1790609197785,"id":"2","progress":0,"total":1,"current":0}
{"_e":"metro:bundling:progress","_t":1790609197894,"id":"1","progress":0.27760434732338996,"total":525,"current":271}
{"_e":"metro:bundling:progress","_t":1790609197894,"id":"2","progress":0,"total":1,"current":0}
{"_e":"metro:bundling:progress","_t":1790609198013,"id":"1","progress":0.27760434732338996,"total":530,"current":273}
{"_e":"metro:bundling:progress","_t":1790609198013,"id":"2","progress":0,"total":1,"current":0}
{"_e":"metro:bundling:progress","_t":1790609198094,"id":"1","progress":0.27760434732338996,"total":530,"current":274}
{"_e":"metro:bundling:progress","_t":1790609198094,"id":"2","progress":0,"total":1,"current":0}
{"_e":"metro:bundling:progress","_t":1790609198201,"id":"1","progress":0.27760434732338996,"total":531,"current":276}
{"_e":"metro:bundling:progress","_t":1790609198201,"id":"2","progress":0,"total":1,"current":0}
{"_e":"metro:bundling:progress","_t":1790609198340,"id":"1","progress":0.27760434732338996,"total":535,"current":279}
{"_e":"metro:bundling:progress","_t":1790609198341,"id":"2","progress":0,"total":1,"current":0}
{"_e":"metro:bundling:progress","_t":1790609198444,"id":"1","progress":0.27760434732338996,"total":537,"current":281}
{"_e":"metro:bundling:progress","_t":1790609198444,"id":"2","progress":0,"total":1,"current":0}
{"_e":"metro:bundling:progress","_t":1790609198538,"id":"1","progress":0.27760434732338996,"total":537,"current":282}
{"_e":"metro:bundling:progress","_t":1790609198543,"id":"2","progress":0,"total":1,"current":0}
{"_e":"metro:bundling:progress","_t":1790609198646,"id":"1","progress":0.27760434732338996,"total":540,"current":283}
{"_e":"metro:bundling:progress","_t":1790609198650,"id":"2","progress":0,"total":1,"current":0}
{"_e":"metro:bundling:progress","_t":1790609198759,"id":"1","progress":0.2824725651577503,"total":540,"current":287}
{"_e":"metro:bundling:progress","_t":1790609198759,"id":"2","progress":0,"total":1,"current":0}
{"_e":"metro:bundling:progress","_t":1790609198866,"id":"1","progress":0.28840877914951996,"total":540,"current":290}
{"_e":"metro:bundling:progress","_t":1790609198866,"id":"2","progress":0,"total":1,"current":0}
{"_e":"metro:bundling:progress","_t":1790609198974,"id":"1","progress":0.292400548696845,"total":540,"current":292}
{"_e":"metro:bundling:progress","_t":1790609198974,"id":"2","progress":0,"total":1,"current":0}
{"_e":"metro:bundling:progress","_t":1790609199040,"id":"1","progress":0.2944067215363512,"total":540,"current":293}
{"_e":"metro:bundling:progress","_t":1790609199040,"id":"2","progress":0,"total":1,"current":0}
{"_e":"metro:bundling:progress","_t":1790609199147,"id":"1","progress":0.2973373741377131,"total":541,"current":295}
{"_e":"metro:bundling:progress","_t":1790609199147,"id":"2","progress":0,"total":1,"current":0}
{"_e":"metro:bundling:progress","_t":1790609199252,"id":"1","progress":0.29935663743119645,"total":541,"current":296}
{"_e":"metro:bundling:progress","_t":1790609199252,"id":"2","progress":0,"total":1,"current":0}
{"_e":"metro:bundling:progress","_t":1790609199309,"id":"1","progress":0.3013827341029995,"total":541,"current":297}
{"_e":"metro:bundling:progress","_t":1790609199309,"id":"2","progress":0,"total":1,"current":0}
{"_e":"metro:bundling:progress","_t":1790609199415,"id":"1","progress":0.3013827341029995,"total":543,"current":298}
{"_e":"metro:bundling:progress","_t":1790609199415,"id":"2","progress":0,"total":1,"current":0}
{"_e":"metro:bundling:progress","_t":1790609199435,"id":"1","progress":0.3032094394079682,"total":543,"current":299}
{"_e":"metro:bundling:progress","_t":1790609199435,"id":"2","progress":0,"total":1,"current":0}
{"_e":"metro:bundling:progress","_t":1790609199576,"id":"1","progress":0.3032094394079682,"total":550,"current":301}
{"_e":"metro:bundling:progress","_t":1790609199576,"id":"2","progress":0,"total":1,"current":0}
{"_e":"metro:bundling:progress","_t":1790609199681,"id":"1","progress":0.3032094394079682,"total":551,"current":303}
{"_e":"metro:bundling:progress","_t":1790609199681,"id":"2","progress":0,"total":1,"current":0}
{"_e":"metro:bundling:progress","_t":1790609199781,"id":"1","progress":0.3061911192934152,"total":553,"current":306}
{"_e":"metro:bundling:progress","_t":1790609199781,"id":"2","progress":0,"total":1,"current":0}
{"_e":"metro:bundling:progress","_t":1790609199892,"id":"1","progress":0.3061911192934152,"total":555,"current":307}
{"_e":"metro:bundling:progress","_t":1790609199898,"id":"2","progress":0,"total":1,"current":0}
{"_e":"metro:bundling:progress","_t":1790609200014,"id":"1","progress":0.31691229750012945,"total":556,"current":313}
{"_e":"metro:bundling:progress","_t":1790609200015,"id":"2","progress":0,"total":1,"current":0}
{"_e":"metro:bundling:progress","_t":1790609200155,"id":"1","progress":0.31691229750012945,"total":567,"current":313}
{"_e":"metro:bundling:progress","_t":1790609200155,"id":"2","progress":0,"total":1,"current":0}
{"_e":"metro:bundling:progress","_t":1790609200234,"id":"1","progress":0.31691229750012945,"total":567,"current":314}
{"_e":"metro:bundling:progress","_t":1790609200234,"id":"2","progress":0,"total":1,"current":0}
{"_e":"metro:bundling:progress","_t":1790609200343,"id":"1","progress":0.31691229750012945,"total":568,"current":314}
{"_e":"metro:bundling:progress","_t":1790609200343,"id":"2","progress":0,"total":1,"current":0}
{"_e":"metro:bundling:progress","_t":1790609200549,"id":"1","progress":0.31691229750012945,"total":568,"current":315}
{"_e":"metro:bundling:progress","_t":1790609200550,"id":"2","progress":0,"total":1,"current":0}
{"_e":"metro:bundling:progress","_t":1790609200664,"id":"1","progress":0.31691229750012945,"total":573,"current":316}
{"_e":"metro:bundling:progress","_t":1790609200664,"id":"2","progress":0,"total":1,"current":0}
{"_e":"metro:bundling:progress","_t":1790609200793,"id":"1","progress":0.31691229750012945,"total":574,"current":317}
{"_e":"metro:bundling:progress","_t":1790609200794,"id":"2","progress":0,"total":1,"current":0}
{"_e":"metro:bundling:progress","_t":1790609200910,"id":"1","progress":0.31691229750012945,"total":574,"current":319}
{"_e":"metro:bundling:progress","_t":1790609200910,"id":"2","progress":0,"total":1,"current":0}
{"_e":"metro:bundling:progress","_t":1790609201014,"id":"1","progress":0.31691229750012945,"total":576,"current":319}
{"_e":"metro:bundling:progress","_t":1790609201014,"id":"2","progress":0,"total":1,"current":0}
{"_e":"metro:bundling:progress","_t":1790609201126,"id":"1","progress":0.31691229750012945,"total":576,"current":320}
{"_e":"metro:bundling:progress","_t":1790609201126,"id":"2","progress":0,"total":1,"current":0}
{"_e":"metro:bundling:progress","_t":1790609201243,"id":"1","progress":0.31691229750012945,"total":577,"current":321}
{"_e":"metro:bundling:progress","_t":1790609201244,"id":"2","progress":0,"total":1,"current":0}
{"_e":"metro:bundling:progress","_t":1790609201277,"id":"1","progress":0.31691229750012945,"total":577,"current":322}
{"_e":"metro:bundling:progress","_t":1790609201277,"id":"2","progress":0,"total":1,"current":0}
{"_e":"metro:bundling:progress","_t":1790609201415,"id":"1","progress":0.31691229750012945,"total":578,"current":323}
{"_e":"metro:bundling:progress","_t":1790609201415,"id":"2","progress":0,"total":1,"current":0}
{"_e":"metro:bundling:progress","_t":1790609201532,"id":"1","progress":0.31691229750012945,"total":578,"current":324}
{"_e":"metro:bundling:progress","_t":1790609201533,"id":"2","progress":0,"total":1,"current":0}
{"_e":"metro:bundling:progress","_t":1790609201635,"id":"1","progress":0.3170137304208018,"total":579,"current":326}
{"_e":"metro:bundling:progress","_t":1790609201635,"id":"2","progress":0,"total":1,"current":0}
{"_e":"metro:bundling:progress","_t":1790609201738,"id":"1","progress":0.3170137304208018,"total":581,"current":327}
{"_e":"metro:bundling:progress","_t":1790609201738,"id":"2","progress":0,"total":1,"current":0}
{"_e":"metro:bundling:progress","_t":1790609201855,"id":"1","progress":0.31955515404872403,"total":582,"current":329}
{"_e":"metro:bundling:progress","_t":1790609201855,"id":"2","progress":0,"total":1,"current":0}
{"_e":"metro:bundling:progress","_t":1790609201989,"id":"1","progress":0.31955515404872403,"total":588,"current":331}
{"_e":"metro:bundling:progress","_t":1790609201989,"id":"2","progress":0,"total":1,"current":0}
{"_e":"metro:bundling:progress","_t":1790609202090,"id":"1","progress":0.32072573927530196,"total":588,"current":333}
{"_e":"metro:bundling:progress","_t":1790609202090,"id":"2","progress":0,"total":1,"current":0}
{"_e":"metro:bundling:progress","_t":1790609202211,"id":"1","progress":0.3243205975294456,"total":590,"current":336}
{"_e":"metro:bundling:progress","_t":1790609202211,"id":"2","progress":0,"total":1,"current":0}
{"_e":"metro:bundling:progress","_t":1790609202312,"id":"1","progress":0.3281930479747199,"total":590,"current":338}
{"_e":"metro:bundling:progress","_t":1790609202313,"id":"2","progress":0,"total":1,"current":0}
{"_e":"metro:bundling:progress","_t":1790609202412,"id":"1","progress":0.330965612214807,"total":591,"current":340}
{"_e":"metro:bundling:progress","_t":1790609202412,"id":"2","progress":0,"total":1,"current":0}
{"_e":"metro:bundling:progress","_t":1790609202517,"id":"1","progress":0.330965612214807,"total":595,"current":342}
{"_e":"metro:bundling:progress","_t":1790609202521,"id":"2","progress":0,"total":1,"current":0}
{"_e":"metro:bundling:progress","_t":1790609202627,"id":"1","progress":0.33202304094453283,"total":597,"current":344}
{"_e":"metro:bundling:progress","_t":1790609202634,"id":"2","progress":0,"total":1,"current":0}
{"_e":"metro:bundling:progress","_t":1790609202732,"id":"1","progress":0.3325444444444444,"total":600,"current":346}
{"_e":"metro:bundling:progress","_t":1790609202733,"id":"2","progress":0,"total":1,"current":0}
{"_e":"metro:bundling:progress","_t":1790609202875,"id":"1","progress":0.3380205516495403,"total":602,"current":350}
{"_e":"metro:bundling:progress","_t":1790609202875,"id":"2","progress":0,"total":1,"current":0}
{"_e":"metro:bundling:progress","_t":1790609202975,"id":"1","progress":0.3404384946383444,"total":605,"current":353}
{"_e":"metro:bundling:progress","_t":1790609202980,"id":"2","progress":0,"total":1,"current":0}
{"_e":"metro:bundling:progress","_t":1790609203082,"id":"1","progress":0.3417160760459554,"total":609,"current":356}
{"_e":"metro:bundling:progress","_t":1790609203082,"id":"2","progress":0,"total":1,"current":0}
{"_e":"metro:bundling:progress","_t":1790609203189,"id":"1","progress":0.3417160760459554,"total":611,"current":357}
{"_e":"metro:bundling:progress","_t":1790609203189,"id":"2","progress":0,"total":1,"current":0}
{"_e":"metro:bundling:progress","_t":1790609203289,"id":"1","progress":0.34186304363972037,"total":614,"current":359}
{"_e":"metro:bundling:progress","_t":1790609203289,"id":"2","progress":0,"total":1,"current":0}
{"_e":"metro:bundling:progress","_t":1790609203423,"id":"1","progress":0.34377022567878707,"total":614,"current":360}
{"_e":"metro:bundling:progress","_t":1790609203423,"id":"2","progress":0,"total":1,"current":0}
{"_e":"metro:bundling:progress","_t":1790609203539,"id":"1","progress":0.34377022567878707,"total":617,"current":361}
{"_e":"metro:bundling:progress","_t":1790609203539,"id":"2","progress":0,"total":1,"current":0}
{"_e":"metro:bundling:progress","_t":1790609203668,"id":"1","progress":0.34377022567878707,"total":633,"current":363}
{"_e":"metro:bundling:progress","_t":1790609203668,"id":"2","progress":0,"total":1,"current":0}
{"_e":"metro:bundling:progress","_t":1790609203756,"id":"1","progress":0.34377022567878707,"total":633,"current":364}
{"_e":"metro:bundling:progress","_t":1790609203756,"id":"2","progress":0,"total":1,"current":0}
{"_e":"metro:bundling:progress","_t":1790609203871,"id":"1","progress":0.34377022567878707,"total":633,"current":365}
{"_e":"metro:bundling:progress","_t":1790609203872,"id":"2","progress":0,"total":1,"current":0}
{"_e":"metro:bundling:progress","_t":1790609203909,"id":"1","progress":0.34377022567878707,"total":633,"current":366}
{"_e":"metro:bundling:progress","_t":1790609203909,"id":"2","progress":0,"total":1,"current":0}
{"_e":"metro:bundling:progress","_t":1790609204038,"id":"1","progress":0.34377022567878707,"total":634,"current":367}
{"_e":"metro:bundling:progress","_t":1790609204039,"id":"2","progress":0,"total":1,"current":0}
{"_e":"metro:bundling:progress","_t":1790609204054,"id":"1","progress":0.34377022567878707,"total":634,"current":368}
{"_e":"metro:bundling:progress","_t":1790609204054,"id":"2","progress":0,"total":1,"current":0}
{"_e":"metro:bundling:progress","_t":1790609204157,"id":"1","progress":0.34377022567878707,"total":637,"current":371}
{"_e":"metro:bundling:progress","_t":1790609204157,"id":"2","progress":0,"total":1,"current":0}
{"_e":"metro:bundling:progress","_t":1790609204308,"id":"1","progress":0.34377022567878707,"total":637,"current":373}
{"_e":"metro:bundling:progress","_t":1790609204308,"id":"2","progress":0,"total":1,"current":0}
{"_e":"metro:bundling:progress","_t":1790609204450,"id":"1","progress":0.3465641781407648,"total":637,"current":375}
{"_e":"metro:bundling:progress","_t":1790609204450,"id":"2","progress":0,"total":1,"current":0}
{"_e":"metro:bundling:progress","_t":1790609204592,"id":"1","progress":0.3484149848805601,"total":637,"current":376}
{"_e":"metro:bundling:progress","_t":1790609204592,"id":"2","progress":0,"total":1,"current":0}
{"_e":"metro:bundling:progress","_t":1790609204693,"id":"1","progress":0.3577429522708734,"total":637,"current":381}
{"_e":"metro:bundling:progress","_t":1790609204694,"id":"2","progress":0,"total":1,"current":0}
{"_e":"metro:bundling:progress","_t":1790609204794,"id":"1","progress":0.3577429522708734,"total":645,"current":383}
{"_e":"metro:bundling:progress","_t":1790609204794,"id":"2","progress":0,"total":1,"current":0}
{"_e":"metro:bundling:progress","_t":1790609204892,"id":"1","progress":0.3577429522708734,"total":645,"current":384}
{"_e":"metro:bundling:progress","_t":1790609204892,"id":"2","progress":0,"total":1,"current":0}
{"_e":"metro:bundling:progress","_t":1790609204997,"id":"1","progress":0.3585200426764213,"total":648,"current":388}
{"_e":"metro:bundling:progress","_t":1790609204998,"id":"2","progress":0,"total":1,"current":0}
{"_e":"metro:bundling:progress","_t":1790609205098,"id":"1","progress":0.3644375544182294,"total":651,"current":393}
{"_e":"metro:bundling:progress","_t":1790609205099,"id":"2","progress":0,"total":1,"current":0}
{"_e":"metro:bundling:progress","_t":1790609205221,"id":"1","progress":0.3673655381388031,"total":655,"current":397}
{"_e":"metro:bundling:progress","_t":1790609205221,"id":"2","progress":0,"total":1,"current":0}
{"_e":"metro:bundling:progress","_t":1790609205327,"id":"1","progress":0.37139577424451,"total":658,"current":401}
{"_e":"metro:bundling:progress","_t":1790609205327,"id":"2","progress":0,"total":1,"current":0}
{"_e":"metro:bundling:progress","_t":1790609205438,"id":"1","progress":0.37583039552731984,"total":659,"current":404}
{"_e":"metro:bundling:progress","_t":1790609205438,"id":"2","progress":0,"total":1,"current":0}
{"_e":"metro:bundling:progress","_t":1790609205542,"id":"1","progress":0.3798431923768494,"total":662,"current":408}
{"_e":"metro:bundling:progress","_t":1790609205542,"id":"2","progress":0,"total":1,"current":0}
{"_e":"metro:bundling:progress","_t":1790609205645,"id":"1","progress":0.383840805020069,"total":665,"current":412}
{"_e":"metro:bundling:progress","_t":1790609205650,"id":"2","progress":0,"total":1,"current":0}
{"_e":"metro:bundling:progress","_t":1790609205745,"id":"1","progress":0.3903914773628623,"total":669,"current":418}
{"_e":"metro:bundling:progress","_t":1790609205746,"id":"2","progress":0,"total":1,"current":0}
{"_e":"metro:bundling:progress","_t":1790609205860,"id":"1","progress":0.39179017459538334,"total":671,"current":420}
{"_e":"metro:bundling:progress","_t":1790609205860,"id":"2","progress":0,"total":1,"current":0}
{"_e":"metro:bundling:progress","_t":1790609205972,"id":"1","progress":0.3964334705075446,"total":675,"current":425}
{"_e":"metro:bundling:progress","_t":1790609205972,"id":"2","progress":0,"total":1,"current":0}
{"_e":"metro:bundling:progress","_t":1790609206075,"id":"1","progress":0.40530055920528707,"total":677,"current":431}
{"_e":"metro:bundling:progress","_t":1790609206075,"id":"2","progress":0,"total":1,"current":0}
{"_e":"metro:bundling:progress","_t":1790609206187,"id":"1","progress":0.40666448320214466,"total":679,"current":433}
{"_e":"metro:bundling:progress","_t":1790609206205,"id":"2","progress":0,"total":1,"current":0}
{"_e":"metro:bundling:progress","_t":1790609206289,"id":"1","progress":0.41299524221453293,"total":680,"current":437}
{"_e":"metro:bundling:progress","_t":1790609206289,"id":"2","progress":0,"total":1,"current":0}
{"_e":"metro:bundling:progress","_t":1790609206391,"id":"1","progress":0.4174564053467196,"total":681,"current":440}
{"_e":"metro:bundling:progress","_t":1790609206391,"id":"2","progress":0,"total":1,"current":0}
{"_e":"metro:bundling:progress","_t":1790609206503,"id":"1","progress":0.42013106718525234,"total":685,"current":444}
{"_e":"metro:bundling:progress","_t":1790609206503,"id":"2","progress":0,"total":1,"current":0}
{"_e":"metro:bundling:progress","_t":1790609206622,"id":"1","progress":0.42590800770686865,"total":688,"current":449}
{"_e":"metro:bundling:progress","_t":1790609206622,"id":"2","progress":0,"total":1,"current":0}
{"_e":"metro:bundling:progress","_t":1790609206746,"id":"1","progress":0.4259876309214398,"total":691,"current":451}
{"_e":"metro:bundling:progress","_t":1790609206747,"id":"2","progress":0,"total":1,"current":0}
{"_e":"metro:bundling:progress","_t":1790609206865,"id":"1","progress":0.4259876309214398,"total":700,"current":453}
{"_e":"metro:bundling:progress","_t":1790609206865,"id":"2","progress":0,"total":1,"current":0}
{"_e":"metro:bundling:progress","_t":1790609206977,"id":"1","progress":0.4259876309214398,"total":701,"current":455}
{"_e":"metro:bundling:progress","_t":1790609206977,"id":"2","progress":0,"total":1,"current":0}
{"_e":"metro:bundling:progress","_t":1790609207077,"id":"1","progress":0.4259876309214398,"total":702,"current":457}
{"_e":"metro:bundling:progress","_t":1790609207078,"id":"2","progress":0,"total":1,"current":0}
{"_e":"metro:bundling:progress","_t":1790609207179,"id":"1","progress":0.42937963165883397,"total":702,"current":460}
{"_e":"metro:bundling:progress","_t":1790609207179,"id":"2","progress":0,"total":1,"current":0}
{"_e":"metro:bundling:progress","_t":1790609207279,"id":"1","progress":0.43124852882687637,"total":702,"current":461}
{"_e":"metro:bundling:progress","_t":1790609207280,"id":"2","progress":0,"total":1,"current":0}
{"_e":"metro:bundling:progress","_t":1790609207376,"id":"1","progress":0.43312148440353565,"total":702,"current":462}
{"_e":"metro:bundling:progress","_t":1790609207376,"id":"2","progress":0,"total":1,"current":0}
{"_e":"metro:bundling:progress","_t":1790609207485,"id":"1","progress":0.43312148440353565,"total":717,"current":464}
{"_e":"metro:bundling:progress","_t":1790609207485,"id":"2","progress":0,"total":1,"current":0}
{"_e":"metro:bundling:progress","_t":1790609207603,"id":"1","progress":0.43312148440353565,"total":717,"current":465}
{"_e":"metro:bundling:progress","_t":1790609207603,"id":"2","progress":0,"total":1,"current":0}
{"_e":"metro:bundling:progress","_t":1790609207703,"id":"1","progress":0.43312148440353565,"total":717,"current":467}
{"_e":"metro:bundling:progress","_t":1790609207703,"id":"2","progress":0,"total":1,"current":0}
{"_e":"metro:bundling:progress","_t":1790609207810,"id":"1","progress":0.43312148440353565,"total":718,"current":471}
{"_e":"metro:bundling:progress","_t":1790609207810,"id":"2","progress":0,"total":1,"current":0}
{"_e":"metro:bundling:progress","_t":1790609208108,"id":"1","progress":0.43312148440353565,"total":723,"current":474}
{"_e":"metro:bundling:progress","_t":1790609208108,"id":"2","progress":0,"total":1,"current":0}
{"_e":"metro:bundling:progress","_t":1790609208213,"id":"1","progress":0.4358917615457404,"total":724,"current":478}
{"_e":"metro:bundling:progress","_t":1790609208213,"id":"2","progress":0,"total":1,"current":0}
{"_e":"metro:bundling:progress","_t":1790609208321,"id":"1","progress":0.4469033301791764,"total":724,"current":484}
{"_e":"metro:bundling:progress","_t":1790609208321,"id":"2","progress":0,"total":1,"current":0}
{"_e":"metro:bundling:progress","_t":1790609208428,"id":"1","progress":0.4512133174791914,"total":725,"current":487}
{"_e":"metro:bundling:progress","_t":1790609208428,"id":"2","progress":0,"total":1,"current":0}
{"_e":"metro:bundling:progress","_t":1790609208527,"id":"1","progress":0.4512133174791914,"total":765,"current":489}
{"_e":"metro:bundling:progress","_t":1790609208527,"id":"2","progress":0,"total":1,"current":0}
{"_e":"metro:bundling:progress","_t":1790609208637,"id":"1","progress":0.4512133174791914,"total":772,"current":491}
{"_e":"metro:bundling:progress","_t":1790609208637,"id":"2","progress":0,"total":1,"current":0}
{"_e":"metro:bundling:progress","_t":1790609209171,"id":"1","progress":0.4512133174791914,"total":772,"current":492}
{"_e":"metro:bundling:progress","_t":1790609209171,"id":"2","progress":0,"total":1,"current":0}
{"_e":"metro:bundling:progress","_t":1790609209274,"id":"1","progress":0.4512133174791914,"total":774,"current":500}
{"_e":"metro:bundling:progress","_t":1790609209275,"id":"2","progress":0,"total":1,"current":0}
{"_e":"metro:bundling:progress","_t":1790609209390,"id":"1","progress":0.4512133174791914,"total":775,"current":503}
{"_e":"metro:bundling:progress","_t":1790609209391,"id":"2","progress":0,"total":1,"current":0}
{"_e":"metro:bundling:progress","_t":1790609209500,"id":"1","progress":0.4512133174791914,"total":778,"current":507}
{"_e":"metro:bundling:progress","_t":1790609209500,"id":"2","progress":0,"total":1,"current":0}
{"_e":"metro:bundling:progress","_t":1790609209602,"id":"1","progress":0.4512133174791914,"total":780,"current":510}
{"_e":"metro:bundling:progress","_t":1790609209602,"id":"2","progress":0,"total":1,"current":0}
{"_e":"metro:bundling:progress","_t":1790609209703,"id":"1","progress":0.4512133174791914,"total":782,"current":516}
{"_e":"metro:bundling:progress","_t":1790609209703,"id":"2","progress":0,"total":1,"current":0}
{"_e":"metro:bundling:progress","_t":1790609209807,"id":"1","progress":0.4512133174791914,"total":783,"current":522}
{"_e":"metro:bundling:progress","_t":1790609209822,"id":"2","progress":0,"total":1,"current":0}
{"_e":"metro:bundling:progress","_t":1790609209938,"id":"1","progress":0.4512133174791914,"total":789,"current":526}
{"_e":"metro:bundling:progress","_t":1790609209939,"id":"2","progress":0,"total":1,"current":0}
{"_e":"metro:bundling:progress","_t":1790609210080,"id":"1","progress":0.4512133174791914,"total":793,"current":528}
{"_e":"metro:bundling:progress","_t":1790609210080,"id":"2","progress":0,"total":1,"current":0}
{"_e":"metro:bundling:progress","_t":1790609210181,"id":"1","progress":0.4512133174791914,"total":800,"current":533}
{"_e":"metro:bundling:progress","_t":1790609210182,"id":"2","progress":0,"total":1,"current":0}
{"_e":"metro:bundling:progress","_t":1790609210307,"id":"1","progress":0.4512133174791914,"total":800,"current":537}
{"_e":"metro:bundling:progress","_t":1790609210310,"id":"2","progress":0,"total":1,"current":0}
{"_e":"metro:bundling:progress","_t":1790609210406,"id":"1","progress":0.4600966411900424,"total":802,"current":544}
{"_e":"metro:bundling:progress","_t":1790609210406,"id":"2","progress":0,"total":1,"current":0}
{"_e":"metro:bundling:progress","_t":1790609210506,"id":"1","progress":0.4645677087200812,"total":804,"current":548}
{"_e":"metro:bundling:progress","_t":1790609210506,"id":"2","progress":0,"total":1,"current":0}
{"_e":"metro:bundling:progress","_t":1790609210620,"id":"1","progress":0.4736175301878786,"total":805,"current":554}
{"_e":"metro:bundling:progress","_t":1790609210621,"id":"2","progress":0,"total":1,"current":0}
{"_e":"metro:bundling:progress","_t":1790609210720,"id":"1","progress":0.47876085027583815,"total":805,"current":557}
{"_e":"metro:bundling:progress","_t":1790609210721,"id":"2","progress":0,"total":1,"current":0}
{"_e":"metro:bundling:progress","_t":1790609210821,"id":"1","progress":0.4873947764360943,"total":805,"current":562}
{"_e":"metro:bundling:progress","_t":1790609210821,"id":"2","progress":0,"total":1,"current":0}
{"_e":"metro:bundling:progress","_t":1790609210924,"id":"1","progress":0.49837293499744467,"total":806,"current":569}
{"_e":"metro:bundling:progress","_t":1790609210924,"id":"2","progress":0,"total":1,"current":0}
{"_e":"metro:bundling:progress","_t":1790609211034,"id":"1","progress":0.5021734491693338,"total":810,"current":574}
{"_e":"metro:bundling:progress","_t":1790609211041,"id":"2","progress":0,"total":1,"current":0}
{"_e":"metro:bundling:progress","_t":1790609211153,"id":"1","progress":0.5049397583052246,"total":812,"current":577}
{"_e":"metro:bundling:progress","_t":1790609211153,"id":"2","progress":0,"total":1,"current":0}
{"_e":"metro:bundling:progress","_t":1790609211256,"id":"1","progress":0.5107062509739488,"total":813,"current":581}
{"_e":"metro:bundling:progress","_t":1790609211256,"id":"2","progress":0,"total":1,"current":0}
{"_e":"metro:bundling:progress","_t":1790609211358,"id":"1","progress":0.5134645639655236,"total":815,"current":584}
{"_e":"metro:bundling:progress","_t":1790609211384,"id":"2","progress":0,"total":1,"current":0}
{"_e":"metro:bundling:progress","_t":1790609211440,"id":"1","progress":0.5152245097670216,"total":815,"current":585}
{"_e":"metro:bundling:progress","_t":1790609211440,"id":"2","progress":0,"total":1,"current":0}
{"_e":"metro:bundling:progress","_t":1790609211566,"id":"1","progress":0.5152245097670216,"total":821,"current":587}
{"_e":"metro:bundling:progress","_t":1790609211566,"id":"2","progress":0,"total":1,"current":0}
{"_e":"metro:bundling:progress","_t":1790609211667,"id":"1","progress":0.5221908466087698,"total":822,"current":594}
{"_e":"metro:bundling:progress","_t":1790609211667,"id":"2","progress":0,"total":1,"current":0}
{"_e":"metro:bundling:progress","_t":1790609211769,"id":"1","progress":0.5279620391272188,"total":823,"current":598}
{"_e":"metro:bundling:progress","_t":1790609211769,"id":"2","progress":0,"total":1,"current":0}
{"_e":"metro:bundling:progress","_t":1790609211874,"id":"1","progress":0.5279620391272188,"total":829,"current":602}
{"_e":"metro:bundling:progress","_t":1790609211874,"id":"2","progress":0,"total":1,"current":0}
{"_e":"metro:bundling:progress","_t":1790609211984,"id":"1","progress":0.5279620391272188,"total":836,"current":606}
{"_e":"metro:bundling:progress","_t":1790609211984,"id":"2","progress":0,"total":1,"current":0}
{"_e":"metro:bundling:progress","_t":1790609212089,"id":"1","progress":0.532411116961608,"total":836,"current":610}
{"_e":"metro:bundling:progress","_t":1790609212091,"id":"2","progress":0,"total":1,"current":0}
{"_e":"metro:bundling:progress","_t":1790609212195,"id":"1","progress":0.5421035993187553,"total":838,"current":617}
{"_e":"metro:bundling:progress","_t":1790609212195,"id":"2","progress":0,"total":1,"current":0}
{"_e":"metro:bundling:progress","_t":1790609212299,"id":"1","progress":0.5460840065859663,"total":839,"current":620}
{"_e":"metro:bundling:progress","_t":1790609212299,"id":"2","progress":0,"total":1,"current":0}
{"_e":"metro:bundling:progress","_t":1790609212425,"id":"1","progress":0.5474593914500595,"total":842,"current":623}
{"_e":"metro:bundling:progress","_t":1790609212430,"id":"2","progress":0,"total":1,"current":0}
{"_e":"metro:bundling:progress","_t":1790609212526,"id":"1","progress":0.5580551339701312,"total":842,"current":629}
{"_e":"metro:bundling:progress","_t":1790609212526,"id":"2","progress":0,"total":1,"current":0}
{"_e":"metro:bundling:progress","_t":1790609212628,"id":"1","progress":0.5678443880415983,"total":844,"current":636}
{"_e":"metro:bundling:progress","_t":1790609212628,"id":"2","progress":0,"total":1,"current":0}
{"_e":"metro:bundling:progress","_t":1790609212738,"id":"1","progress":0.578608971047371,"total":844,"current":642}
{"_e":"metro:bundling:progress","_t":1790609212738,"id":"2","progress":0,"total":1,"current":0}
{"_e":"metro:bundling:progress","_t":1790609212852,"id":"1","progress":0.5971905745597144,"total":845,"current":653}
{"_e":"metro:bundling:progress","_t":1790609212852,"id":"2","progress":0,"total":1,"current":0}
{"_e":"metro:bundling:progress","_t":1790609212964,"id":"1","progress":0.6141667924148684,"total":846,"current":663}
{"_e":"metro:bundling:progress","_t":1790609212964,"id":"2","progress":0,"total":1,"current":0}
{"_e":"metro:bundling:progress","_t":1790609213073,"id":"1","progress":0.6253332327347718,"total":846,"current":669}
{"_e":"metro:bundling:progress","_t":1790609213076,"id":"2","progress":0,"total":1,"current":0}
{"_e":"metro:bundling:progress","_t":1790609213174,"id":"1","progress":0.6388670897633011,"total":847,"current":677}
{"_e":"metro:bundling:progress","_t":1790609213174,"id":"2","progress":0,"total":1,"current":0}
{"_e":"metro:bundling:progress","_t":1790609213290,"id":"1","progress":0.6441429934507134,"total":851,"current":683}
{"_e":"metro:bundling:progress","_t":1790609213290,"id":"2","progress":0,"total":1,"current":0}
{"_e":"metro:bundling:progress","_t":1790609213399,"id":"1","progress":0.6512773160972606,"total":855,"current":690}
{"_e":"metro:bundling:progress","_t":1790609213399,"id":"2","progress":0,"total":1,"current":0}
{"_e":"metro:bundling:progress","_t":1790609213519,"id":"1","progress":0.6520044278091468,"total":857,"current":692}
{"_e":"metro:bundling:progress","_t":1790609213519,"id":"2","progress":0,"total":1,"current":0}
{"_e":"metro:bundling:progress","_t":1790609213619,"id":"1","progress":0.6580272873979167,"total":858,"current":696}
{"_e":"metro:bundling:progress","_t":1790609213619,"id":"2","progress":0,"total":1,"current":0}
{"_e":"metro:bundling:progress","_t":1790609213732,"id":"1","progress":0.6580272873979167,"total":862,"current":698}
{"_e":"metro:bundling:progress","_t":1790609213732,"id":"2","progress":0,"total":1,"current":0}
{"_e":"metro:bundling:progress","_t":1790609213831,"id":"1","progress":0.6616870465875997,"total":863,"current":702}
{"_e":"metro:bundling:progress","_t":1790609213831,"id":"2","progress":0,"total":1,"current":0}
{"_e":"metro:bundling:progress","_t":1790609213938,"id":"1","progress":0.6616870465875997,"total":871,"current":704}
{"_e":"metro:bundling:progress","_t":1790609213938,"id":"2","progress":0,"total":1,"current":0}
{"_e":"metro:bundling:progress","_t":1790609214055,"id":"1","progress":0.6616870465875997,"total":886,"current":706}
{"_e":"metro:bundling:progress","_t":1790609214055,"id":"2","progress":0,"total":1,"current":0}
{"_e":"metro:bundling:progress","_t":1790609214155,"id":"1","progress":0.6616870465875997,"total":893,"current":709}
{"_e":"metro:bundling:progress","_t":1790609214155,"id":"2","progress":0,"total":1,"current":0}
{"_e":"metro:bundling:progress","_t":1790609214244,"id":"1","progress":0.6616870465875997,"total":893,"current":710}
{"_e":"metro:bundling:progress","_t":1790609214244,"id":"2","progress":0,"total":1,"current":0}
{"_e":"metro:bundling:progress","_t":1790609214350,"id":"1","progress":0.6616870465875997,"total":894,"current":711}
{"_e":"metro:bundling:progress","_t":1790609214350,"id":"2","progress":0,"total":1,"current":0}
{"_e":"metro:bundling:progress","_t":1790609214465,"id":"1","progress":0.6616870465875997,"total":899,"current":715}
{"_e":"metro:bundling:progress","_t":1790609214470,"id":"2","progress":0,"total":1,"current":0}
{"_e":"metro:bundling:progress","_t":1790609214573,"id":"1","progress":0.6616870465875997,"total":901,"current":720}
{"_e":"metro:bundling:progress","_t":1790609214573,"id":"2","progress":0,"total":1,"current":0}
{"_e":"metro:bundling:progress","_t":1790609214679,"id":"1","progress":0.6616870465875997,"total":902,"current":724}
{"_e":"metro:bundling:progress","_t":1790609214679,"id":"2","progress":0,"total":1,"current":0}
{"_e":"metro:bundling:progress","_t":1790609214782,"id":"1","progress":0.6616870465875997,"total":905,"current":726}
{"_e":"metro:bundling:progress","_t":1790609214782,"id":"2","progress":0,"total":1,"current":0}
{"_e":"metro:bundling:progress","_t":1790609214888,"id":"1","progress":0.6616870465875997,"total":906,"current":730}
{"_e":"metro:bundling:progress","_t":1790609214888,"id":"2","progress":0,"total":1,"current":0}
{"_e":"metro:bundling:progress","_t":1790609215035,"id":"1","progress":0.6616870465875997,"total":919,"current":732}
{"_e":"metro:bundling:progress","_t":1790609215035,"id":"2","progress":0,"total":1,"current":0}
{"_e":"metro:bundling:progress","_t":1790609215101,"id":"1","progress":0.6616870465875997,"total":919,"current":733}
{"_e":"metro:bundling:progress","_t":1790609215101,"id":"2","progress":0,"total":1,"current":0}
{"_e":"metro:bundling:progress","_t":1790609215201,"id":"1","progress":0.6616870465875997,"total":921,"current":735}
{"_e":"metro:bundling:progress","_t":1790609215201,"id":"2","progress":0,"total":1,"current":0}
{"_e":"metro:bundling:progress","_t":1790609215310,"id":"1","progress":0.6616870465875997,"total":923,"current":737}
{"_e":"metro:bundling:progress","_t":1790609215310,"id":"2","progress":0,"total":1,"current":0}
{"_e":"metro:bundling:progress","_t":1790609215413,"id":"1","progress":0.6616870465875997,"total":923,"current":739}
{"_e":"metro:bundling:progress","_t":1790609215413,"id":"2","progress":0,"total":1,"current":0}
{"_e":"metro:bundling:progress","_t":1790609215541,"id":"1","progress":0.6616870465875997,"total":923,"current":741}
{"_e":"metro:bundling:progress","_t":1790609215563,"id":"2","progress":0,"total":1,"current":0}
{"_e":"metro:bundling:progress","_t":1790609215643,"id":"1","progress":0.6616870465875997,"total":924,"current":743}
{"_e":"metro:bundling:progress","_t":1790609215643,"id":"2","progress":0,"total":1,"current":0}
{"_e":"metro:bundling:progress","_t":1790609215745,"id":"1","progress":0.6616870465875997,"total":925,"current":748}
{"_e":"metro:bundling:progress","_t":1790609215745,"id":"2","progress":0,"total":1,"current":0}
{"_e":"metro:bundling:progress","_t":1790609215848,"id":"1","progress":0.6616870465875997,"total":925,"current":751}
{"_e":"metro:bundling:progress","_t":1790609215848,"id":"2","progress":0,"total":1,"current":0}
{"_e":"metro:bundling:progress","_t":1790609215954,"id":"1","progress":0.6633373248197139,"total":927,"current":755}
{"_e":"metro:bundling:progress","_t":1790609215962,"id":"2","progress":0,"total":1,"current":0}
{"_e":"metro:bundling:progress","_t":1790609216064,"id":"1","progress":0.6633373248197139,"total":943,"current":759}
{"_e":"metro:bundling:progress","_t":1790609216075,"id":"2","progress":0,"total":1,"current":0}
{"_e":"metro:bundling:progress","_t":1790609216180,"id":"1","progress":0.6633373248197139,"total":954,"current":760}
{"_e":"metro:bundling:progress","_t":1790609216180,"id":"2","progress":0,"total":1,"current":0}
{"_e":"metro:bundling:progress","_t":1790609216282,"id":"1","progress":0.6633373248197139,"total":960,"current":763}
{"_e":"metro:bundling:progress","_t":1790609216282,"id":"2","progress":0,"total":1,"current":0}
{"_e":"metro:bundling:progress","_t":1790609216395,"id":"1","progress":0.6633373248197139,"total":960,"current":765}
{"_e":"metro:bundling:progress","_t":1790609216395,"id":"2","progress":0,"total":1,"current":0}
{"_e":"metro:bundling:progress","_t":1790609216457,"id":"1","progress":0.6633373248197139,"total":960,"current":766}
{"_e":"metro:bundling:progress","_t":1790609216457,"id":"2","progress":0,"total":1,"current":0}
{"_e":"metro:bundling:progress","_t":1790609216566,"id":"1","progress":0.6633373248197139,"total":963,"current":767}
{"_e":"metro:bundling:progress","_t":1790609216566,"id":"2","progress":0,"total":1,"current":0}
{"_e":"metro:bundling:progress","_t":1790609216743,"id":"1","progress":0.6633373248197139,"total":967,"current":769}
{"_e":"metro:bundling:progress","_t":1790609216744,"id":"2","progress":0,"total":1,"current":0}
{"_e":"metro:bundling:progress","_t":1790609216855,"id":"1","progress":0.6633373248197139,"total":973,"current":773}
{"_e":"metro:bundling:progress","_t":1790609216857,"id":"2","progress":0,"total":1,"current":0}
{"_e":"metro:bundling:progress","_t":1790609216959,"id":"1","progress":0.6633373248197139,"total":977,"current":776}
{"_e":"metro:bundling:progress","_t":1790609216959,"id":"2","progress":0,"total":1,"current":0}
{"_e":"metro:bundling:progress","_t":1790609217077,"id":"1","progress":0.6633373248197139,"total":978,"current":782}
{"_e":"metro:bundling:progress","_t":1790609217077,"id":"2","progress":0,"total":1,"current":0}
{"_e":"metro:bundling:progress","_t":1790609217187,"id":"1","progress":0.6633373248197139,"total":978,"current":788}
{"_e":"metro:bundling:progress","_t":1790609217187,"id":"2","progress":0,"total":1,"current":0}
{"_e":"metro:bundling:started","_t":1790609217239,"id":"3","platform":"web","environment":null,"entry":"node_modules\\expo-router\\entry.js"}
{"_e":"metro:bundling:progress","_t":1790609217239,"id":"1","progress":0.6633373248197139,"total":978,"current":788}
{"_e":"metro:bundling:progress","_t":1790609217239,"id":"2","progress":0,"total":1,"current":0}
{"_e":"metro:bundling:progress","_t":1790609217239,"id":"3","progress":0,"total":1,"current":0}
{"_e":"metro:bundling:progress","_t":1790609217288,"id":"1","progress":0.6633373248197139,"total":979,"current":790}
{"_e":"metro:bundling:progress","_t":1790609217288,"id":"2","progress":0,"total":1,"current":0}
{"_e":"metro:bundling:progress","_t":1790609217288,"id":"3","progress":0,"total":1,"current":0}
{"_e":"metro:bundling:progress","_t":1790609217392,"id":"1","progress":0.6633373248197139,"total":985,"current":792}
{"_e":"metro:bundling:progress","_t":1790609217392,"id":"2","progress":0,"total":1,"current":0}
{"_e":"metro:bundling:progress","_t":1790609217392,"id":"3","progress":0,"total":1,"current":0}
{"_e":"metro:bundling:progress","_t":1790609217533,"id":"1","progress":0.6633373248197139,"total":992,"current":794}
{"_e":"metro:bundling:progress","_t":1790609217533,"id":"2","progress":0,"total":1,"current":0}
{"_e":"metro:bundling:progress","_t":1790609217533,"id":"3","progress":0,"total":1,"current":0}
{"_e":"metro:bundling:progress","_t":1790609217643,"id":"1","progress":0.6633373248197139,"total":992,"current":795}
{"_e":"metro:bundling:progress","_t":1790609217643,"id":"2","progress":0,"total":1,"current":0}
{"_e":"metro:bundling:progress","_t":1790609217643,"id":"3","progress":0,"total":1,"current":0}
{"_e":"metro:bundling:progress","_t":1790609217745,"id":"1","progress":0.6633373248197139,"total":994,"current":796}
{"_e":"metro:bundling:progress","_t":1790609217745,"id":"2","progress":0,"total":1,"current":0}
{"_e":"metro:bundling:progress","_t":1790609217745,"id":"3","progress":0,"total":1,"current":0}
{"_e":"metro:bundling:progress","_t":1790609217855,"id":"1","progress":0.6633373248197139,"total":999,"current":798}
{"_e":"metro:bundling:progress","_t":1790609217855,"id":"2","progress":0,"total":1,"current":0}
{"_e":"metro:bundling:progress","_t":1790609217855,"id":"3","progress":0,"total":1,"current":0}
{"_e":"metro:bundling:progress","_t":1790609217955,"id":"1","progress":0.6633373248197139,"total":1004,"current":801}
{"_e":"metro:bundling:progress","_t":1790609217955,"id":"2","progress":0,"total":1,"current":0}
{"_e":"metro:bundling:progress","_t":1790609217956,"id":"3","progress":0,"total":1,"current":0}
{"_e":"metro:bundling:progress","_t":1790609218056,"id":"1","progress":0.6633373248197139,"total":1004,"current":804}
{"_e":"metro:bundling:progress","_t":1790609218056,"id":"2","progress":0,"total":1,"current":0}
{"_e":"metro:bundling:progress","_t":1790609218056,"id":"3","progress":0,"total":1,"current":0}
{"_e":"metro:bundling:progress","_t":1790609218158,"id":"1","progress":0.6633373248197139,"total":1008,"current":807}
{"_e":"metro:bundling:progress","_t":1790609218158,"id":"2","progress":0,"total":1,"current":0}
{"_e":"metro:bundling:progress","_t":1790609218158,"id":"3","progress":0,"total":1,"current":0}
{"_e":"metro:bundling:progress","_t":1790609218265,"id":"1","progress":0.6633373248197139,"total":1012,"current":811}
{"_e":"metro:bundling:progress","_t":1790609218265,"id":"2","progress":0,"total":1,"current":0}
{"_e":"metro:bundling:progress","_t":1790609218265,"id":"3","progress":0,"total":1,"current":0}
{"_e":"metro:bundling:progress","_t":1790609218365,"id":"1","progress":0.6633373248197139,"total":1012,"current":819}
{"_e":"metro:bundling:progress","_t":1790609218365,"id":"2","progress":0,"total":1,"current":0}
{"_e":"metro:bundling:progress","_t":1790609218365,"id":"3","progress":0,"total":1,"current":0}
{"_e":"metro:bundling:progress","_t":1790609218490,"id":"1","progress":0.6633373248197139,"total":1015,"current":825}
{"_e":"metro:bundling:progress","_t":1790609218490,"id":"2","progress":0,"total":1,"current":0}
{"_e":"metro:bundling:progress","_t":1790609218490,"id":"3","progress":0,"total":1,"current":0}
{"_e":"metro:bundling:progress","_t":1790609218596,"id":"1","progress":0.6633373248197139,"total":1021,"current":829}
{"_e":"metro:bundling:progress","_t":1790609218596,"id":"2","progress":0,"total":1,"current":0}
{"_e":"metro:bundling:progress","_t":1790609218596,"id":"3","progress":0,"total":1,"current":0}
{"_e":"metro:bundling:progress","_t":1790609218703,"id":"1","progress":0.6643366485269282,"total":1022,"current":833}
{"_e":"metro:bundling:progress","_t":1790609218708,"id":"2","progress":0,"total":1,"current":0}
{"_e":"metro:bundling:progress","_t":1790609218708,"id":"3","progress":0,"total":1,"current":0}
{"_e":"metro:bundling:progress","_t":1790609218816,"id":"1","progress":0.6726244566562418,"total":1023,"current":839}
{"_e":"metro:bundling:progress","_t":1790609218817,"id":"2","progress":0,"total":1,"current":0}
{"_e":"metro:bundling:progress","_t":1790609218817,"id":"3","progress":0,"total":1,"current":0}
{"_e":"metro:bundling:progress","_t":1790609218935,"id":"1","progress":0.6734873788326132,"total":1026,"current":842}
{"_e":"metro:bundling:progress","_t":1790609218936,"id":"2","progress":0,"total":1,"current":0}
{"_e":"metro:bundling:progress","_t":1790609218936,"id":"3","progress":0,"total":1,"current":0}
{"_e":"metro:bundling:progress","_t":1790609218990,"id":"1","progress":0.6750880612838139,"total":1026,"current":843}
{"_e":"metro:bundling:progress","_t":1790609218990,"id":"2","progress":0,"total":1,"current":0}
{"_e":"metro:bundling:progress","_t":1790609218990,"id":"3","progress":0,"total":1,"current":0}
{"_e":"metro:bundling:progress","_t":1790609219094,"id":"1","progress":0.680183250863492,"total":1027,"current":847}
{"_e":"metro:bundling:progress","_t":1790609219094,"id":"2","progress":0,"total":1,"current":0}
{"_e":"metro:bundling:progress","_t":1790609219094,"id":"3","progress":0,"total":1,"current":0}
{"_e":"metro:bundling:progress","_t":1790609219199,"id":"1","progress":0.6852876273675603,"total":1028,"current":851}
{"_e":"metro:bundling:progress","_t":1790609219199,"id":"2","progress":0,"total":1,"current":0}
{"_e":"metro:bundling:progress","_t":1790609219199,"id":"3","progress":0,"total":1,"current":0}
{"_e":"metro:bundling:progress","_t":1790609219308,"id":"1","progress":0.6904011083817116,"total":1029,"current":855}
{"_e":"metro:bundling:progress","_t":1790609219308,"id":"2","progress":0,"total":1,"current":0}
{"_e":"metro:bundling:progress","_t":1790609219308,"id":"3","progress":0,"total":1,"current":0}
{"_e":"metro:bundling:progress","_t":1790609219435,"id":"1","progress":0.6936348328030366,"total":1029,"current":857}
{"_e":"metro:bundling:progress","_t":1790609219435,"id":"2","progress":0,"total":1,"current":0}
{"_e":"metro:bundling:progress","_t":1790609219435,"id":"3","progress":0,"total":1,"current":0}
{"_e":"metro:bundling:progress","_t":1790609219490,"id":"1","progress":0.6952545283002831,"total":1029,"current":858}
{"_e":"metro:bundling:progress","_t":1790609219490,"id":"2","progress":0,"total":1,"current":0}
{"_e":"metro:bundling:progress","_t":1790609219490,"id":"3","progress":0,"total":1,"current":0}
{"_e":"metro:bundling:progress","_t":1790609219594,"id":"1","progress":0.6974112879023783,"total":1031,"current":861}
{"_e":"metro:bundling:progress","_t":1790609219594,"id":"2","progress":0,"total":1,"current":0}
{"_e":"metro:bundling:progress","_t":1790609219594,"id":"3","progress":0,"total":1,"current":0}
{"_e":"metro:bundling:progress","_t":1790609219702,"id":"1","progress":0.6974112879023783,"total":1033,"current":862}
{"_e":"metro:bundling:progress","_t":1790609219703,"id":"2","progress":0,"total":1,"current":0}
{"_e":"metro:bundling:progress","_t":1790609219703,"id":"3","progress":0,"total":1,"current":0}
{"_e":"metro:bundling:progress","_t":1790609219747,"id":"1","progress":0.6974112879023783,"total":1033,"current":862}
{"_e":"metro:bundling:progress","_t":1790609219747,"id":"2","progress":0.09,"total":5,"current":3}
{"_e":"metro:bundling:progress","_t":1790609219747,"id":"3","progress":0,"total":1,"current":0}
{"_e":"metro:bundling:progress","_t":1790609219853,"id":"1","progress":0.6995630167680484,"total":1033,"current":864}
{"_e":"metro:bundling:progress","_t":1790609219853,"id":"2","progress":0.09,"total":5,"current":3}
{"_e":"metro:bundling:progress","_t":1790609219853,"id":"3","progress":0,"total":1,"current":0}
{"_e":"metro:bundling:progress","_t":1790609219961,"id":"1","progress":0.7044295274339816,"total":1033,"current":867}
{"_e":"metro:bundling:progress","_t":1790609219961,"id":"2","progress":0.09,"total":5,"current":3}
{"_e":"metro:bundling:progress","_t":1790609219961,"id":"3","progress":0,"total":1,"current":0}
{"_e":"metro:bundling:progress","_t":1790609220067,"id":"1","progress":0.7079415913112773,"total":1034,"current":870}
{"_e":"metro:bundling:progress","_t":1790609220067,"id":"2","progress":0.09,"total":5,"current":3}
{"_e":"metro:bundling:progress","_t":1790609220067,"id":"3","progress":0,"total":1,"current":0}
{"_e":"metro:bundling:progress","_t":1790609220173,"id":"1","progress":0.7161022339116087,"total":1034,"current":875}
{"_e":"metro:bundling:progress","_t":1790609220173,"id":"2","progress":0.09,"total":5,"current":3}
{"_e":"metro:bundling:progress","_t":1790609220173,"id":"3","progress":0,"total":1,"current":0}
{"_e":"metro:bundling:progress","_t":1790609220278,"id":"1","progress":0.7198769025506477,"total":1036,"current":879}
{"_e":"metro:bundling:progress","_t":1790609220278,"id":"2","progress":0.09,"total":5,"current":3}
{"_e":"metro:bundling:progress","_t":1790609220278,"id":"3","progress":0,"total":1,"current":0}
{"_e":"metro:bundling:progress","_t":1790609220391,"id":"1","progress":0.7231565197298788,"total":1036,"current":881}
{"_e":"metro:bundling:progress","_t":1790609220391,"id":"2","progress":0.09,"total":5,"current":3}
{"_e":"metro:bundling:progress","_t":1790609220391,"id":"3","progress":0,"total":1,"current":0}
{"_e":"metro:bundling:progress","_t":1790609220503,"id":"1","progress":0.729738115114563,"total":1036,"current":885}
{"_e":"metro:bundling:progress","_t":1790609220507,"id":"2","progress":0.09,"total":5,"current":3}
{"_e":"metro:bundling:progress","_t":1790609220507,"id":"3","progress":0,"total":1,"current":0}
{"_e":"metro:bundling:progress","_t":1790609220608,"id":"1","progress":0.7363495252008766,"total":1036,"current":889}
{"_e":"metro:bundling:progress","_t":1790609220608,"id":"2","progress":0.09,"total":5,"current":3}
{"_e":"metro:bundling:progress","_t":1790609220608,"id":"3","progress":0,"total":1,"current":0}
{"_e":"metro:bundling:progress","_t":1790609220728,"id":"1","progress":0.7484416823519366,"total":1038,"current":898}
{"_e":"metro:bundling:progress","_t":1790609220728,"id":"2","progress":0.09,"total":5,"current":3}
{"_e":"metro:bundling:progress","_t":1790609220728,"id":"3","progress":0,"total":1,"current":0}
{"_e":"metro:bundling:progress","_t":1790609220853,"id":"1","progress":0.7484416823519366,"total":1046,"current":902}
{"_e":"metro:bundling:progress","_t":1790609220853,"id":"2","progress":0.09,"total":5,"current":3}
{"_e":"metro:bundling:progress","_t":1790609220853,"id":"3","progress":0,"total":1,"current":0}
{"_e":"metro:bundling:progress","_t":1790609220919,"id":"1","progress":0.7484416823519366,"total":1046,"current":903}
{"_e":"metro:bundling:progress","_t":1790609220920,"id":"2","progress":0.09,"total":5,"current":3}
{"_e":"metro:bundling:progress","_t":1790609220920,"id":"3","progress":0,"total":1,"current":0}
{"_e":"metro:bundling:progress","_t":1790609221019,"id":"1","progress":0.7502275809877562,"total":1046,"current":906}
{"_e":"metro:bundling:progress","_t":1790609221019,"id":"2","progress":0.09,"total":5,"current":3}
{"_e":"metro:bundling:progress","_t":1790609221019,"id":"3","progress":0,"total":1,"current":0}
{"_e":"metro:bundling:progress","_t":1790609221133,"id":"1","progress":0.7535434999579569,"total":1046,"current":908}
{"_e":"metro:bundling:progress","_t":1790609221133,"id":"2","progress":0.09,"total":5,"current":3}
{"_e":"metro:bundling:progress","_t":1790609221133,"id":"3","progress":0,"total":1,"current":0}
{"_e":"metro:bundling:progress","_t":1790609221237,"id":"1","progress":0.7601972734152503,"total":1046,"current":912}
{"_e":"metro:bundling:progress","_t":1790609221237,"id":"2","progress":0.09,"total":5,"current":3}
{"_e":"metro:bundling:progress","_t":1790609221237,"id":"3","progress":0,"total":1,"current":0}
{"_e":"metro:bundling:progress","_t":1790609221354,"id":"1","progress":0.7685556193310398,"total":1046,"current":917}
{"_e":"metro:bundling:progress","_t":1790609221354,"id":"2","progress":0.09,"total":5,"current":3}
{"_e":"metro:bundling:progress","_t":1790609221354,"id":"3","progress":0,"total":1,"current":0}
{"_e":"metro:bundling:progress","_t":1790609221468,"id":"1","progress":0.7735925623974057,"total":1046,"current":920}
{"_e":"metro:bundling:progress","_t":1790609221469,"id":"2","progress":0.09,"total":5,"current":3}
{"_e":"metro:bundling:progress","_t":1790609221469,"id":"3","progress":0,"total":1,"current":0}
{"_e":"metro:bundling:progress","_t":1790609221576,"id":"1","progress":0.7735925623974057,"total":1051,"current":924}
{"_e":"metro:bundling:progress","_t":1790609221577,"id":"2","progress":0.09,"total":5,"current":3}
{"_e":"metro:bundling:progress","_t":1790609221577,"id":"3","progress":0,"total":1,"current":0}
{"_e":"metro:bundling:progress","_t":1790609221679,"id":"1","progress":0.777954211520721,"total":1051,"current":927}
{"_e":"metro:bundling:progress","_t":1790609221679,"id":"2","progress":0.09,"total":5,"current":3}
{"_e":"metro:bundling:progress","_t":1790609221679,"id":"3","progress":0,"total":1,"current":0}
{"_e":"metro:bundling:progress","_t":1790609221786,"id":"1","progress":0.784682432842266,"total":1051,"current":931}
{"_e":"metro:bundling:progress","_t":1790609221787,"id":"2","progress":0.09,"total":5,"current":3}
{"_e":"metro:bundling:progress","_t":1790609221787,"id":"3","progress":0,"total":1,"current":0}
{"_e":"metro:bundling:progress","_t":1790609221887,"id":"1","progress":0.7850666796535742,"total":1053,"current":933}
{"_e":"metro:bundling:progress","_t":1790609221887,"id":"2","progress":0.09,"total":5,"current":3}
{"_e":"metro:bundling:progress","_t":1790609221887,"id":"3","progress":0,"total":1,"current":0}
{"_e":"metro:bundling:progress","_t":1790609222001,"id":"1","progress":0.793503660233638,"total":1053,"current":938}
{"_e":"metro:bundling:progress","_t":1790609222001,"id":"2","progress":0.09,"total":5,"current":3}
{"_e":"metro:bundling:progress","_t":1790609222001,"id":"3","progress":0,"total":1,"current":0}
{"_e":"metro:bundling:progress","_t":1790609222108,"id":"1","progress":0.7987678636368547,"total":1054,"current":942}
{"_e":"metro:bundling:progress","_t":1790609222108,"id":"2","progress":0.09,"total":5,"current":3}
{"_e":"metro:bundling:progress","_t":1790609222108,"id":"3","progress":0,"total":1,"current":0}
{"_e":"metro:bundling:progress","_t":1790609222210,"id":"1","progress":0.800464661594576,"total":1054,"current":943}
{"_e":"metro:bundling:progress","_t":1790609222210,"id":"2","progress":0.09,"total":5,"current":3}
{"_e":"metro:bundling:progress","_t":1790609222210,"id":"3","progress":0,"total":1,"current":0}
{"_e":"metro:bundling:progress","_t":1790609222320,"id":"1","progress":0.8089756561252156,"total":1054,"current":948}
{"_e":"metro:bundling:progress","_t":1790609222320,"id":"2","progress":0.09,"total":5,"current":3}
{"_e":"metro:bundling:progress","_t":1790609222320,"id":"3","progress":0,"total":1,"current":0}
{"_e":"metro:bundling:progress","_t":1790609222421,"id":"1","progress":0.8141038566372254,"total":1054,"current":951}
{"_e":"metro:bundling:progress","_t":1790609222421,"id":"2","progress":0.09,"total":5,"current":3}
{"_e":"metro:bundling:progress","_t":1790609222421,"id":"3","progress":0,"total":1,"current":0}
{"_e":"metro:bundling:progress","_t":1790609222533,"id":"1","progress":0.8141038566372254,"total":1058,"current":954}
{"_e":"metro:bundling:progress","_t":1790609222533,"id":"2","progress":0.09,"total":5,"current":3}
{"_e":"metro:bundling:progress","_t":1790609222533,"id":"3","progress":0,"total":1,"current":0}
{"_e":"metro:bundling:progress","_t":1790609222636,"id":"1","progress":0.8164779285379912,"total":1058,"current":956}
{"_e":"metro:bundling:progress","_t":1790609222636,"id":"2","progress":0.09,"total":5,"current":3}
{"_e":"metro:bundling:progress","_t":1790609222636,"id":"3","progress":0,"total":1,"current":0}
{"_e":"metro:bundling:progress","_t":1790609222739,"id":"1","progress":0.8164779285379912,"total":1060,"current":957}
{"_e":"metro:bundling:progress","_t":1790609222739,"id":"2","progress":0.09,"total":5,"current":3}
{"_e":"metro:bundling:progress","_t":1790609222739,"id":"3","progress":0,"total":1,"current":0}
{"_e":"metro:bundling:progress","_t":1790609222847,"id":"1","progress":0.8202207191171236,"total":1060,"current":960}
{"_e":"metro:bundling:progress","_t":1790609222847,"id":"2","progress":0.09,"total":5,"current":3}
{"_e":"metro:bundling:progress","_t":1790609222847,"id":"3","progress":0,"total":1,"current":0}
{"_e":"metro:bundling:progress","_t":1790609223135,"id":"1","progress":0.82086324834643,"total":1064,"current":964}
{"_e":"metro:bundling:progress","_t":1790609223135,"id":"2","progress":0.09,"total":5,"current":3}
{"_e":"metro:bundling:progress","_t":1790609223135,"id":"3","progress":0,"total":1,"current":0}
{"_e":"metro:bundling:progress","_t":1790609223235,"id":"1","progress":0.824743146398428,"total":1067,"current":969}
{"_e":"metro:bundling:progress","_t":1790609223236,"id":"2","progress":0.09,"total":5,"current":3}
{"_e":"metro:bundling:progress","_t":1790609223236,"id":"3","progress":0,"total":1,"current":0}
{"_e":"metro:bundling:progress","_t":1790609223335,"id":"1","progress":0.8269097737793695,"total":1070,"current":973}
{"_e":"metro:bundling:progress","_t":1790609223335,"id":"2","progress":0.09,"total":5,"current":3}
{"_e":"metro:bundling:progress","_t":1790609223335,"id":"3","progress":0,"total":1,"current":0}
{"_e":"metro:bundling:progress","_t":1790609223444,"id":"1","progress":0.8321664177653632,"total":1071,"current":977}
{"_e":"metro:bundling:progress","_t":1790609223444,"id":"2","progress":0.09,"total":5,"current":3}
{"_e":"metro:bundling:progress","_t":1790609223444,"id":"3","progress":0,"total":1,"current":0}
{"_e":"metro:bundling:progress","_t":1790609223561,"id":"1","progress":0.8321664177653632,"total":1076,"current":981}
{"_e":"metro:bundling:progress","_t":1790609223561,"id":"2","progress":0.09,"total":5,"current":3}
{"_e":"metro:bundling:progress","_t":1790609223561,"id":"3","progress":0,"total":1,"current":0}
{"_e":"metro:bundling:progress","_t":1790609223662,"id":"1","progress":0.8414140559140973,"total":1076,"current":987}
{"_e":"metro:bundling:progress","_t":1790609223662,"id":"2","progress":0.09,"total":5,"current":3}
{"_e":"metro:bundling:progress","_t":1790609223662,"id":"3","progress":0,"total":1,"current":0}
{"_e":"metro:bundling:progress","_t":1790609223785,"id":"1","progress":0.8414140559140973,"total":1081,"current":990}
{"_e":"metro:bundling:progress","_t":1790609223803,"id":"2","progress":0.09,"total":5,"current":3}
{"_e":"metro:bundling:progress","_t":1790609223803,"id":"3","progress":0,"total":1,"current":0}
{"_e":"metro:bundling:progress","_t":1790609223897,"id":"1","progress":0.8414140559140973,"total":1087,"current":993}
{"_e":"metro:bundling:progress","_t":1790609223897,"id":"2","progress":0.09,"total":5,"current":3}
{"_e":"metro:bundling:progress","_t":1790609223897,"id":"3","progress":0,"total":1,"current":0}
{"_e":"metro:bundling:progress","_t":1790609224015,"id":"1","progress":0.8414140559140973,"total":1090,"current":997}
{"_e":"metro:bundling:progress","_t":1790609224015,"id":"2","progress":0.09,"total":5,"current":3}
{"_e":"metro:bundling:progress","_t":1790609224015,"id":"3","progress":0,"total":1,"current":0}
{"_e":"metro:bundling:progress","_t":1790609224121,"id":"1","progress":0.8467376483460988,"total":1090,"current":1003}
{"_e":"metro:bundling:progress","_t":1790609224121,"id":"2","progress":0.09,"total":5,"current":3}
{"_e":"metro:bundling:progress","_t":1790609224121,"id":"3","progress":0,"total":1,"current":0}
{"_e":"metro:bundling:progress","_t":1790609224248,"id":"1","progress":0.8467376483460988,"total":1096,"current":1006}
{"_e":"metro:bundling:progress","_t":1790609224248,"id":"2","progress":0.09,"total":5,"current":3}
{"_e":"metro:bundling:progress","_t":1790609224248,"id":"3","progress":0,"total":1,"current":0}
{"_e":"metro:bundling:progress","_t":1790609224358,"id":"1","progress":0.8496176108481447,"total":1099,"current":1013}
{"_e":"metro:bundling:progress","_t":1790609224359,"id":"2","progress":0.09,"total":5,"current":3}
{"_e":"metro:bundling:progress","_t":1790609224359,"id":"3","progress":0,"total":1,"current":0}
{"_e":"metro:bundling:progress","_t":1790609224459,"id":"1","progress":0.849879681669954,"total":1101,"current":1015}
{"_e":"metro:bundling:progress","_t":1790609224463,"id":"2","progress":0.09,"total":5,"current":3}
{"_e":"metro:bundling:progress","_t":1790609224463,"id":"3","progress":0,"total":1,"current":0}
{"_e":"metro:bundling:progress","_t":1790609224564,"id":"1","progress":0.8519423768641042,"total":1104,"current":1019}
{"_e":"metro:bundling:progress","_t":1790609224565,"id":"2","progress":0.09,"total":5,"current":3}
{"_e":"metro:bundling:progress","_t":1790609224565,"id":"3","progress":0,"total":1,"current":0}
{"_e":"metro:bundling:progress","_t":1790609224681,"id":"1","progress":0.8541229522084219,"total":1108,"current":1024}
{"_e":"metro:bundling:progress","_t":1790609224681,"id":"2","progress":0.09,"total":5,"current":3}
{"_e":"metro:bundling:progress","_t":1790609224681,"id":"3","progress":0,"total":1,"current":0}
{"_e":"metro:bundling:progress","_t":1790609224782,"id":"1","progress":0.8541229522084219,"total":1111,"current":1026}
{"_e":"metro:bundling:progress","_t":1790609224786,"id":"2","progress":0.09,"total":5,"current":3}
{"_e":"metro:bundling:progress","_t":1790609224786,"id":"3","progress":0,"total":1,"current":0}
{"_e":"metro:bundling:progress","_t":1790609224883,"id":"1","progress":0.8541229522084219,"total":1111,"current":1026}
{"_e":"metro:bundling:progress","_t":1790609224883,"id":"2","progress":0.1111111111111111,"total":21,"current":7}
{"_e":"metro:bundling:progress","_t":1790609224883,"id":"3","progress":0,"total":1,"current":0}
{"_e":"metro:bundling:progress","_t":1790609225000,"id":"1","progress":0.859743826330817,"total":1113,"current":1032}
{"_e":"metro:bundling:progress","_t":1790609225015,"id":"2","progress":0.1111111111111111,"total":21,"current":7}
{"_e":"metro:bundling:progress","_t":1790609225015,"id":"3","progress":0,"total":1,"current":0}
{"_e":"metro:bundling:progress","_t":1790609225103,"id":"1","progress":0.859743826330817,"total":1113,"current":1032}
{"_e":"metro:bundling:progress","_t":1790609225103,"id":"2","progress":0.1111111111111111,"total":50,"current":14}
{"_e":"metro:bundling:progress","_t":1790609225103,"id":"3","progress":0,"total":1,"current":0}
{"_e":"metro:bundling:progress","_t":1790609225209,"id":"1","progress":0.8614108037898913,"total":1113,"current":1033}
{"_e":"metro:bundling:progress","_t":1790609225209,"id":"2","progress":0.1111111111111111,"total":50,"current":14}
{"_e":"metro:bundling:progress","_t":1790609225209,"id":"3","progress":0,"total":1,"current":0}
{"_e":"metro:bundling:progress","_t":1790609225311,"id":"1","progress":0.8620076100626918,"total":1118,"current":1038}
{"_e":"metro:bundling:progress","_t":1790609225311,"id":"2","progress":0.1111111111111111,"total":50,"current":14}
{"_e":"metro:bundling:progress","_t":1790609225311,"id":"3","progress":0,"total":1,"current":0}
{"_e":"metro:bundling:progress","_t":1790609225423,"id":"1","progress":0.8673407918411066,"total":1121,"current":1044}
{"_e":"metro:bundling:progress","_t":1790609225423,"id":"2","progress":0.1111111111111111,"total":50,"current":14}
{"_e":"metro:bundling:progress","_t":1790609225423,"id":"3","progress":0,"total":1,"current":0}
{"_e":"metro:bundling:progress","_t":1790609225536,"id":"1","progress":0.8742166741070897,"total":1123,"current":1050}
{"_e":"metro:bundling:progress","_t":1790609225536,"id":"2","progress":0.1111111111111111,"total":50,"current":14}
{"_e":"metro:bundling:progress","_t":1790609225536,"id":"3","progress":0,"total":1,"current":0}
{"_e":"metro:bundling:progress","_t":1790609225636,"id":"1","progress":0.8758826416647305,"total":1123,"current":1051}
{"_e":"metro:bundling:progress","_t":1790609225636,"id":"2","progress":0.1111111111111111,"total":50,"current":14}
{"_e":"metro:bundling:progress","_t":1790609225636,"id":"3","progress":0,"total":1,"current":0}
{"_e":"metro:bundling:progress","_t":1790609225758,"id":"1","progress":0.8775501951029593,"total":1123,"current":1052}
{"_e":"metro:bundling:progress","_t":1790609225758,"id":"2","progress":0.1111111111111111,"total":50,"current":14}
{"_e":"metro:bundling:progress","_t":1790609225758,"id":"3","progress":0,"total":1,"current":0}
{"_e":"metro:bundling:progress","_t":1790609225868,"id":"1","progress":0.8776555831359786,"total":1124,"current":1053}
{"_e":"metro:bundling:progress","_t":1790609225868,"id":"2","progress":0.1111111111111111,"total":50,"current":14}
{"_e":"metro:bundling:progress","_t":1790609225868,"id":"3","progress":0,"total":1,"current":0}
{"_e":"metro:bundling:progress","_t":1790609225979,"id":"1","progress":0.8826635934195362,"total":1124,"current":1056}
{"_e":"metro:bundling:progress","_t":1790609225979,"id":"2","progress":0.1111111111111111,"total":50,"current":14}
{"_e":"metro:bundling:progress","_t":1790609225979,"id":"3","progress":0,"total":1,"current":0}
{"_e":"metro:bundling:progress","_t":1790609226082,"id":"1","progress":0.8826635934195362,"total":1124,"current":1056}
{"_e":"metro:bundling:progress","_t":1790609226082,"id":"2","progress":0.1111111111111111,"total":112,"current":16}
{"_e":"metro:bundling:progress","_t":1790609226082,"id":"3","progress":0,"total":1,"current":0}
{"_e":"metro:bundling:progress","_t":1790609226231,"id":"1","progress":0.892722356606426,"total":1124,"current":1062}
{"_e":"metro:bundling:progress","_t":1790609226231,"id":"2","progress":0.1111111111111111,"total":112,"current":16}
{"_e":"metro:bundling:progress","_t":1790609226231,"id":"3","progress":0,"total":1,"current":0}
{"_e":"metro:bundling:progress","_t":1790609226395,"id":"1","progress":0.8961777777777777,"total":1125,"current":1065}
{"_e":"metro:bundling:progress","_t":1790609226396,"id":"2","progress":0.1111111111111111,"total":112,"current":16}
{"_e":"metro:bundling:progress","_t":1790609226396,"id":"3","progress":0,"total":1,"current":0}
{"_e":"metro:bundling:progress","_t":1790609226587,"id":"1","progress":0.8962674583318873,"total":1126,"current":1066}
{"_e":"metro:bundling:progress","_t":1790609226587,"id":"2","progress":0.1111111111111111,"total":112,"current":16}
{"_e":"metro:bundling:progress","_t":1790609226587,"id":"3","progress":0,"total":1,"current":0}
{"_e":"metro:bundling:progress","_t":1790609226700,"id":"1","progress":0.8997204220988577,"total":1127,"current":1069}
{"_e":"metro:bundling:progress","_t":1790609226700,"id":"2","progress":0.1111111111111111,"total":112,"current":16}
{"_e":"metro:bundling:progress","_t":1790609226700,"id":"3","progress":0,"total":1,"current":0}
{"_e":"metro:bundling:progress","_t":1790609226835,"id":"1","progress":0.8997204220988577,"total":1136,"current":1074}
{"_e":"metro:bundling:progress","_t":1790609226835,"id":"2","progress":0.1111111111111111,"total":112,"current":16}
{"_e":"metro:bundling:progress","_t":1790609226835,"id":"3","progress":0,"total":1,"current":0}
{"_e":"metro:bundling:progress","_t":1790609226972,"id":"1","progress":0.8997204220988577,"total":1143,"current":1077}
{"_e":"metro:bundling:progress","_t":1790609226972,"id":"2","progress":0.1111111111111111,"total":112,"current":16}
{"_e":"metro:bundling:progress","_t":1790609226972,"id":"3","progress":0,"total":1,"current":0}
{"_e":"metro:bundling:progress","_t":1790609227093,"id":"1","progress":0.8997204220988577,"total":1152,"current":1081}
{"_e":"metro:bundling:progress","_t":1790609227093,"id":"2","progress":0.1111111111111111,"total":112,"current":16}
{"_e":"metro:bundling:progress","_t":1790609227093,"id":"3","progress":0,"total":1,"current":0}
{"_e":"metro:bundling:progress","_t":1790609227205,"id":"1","progress":0.8997204220988577,"total":1155,"current":1084}
{"_e":"metro:bundling:progress","_t":1790609227205,"id":"2","progress":0.1111111111111111,"total":112,"current":16}
{"_e":"metro:bundling:progress","_t":1790609227205,"id":"3","progress":0,"total":1,"current":0}
{"_e":"metro:bundling:progress","_t":1790609227335,"id":"1","progress":0.8997204220988577,"total":1155,"current":1085}
{"_e":"metro:bundling:progress","_t":1790609227335,"id":"2","progress":0.1111111111111111,"total":112,"current":16}
{"_e":"metro:bundling:progress","_t":1790609227335,"id":"3","progress":0,"total":1,"current":0}
{"_e":"metro:bundling:progress","_t":1790609227439,"id":"1","progress":0.8997204220988577,"total":1157,"current":1090}
{"_e":"metro:bundling:progress","_t":1790609227439,"id":"2","progress":0.1111111111111111,"total":112,"current":16}
{"_e":"metro:bundling:progress","_t":1790609227439,"id":"3","progress":0,"total":1,"current":0}
{"_e":"metro:bundling:progress","_t":1790609227547,"id":"1","progress":0.8997204220988577,"total":1158,"current":1094}
{"_e":"metro:bundling:progress","_t":1790609227547,"id":"2","progress":0.1111111111111111,"total":112,"current":16}
{"_e":"metro:bundling:progress","_t":1790609227547,"id":"3","progress":0,"total":1,"current":0}
{"_e":"metro:bundling:progress","_t":1790609227657,"id":"1","progress":0.8997204220988577,"total":1160,"current":1100}
{"_e":"metro:bundling:progress","_t":1790609227657,"id":"2","progress":0.1111111111111111,"total":112,"current":16}
{"_e":"metro:bundling:progress","_t":1790609227657,"id":"3","progress":0,"total":1,"current":0}
{"_e":"metro:bundling:progress","_t":1790609227762,"id":"1","progress":0.9028264900036607,"total":1164,"current":1106}
{"_e":"metro:bundling:progress","_t":1790609227762,"id":"2","progress":0.1111111111111111,"total":112,"current":16}
{"_e":"metro:bundling:progress","_t":1790609227762,"id":"3","progress":0,"total":1,"current":0}
{"_e":"metro:bundling:progress","_t":1790609227875,"id":"1","progress":0.9063301047295338,"total":1167,"current":1111}
{"_e":"metro:bundling:progress","_t":1790609227875,"id":"2","progress":0.1111111111111111,"total":112,"current":16}
{"_e":"metro:bundling:progress","_t":1790609227875,"id":"3","progress":0,"total":1,"current":0}
{"_e":"metro:bundling:progress","_t":1790609227976,"id":"1","progress":0.9063301047295338,"total":1167,"current":1111}
{"_e":"metro:bundling:progress","_t":1790609227976,"id":"2","progress":0.1111111111111111,"total":117,"current":25}
{"_e":"metro:bundling:progress","_t":1790609227976,"id":"3","progress":0,"total":1,"current":0}
{"_e":"metro:bundling:progress","_t":1790609228088,"id":"1","progress":0.9063301047295338,"total":1167,"current":1111}
{"_e":"metro:bundling:progress","_t":1790609228088,"id":"2","progress":0.1111111111111111,"total":128,"current":30}
{"_e":"metro:bundling:progress","_t":1790609228088,"id":"3","progress":0,"total":1,"current":0}
{"_e":"metro:bundling:progress","_t":1790609228194,"id":"1","progress":0.9063301047295338,"total":1167,"current":1111}
{"_e":"metro:bundling:progress","_t":1790609228194,"id":"2","progress":0.1111111111111111,"total":152,"current":38}
{"_e":"metro:bundling:progress","_t":1790609228194,"id":"3","progress":0,"total":1,"current":0}
{"_e":"metro:bundling:progress","_t":1790609228316,"id":"1","progress":0.9063301047295338,"total":1167,"current":1111}
{"_e":"metro:bundling:progress","_t":1790609228316,"id":"2","progress":0.1111111111111111,"total":182,"current":42}
{"_e":"metro:bundling:progress","_t":1790609228316,"id":"3","progress":0,"total":1,"current":0}
{"_e":"metro:bundling:progress","_t":1790609228434,"id":"1","progress":0.9063301047295338,"total":1167,"current":1111}
{"_e":"metro:bundling:progress","_t":1790609228434,"id":"2","progress":0.1111111111111111,"total":194,"current":44}
{"_e":"metro:bundling:progress","_t":1790609228434,"id":"3","progress":0,"total":1,"current":0}
{"_e":"metro:bundling:progress","_t":1790609228537,"id":"1","progress":0.9063301047295338,"total":1167,"current":1111}
{"_e":"metro:bundling:progress","_t":1790609228538,"id":"2","progress":0.1111111111111111,"total":197,"current":48}
{"_e":"metro:bundling:progress","_t":1790609228538,"id":"3","progress":0,"total":1,"current":0}
{"_e":"metro:bundling:progress","_t":1790609228644,"id":"1","progress":0.9063301047295338,"total":1167,"current":1111}
{"_e":"metro:bundling:progress","_t":1790609228645,"id":"2","progress":0.1111111111111111,"total":202,"current":53}
{"_e":"metro:bundling:progress","_t":1790609228645,"id":"3","progress":0,"total":1,"current":0}
{"_e":"metro:bundling:progress","_t":1790609228777,"id":"1","progress":0.9063301047295338,"total":1167,"current":1111}
{"_e":"metro:bundling:progress","_t":1790609228778,"id":"2","progress":0.1111111111111111,"total":210,"current":60}
{"_e":"metro:bundling:progress","_t":1790609228778,"id":"3","progress":0,"total":1,"current":0}
{"_e":"metro:bundling:progress","_t":1790609228877,"id":"1","progress":0.9063301047295338,"total":1167,"current":1111}
{"_e":"metro:bundling:progress","_t":1790609228878,"id":"2","progress":0.1111111111111111,"total":217,"current":67}
{"_e":"metro:bundling:progress","_t":1790609228878,"id":"3","progress":0,"total":1,"current":0}
{"_e":"metro:bundling:progress","_t":1790609229030,"id":"1","progress":0.9063301047295338,"total":1167,"current":1111}
{"_e":"metro:bundling:progress","_t":1790609229032,"id":"2","progress":0.1111111111111111,"total":222,"current":72}
{"_e":"metro:bundling:progress","_t":1790609229032,"id":"3","progress":0,"total":1,"current":0}
{"_e":"metro:bundling:progress","_t":1790609229134,"id":"1","progress":0.9063301047295338,"total":1167,"current":1111}
{"_e":"metro:bundling:progress","_t":1790609229134,"id":"2","progress":0.12530346933980735,"total":226,"current":80}
{"_e":"metro:bundling:progress","_t":1790609229134,"id":"3","progress":0,"total":1,"current":0}
{"_e":"metro:bundling:progress","_t":1790609229258,"id":"1","progress":0.9063301047295338,"total":1167,"current":1111}
{"_e":"metro:bundling:progress","_t":1790609229258,"id":"2","progress":0.1325215450907972,"total":228,"current":83}
{"_e":"metro:bundling:progress","_t":1790609229258,"id":"3","progress":0,"total":1,"current":0}
{"_e":"metro:bundling:progress","_t":1790609229405,"id":"1","progress":0.9063301047295338,"total":1167,"current":1111}
{"_e":"metro:bundling:progress","_t":1790609229405,"id":"2","progress":0.1325215450907972,"total":239,"current":87}
{"_e":"metro:bundling:progress","_t":1790609229405,"id":"3","progress":0,"total":1,"current":0}
{"_e":"metro:bundling:progress","_t":1790609229456,"id":"1","progress":0.9063301047295338,"total":1167,"current":1111}
{"_e":"metro:bundling:progress","_t":1790609229456,"id":"2","progress":0.1355718562350099,"total":239,"current":88}
{"_e":"metro:bundling:progress","_t":1790609229456,"id":"3","progress":0,"total":1,"current":0}
{"_e":"metro:bundling:progress","_t":1790609229605,"id":"1","progress":0.9063301047295338,"total":1167,"current":1111}
{"_e":"metro:bundling:progress","_t":1790609229605,"id":"2","progress":0.13873362946450524,"total":247,"current":92}
{"_e":"metro:bundling:progress","_t":1790609229605,"id":"3","progress":0,"total":1,"current":0}
{"_e":"metro:bundling:progress","_t":1790609229710,"id":"1","progress":0.9063301047295338,"total":1167,"current":1111}
{"_e":"metro:bundling:progress","_t":1790609229710,"id":"2","progress":0.150544,"total":250,"current":97}
{"_e":"metro:bundling:progress","_t":1790609229711,"id":"3","progress":0,"total":1,"current":0}
{"_e":"metro:bundling:progress","_t":1790609229813,"id":"1","progress":0.9063301047295338,"total":1167,"current":1111}
{"_e":"metro:bundling:progress","_t":1790609229813,"id":"2","progress":0.15366400000000002,"total":250,"current":98}
{"_e":"metro:bundling:progress","_t":1790609229813,"id":"3","progress":0,"total":1,"current":0}
{"_e":"metro:bundling:progress","_t":1790609229935,"id":"1","progress":0.9063301047295338,"total":1167,"current":1111}
{"_e":"metro:bundling:progress","_t":1790609229935,"id":"2","progress":0.15366400000000002,"total":255,"current":99}
{"_e":"metro:bundling:progress","_t":1790609229935,"id":"3","progress":0,"total":1,"current":0}
{"_e":"metro:bundling:progress","_t":1790609230036,"id":"1","progress":0.9063301047295338,"total":1167,"current":1111}
{"_e":"metro:bundling:progress","_t":1790609230036,"id":"2","progress":0.16123790641165156,"total":259,"current":104}
{"_e":"metro:bundling:progress","_t":1790609230036,"id":"3","progress":0,"total":1,"current":0}
{"_e":"metro:bundling:progress","_t":1790609230175,"id":"1","progress":0.9063301047295338,"total":1167,"current":1111}
{"_e":"metro:bundling:progress","_t":1790609230177,"id":"2","progress":0.169920167822388,"total":262,"current":108}
{"_e":"metro:bundling:progress","_t":1790609230177,"id":"3","progress":0,"total":1,"current":0}
{"_e":"metro:bundling:progress","_t":1790609230310,"id":"1","progress":0.9063301047295338,"total":1167,"current":1111}
{"_e":"metro:bundling:progress","_t":1790609230310,"id":"2","progress":0.18788763752548104,"total":263,"current":114}
{"_e":"metro:bundling:progress","_t":1790609230310,"id":"3","progress":0,"total":1,"current":0}
{"_e":"metro:bundling:progress","_t":1790609230422,"id":"1","progress":0.9101225008633974,"total":1174,"current":1120}
{"_e":"metro:bundling:progress","_t":1790609230430,"id":"2","progress":0.18788763752548104,"total":263,"current":114}
{"_e":"metro:bundling:progress","_t":1790609230430,"id":"3","progress":0,"total":1,"current":0}
{"_e":"metro:bundling:progress","_t":1790609230536,"id":"1","progress":0.9198999329597264,"total":1174,"current":1126}
{"_e":"metro:bundling:progress","_t":1790609230536,"id":"2","progress":0.18788763752548104,"total":263,"current":114}
{"_e":"metro:bundling:progress","_t":1790609230536,"id":"3","progress":0,"total":1,"current":0}
{"_e":"metro:bundling:progress","_t":1790609230641,"id":"1","progress":0.9232987412652136,"total":1176,"current":1130}
{"_e":"metro:bundling:progress","_t":1790609230657,"id":"2","progress":0.18788763752548104,"total":263,"current":114}
{"_e":"metro:bundling:progress","_t":1790609230657,"id":"3","progress":0,"total":1,"current":0}
{"_e":"metro:bundling:progress","_t":1790609230762,"id":"1","progress":0.9232987412652136,"total":1181,"current":1133}
{"_e":"metro:bundling:progress","_t":1790609230762,"id":"2","progress":0.18788763752548104,"total":263,"current":114}
{"_e":"metro:bundling:progress","_t":1790609230762,"id":"3","progress":0,"total":1,"current":0}
{"_e":"metro:bundling:progress","_t":1790609230880,"id":"1","progress":0.9237435949835976,"total":1183,"current":1137}
{"_e":"metro:bundling:progress","_t":1790609230880,"id":"2","progress":0.18788763752548104,"total":263,"current":114}
{"_e":"metro:bundling:progress","_t":1790609230880,"id":"3","progress":0,"total":1,"current":0}
{"_e":"metro:bundling:progress","_t":1790609230992,"id":"1","progress":0.9271170930584486,"total":1185,"current":1141}
{"_e":"metro:bundling:progress","_t":1790609230992,"id":"2","progress":0.18788763752548104,"total":263,"current":114}
{"_e":"metro:bundling:progress","_t":1790609230992,"id":"3","progress":0,"total":1,"current":0}
{"_e":"metro:bundling:progress","_t":1790609231092,"id":"1","progress":0.9353140489522223,"total":1186,"current":1147}
{"_e":"metro:bundling:progress","_t":1790609231093,"id":"2","progress":0.18788763752548104,"total":263,"current":114}
{"_e":"metro:bundling:progress","_t":1790609231093,"id":"3","progress":0,"total":1,"current":0}
{"_e":"metro:bundling:progress","_t":1790609231236,"id":"1","progress":0.9371021580637198,"total":1189,"current":1151}
{"_e":"metro:bundling:progress","_t":1790609231236,"id":"2","progress":0.18788763752548104,"total":263,"current":114}
{"_e":"metro:bundling:progress","_t":1790609231236,"id":"3","progress":0,"total":1,"current":0}
{"_e":"metro:bundling:progress","_t":1790609231341,"id":"1","progress":0.9371021580637198,"total":1193,"current":1154}
{"_e":"metro:bundling:progress","_t":1790609231347,"id":"2","progress":0.18788763752548104,"total":263,"current":114}
{"_e":"metro:bundling:progress","_t":1790609231347,"id":"3","progress":0,"total":1,"current":0}
{"_e":"metro:bundling:progress","_t":1790609231441,"id":"1","progress":0.9371021580637198,"total":1199,"current":1158}
{"_e":"metro:bundling:progress","_t":1790609231441,"id":"2","progress":0.18788763752548104,"total":263,"current":114}
{"_e":"metro:bundling:progress","_t":1790609231441,"id":"3","progress":0,"total":1,"current":0}
{"_e":"metro:bundling:progress","_t":1790609231552,"id":"1","progress":0.9371021580637198,"total":1201,"current":1162}
{"_e":"metro:bundling:progress","_t":1790609231554,"id":"2","progress":0.18788763752548104,"total":263,"current":114}
{"_e":"metro:bundling:progress","_t":1790609231554,"id":"3","progress":0,"total":1,"current":0}
{"_e":"metro:bundling:progress","_t":1790609231675,"id":"1","progress":0.9371021580637198,"total":1201,"current":1162}
{"_e":"metro:bundling:progress","_t":1790609231675,"id":"2","progress":0.19790657664560712,"total":263,"current":117}
{"_e":"metro:bundling:progress","_t":1790609231675,"id":"3","progress":0,"total":1,"current":0}
{"_e":"metro:bundling:progress","_t":1790609231780,"id":"1","progress":0.9371021580637198,"total":1201,"current":1162}
{"_e":"metro:bundling:progress","_t":1790609231780,"id":"2","progress":0.19790657664560712,"total":277,"current":122}
{"_e":"metro:bundling:progress","_t":1790609231780,"id":"3","progress":0,"total":1,"current":0}
{"_e":"metro:bundling:progress","_t":1790609231881,"id":"1","progress":0.9371021580637198,"total":1201,"current":1162}
{"_e":"metro:bundling:progress","_t":1790609231885,"id":"2","progress":0.19963784517881392,"total":282,"current":126}
{"_e":"metro:bundling:progress","_t":1790609231885,"id":"3","progress":0,"total":1,"current":0}
{"_e":"metro:bundling:progress","_t":1790609231991,"id":"1","progress":0.9371021580637198,"total":1201,"current":1162}
{"_e":"metro:bundling:progress","_t":1790609231991,"id":"2","progress":0.21579648911020574,"total":282,"current":131}
{"_e":"metro:bundling:progress","_t":1790609231991,"id":"3","progress":0,"total":1,"current":0}
{"_e":"metro:bundling:progress","_t":1790609232097,"id":"1","progress":0.9371021580637198,"total":1201,"current":1162}
{"_e":"metro:bundling:progress","_t":1790609232097,"id":"2","progress":0.22299382716049382,"total":288,"current":136}
{"_e":"metro:bundling:progress","_t":1790609232097,"id":"3","progress":0,"total":1,"current":0}
{"_e":"metro:bundling:progress","_t":1790609232210,"id":"1","progress":0.9371021580637198,"total":1201,"current":1162}
{"_e":"metro:bundling:progress","_t":1790609232211,"id":"2","progress":0.24310378086419757,"total":288,"current":142}
{"_e":"metro:bundling:progress","_t":1790609232211,"id":"3","progress":0,"total":1,"current":0}
{"_e":"metro:bundling:progress","_t":1790609232313,"id":"1","progress":0.9371021580637198,"total":1201,"current":1162}
{"_e":"metro:bundling:progress","_t":1790609232313,"id":"2","progress":0.25,"total":296,"current":148}
{"_e":"metro:bundling:progress","_t":1790609232313,"id":"3","progress":0,"total":1,"current":0}
{"_e":"metro:bundling:progress","_t":1790609232422,"id":"1","progress":0.9371021580637198,"total":1201,"current":1162}
{"_e":"metro:bundling:progress","_t":1790609232422,"id":"2","progress":0.25,"total":337,"current":155}
{"_e":"metro:bundling:progress","_t":1790609232422,"id":"3","progress":0,"total":1,"current":0}
{"_e":"metro:bundling:progress","_t":1790609232521,"id":"1","progress":0.9371021580637198,"total":1201,"current":1162}
{"_e":"metro:bundling:progress","_t":1790609232521,"id":"2","progress":0.25,"total":357,"current":160}
{"_e":"metro:bundling:progress","_t":1790609232521,"id":"3","progress":0,"total":1,"current":0}
{"_e":"metro:bundling:progress","_t":1790609232623,"id":"1","progress":0.9371021580637198,"total":1201,"current":1162}
{"_e":"metro:bundling:progress","_t":1790609232623,"id":"2","progress":0.25,"total":357,"current":162}
{"_e":"metro:bundling:progress","_t":1790609232623,"id":"3","progress":0,"total":1,"current":0}
{"_e":"metro:bundling:progress","_t":1790609232732,"id":"1","progress":0.9371021580637198,"total":1201,"current":1162}
{"_e":"metro:bundling:progress","_t":1790609232732,"id":"2","progress":0.25,"total":358,"current":164}
{"_e":"metro:bundling:progress","_t":1790609232733,"id":"3","progress":0,"total":1,"current":0}
{"_e":"metro:bundling:progress","_t":1790609232833,"id":"1","progress":0.9371021580637198,"total":1201,"current":1162}
{"_e":"metro:bundling:progress","_t":1790609232833,"id":"2","progress":0.25,"total":363,"current":169}
{"_e":"metro:bundling:progress","_t":1790609232834,"id":"3","progress":0,"total":1,"current":0}
{"_e":"metro:bundling:progress","_t":1790609232940,"id":"1","progress":0.9371021580637198,"total":1201,"current":1162}
{"_e":"metro:bundling:progress","_t":1790609232940,"id":"2","progress":0.25,"total":366,"current":178}
{"_e":"metro:bundling:progress","_t":1790609232940,"id":"3","progress":0,"total":1,"current":0}
{"_e":"metro:bundling:progress","_t":1790609233053,"id":"1","progress":0.9371021580637198,"total":1201,"current":1162}
{"_e":"metro:bundling:progress","_t":1790609233053,"id":"2","progress":0.25,"total":370,"current":182}
{"_e":"metro:bundling:progress","_t":1790609233053,"id":"3","progress":0,"total":1,"current":0}
{"_e":"metro:bundling:progress","_t":1790609233123,"id":"1","progress":0.9371021580637198,"total":1201,"current":1162}
{"_e":"metro:bundling:progress","_t":1790609233123,"id":"2","progress":0.25,"total":370,"current":183}
{"_e":"metro:bundling:progress","_t":1790609233123,"id":"3","progress":0,"total":1,"current":0}
{"_e":"metro:bundling:progress","_t":1790609233229,"id":"1","progress":0.9371021580637198,"total":1201,"current":1162}
{"_e":"metro:bundling:progress","_t":1790609233229,"id":"2","progress":0.25812955254942765,"total":372,"current":189}
{"_e":"metro:bundling:progress","_t":1790609233229,"id":"3","progress":0,"total":1,"current":0}
{"_e":"metro:bundling:progress","_t":1790609233329,"id":"1","progress":0.9371021580637198,"total":1201,"current":1162}
{"_e":"metro:bundling:progress","_t":1790609233329,"id":"2","progress":0.26917129147878366,"total":372,"current":193}
{"_e":"metro:bundling:progress","_t":1790609233329,"id":"3","progress":0,"total":1,"current":0}
{"_e":"metro:bundling:progress","_t":1790609233478,"id":"1","progress":0.9371021580637198,"total":1201,"current":1162}
{"_e":"metro:bundling:progress","_t":1790609233482,"id":"2","progress":0.27760434732338996,"total":372,"current":196}
{"_e":"metro:bundling:progress","_t":1790609233482,"id":"3","progress":0,"total":1,"current":0}
{"_e":"metro:bundling:progress","_t":1790609233588,"id":"1","progress":0.9371021580637198,"total":1201,"current":1162}
{"_e":"metro:bundling:progress","_t":1790609233588,"id":"2","progress":0.28840877914951996,"total":378,"current":203}
{"_e":"metro:bundling:progress","_t":1790609233588,"id":"3","progress":0,"total":1,"current":0}
{"_e":"metro:bundling:progress","_t":1790609233690,"id":"1","progress":0.9371021580637198,"total":1201,"current":1162}
{"_e":"metro:bundling:progress","_t":1790609233690,"id":"2","progress":0.294936907334565,"total":383,"current":208}
{"_e":"metro:bundling:progress","_t":1790609233690,"id":"3","progress":0,"total":1,"current":0}
{"_e":"metro:bundling:progress","_t":1790609233794,"id":"1","progress":0.9371021580637198,"total":1201,"current":1162}
{"_e":"metro:bundling:progress","_t":1790609233795,"id":"2","progress":0.2970109898824353,"total":389,"current":212}
{"_e":"metro:bundling:progress","_t":1790609233795,"id":"3","progress":0,"total":1,"current":0}
{"_e":"metro:bundling:progress","_t":1790609233894,"id":"1","progress":0.9371021580637198,"total":1201,"current":1162}
{"_e":"metro:bundling:progress","_t":1790609233894,"id":"2","progress":0.2970109898824353,"total":397,"current":216}
{"_e":"metro:bundling:progress","_t":1790609233894,"id":"3","progress":0,"total":1,"current":0}
{"_e":"metro:bundling:progress","_t":1790609234030,"id":"1","progress":0.9371021580637198,"total":1201,"current":1162}
{"_e":"metro:bundling:progress","_t":1790609234030,"id":"2","progress":0.29702500000000004,"total":400,"current":218}
{"_e":"metro:bundling:progress","_t":1790609234030,"id":"3","progress":0,"total":1,"current":0}
{"_e":"metro:bundling:progress","_t":1790609234149,"id":"1","progress":0.9371021580637198,"total":1201,"current":1162}
{"_e":"metro:bundling:progress","_t":1790609234149,"id":"2","progress":0.31360000000000005,"total":400,"current":224}
{"_e":"metro:bundling:progress","_t":1790609234149,"id":"3","progress":0,"total":1,"current":0}
{"_e":"metro:bundling:progress","_t":1790609234253,"id":"1","progress":0.9371021580637198,"total":1201,"current":1162}
{"_e":"metro:bundling:progress","_t":1790609234273,"id":"2","progress":0.3257208652229863,"total":403,"current":230}
{"_e":"metro:bundling:progress","_t":1790609234273,"id":"3","progress":0,"total":1,"current":0}
{"_e":"metro:bundling:progress","_t":1790609234363,"id":"1","progress":0.9371021580637198,"total":1201,"current":1162}
{"_e":"metro:bundling:progress","_t":1790609234363,"id":"2","progress":0.3293515979519037,"total":406,"current":233}
{"_e":"metro:bundling:progress","_t":1790609234363,"id":"3","progress":0,"total":1,"current":0}
{"_e":"metro:bundling:progress","_t":1790609234478,"id":"1","progress":0.9371021580637198,"total":1201,"current":1162}
{"_e":"metro:bundling:progress","_t":1790609234478,"id":"2","progress":0.3304861256972158,"total":414,"current":238}
{"_e":"metro:bundling:progress","_t":1790609234478,"id":"3","progress":0,"total":1,"current":0}
{"_e":"metro:bundling:progress","_t":1790609234625,"id":"1","progress":0.9371021580637198,"total":1201,"current":1162}
{"_e":"metro:bundling:progress","_t":1790609234625,"id":"2","progress":0.3428596312962694,"total":415,"current":243}
{"_e":"metro:bundling:progress","_t":1790609234625,"id":"3","progress":0,"total":1,"current":0}
{"_e":"metro:bundling:progress","_t":1790609234731,"id":"1","progress":0.9371021580637198,"total":1201,"current":1162}
{"_e":"metro:bundling:progress","_t":1790609234731,"id":"2","progress":0.3577070122021016,"total":418,"current":250}
{"_e":"metro:bundling:progress","_t":1790609234731,"id":"3","progress":0,"total":1,"current":0}
{"_e":"metro:bundling:progress","_t":1790609234856,"id":"1","progress":0.9371021580637198,"total":1201,"current":1162}
{"_e":"metro:bundling:progress","_t":1790609234857,"id":"2","progress":0.36748480585095783,"total":419,"current":254}
{"_e":"metro:bundling:progress","_t":1790609234857,"id":"3","progress":0,"total":1,"current":0}
{"_e":"metro:bundling:progress","_t":1790609234961,"id":"1","progress":0.9371021580637198,"total":1201,"current":1162}
{"_e":"metro:bundling:progress","_t":1790609234961,"id":"2","progress":0.3825217313178051,"total":422,"current":261}
{"_e":"metro:bundling:progress","_t":1790609234961,"id":"3","progress":0,"total":1,"current":0}
{"_e":"metro:bundling:progress","_t":1790609235062,"id":"1","progress":0.9445007894390597,"total":1208,"current":1174}
{"_e":"metro:bundling:progress","_t":1790609235062,"id":"2","progress":0.3825217313178051,"total":422,"current":261}
{"_e":"metro:bundling:progress","_t":1790609235062,"id":"3","progress":0,"total":1,"current":0}
{"_e":"metro:bundling:progress","_t":1790609235196,"id":"1","progress":0.9445007894390597,"total":1212,"current":1177}
{"_e":"metro:bundling:progress","_t":1790609235196,"id":"2","progress":0.3825217313178051,"total":422,"current":261}
{"_e":"metro:bundling:progress","_t":1790609235196,"id":"3","progress":0,"total":1,"current":0}
{"_e":"metro:bundling:progress","_t":1790609235309,"id":"1","progress":0.9447263059096663,"total":1213,"current":1179}
{"_e":"metro:bundling:progress","_t":1790609235309,"id":"2","progress":0.3825217313178051,"total":422,"current":261}
{"_e":"metro:bundling:progress","_t":1790609235309,"id":"3","progress":0,"total":1,"current":0}
{"_e":"metro:bundling:progress","_t":1790609235328,"id":"1","progress":0.9447263059096663,"total":1213,"current":1179}
{"_e":"metro:bundling:progress","_t":1790609235328,"id":"2","progress":0.3884065946407314,"total":422,"current":263}
{"_e":"metro:bundling:progress","_t":1790609235328,"id":"3","progress":0,"total":1,"current":0}
{"_e":"metro:bundling:progress","_t":1790609235451,"id":"1","progress":0.9463731751205731,"total":1214,"current":1181}
{"_e":"metro:bundling:progress","_t":1790609235451,"id":"2","progress":0.3884065946407314,"total":422,"current":263}
{"_e":"metro:bundling:progress","_t":1790609235451,"id":"3","progress":0,"total":1,"current":0}
{"_e":"metro:bundling:progress","_t":1790609235545,"id":"1","progress":0.947976517781294,"total":1214,"current":1182}
{"_e":"metro:bundling:progress","_t":1790609235545,"id":"2","progress":0.3884065946407314,"total":422,"current":263}
{"_e":"metro:bundling:progress","_t":1790609235545,"id":"3","progress":0,"total":1,"current":0}
{"_e":"metro:bundling:progress","_t":1790609235664,"id":"1","progress":0.9496630724117037,"total":1216,"current":1185}
{"_e":"metro:bundling:progress","_t":1790609235664,"id":"2","progress":0.3884065946407314,"total":422,"current":263}
{"_e":"metro:bundling:progress","_t":1790609235664,"id":"3","progress":0,"total":1,"current":0}
{"_e":"metro:bundling:progress","_t":1790609235787,"id":"1","progress":0.9529478458049886,"total":1218,"current":1189}
{"_e":"metro:bundling:progress","_t":1790609235791,"id":"2","progress":0.3884065946407314,"total":422,"current":263}
{"_e":"metro:bundling:progress","_t":1790609235791,"id":"3","progress":0,"total":1,"current":0}
{"_e":"metro:bundling:progress","_t":1790609235904,"id":"1","progress":0.9529478458049886,"total":1251,"current":1193}
{"_e":"metro:bundling:progress","_t":1790609235904,"id":"2","progress":0.3884065946407314,"total":422,"current":263}
{"_e":"metro:bundling:progress","_t":1790609235904,"id":"3","progress":0,"total":1,"current":0}
{"_e":"metro:bundling:progress","_t":1790609236021,"id":"1","progress":0.9529478458049886,"total":1253,"current":1196}
{"_e":"metro:bundling:progress","_t":1790609236021,"id":"2","progress":0.3884065946407314,"total":422,"current":263}
{"_e":"metro:bundling:progress","_t":1790609236021,"id":"3","progress":0,"total":1,"current":0}
{"_e":"metro:bundling:progress","_t":1790609236095,"id":"1","progress":0.9529478458049886,"total":1253,"current":1197}
{"_e":"metro:bundling:progress","_t":1790609236095,"id":"2","progress":0.3884065946407314,"total":422,"current":263}
{"_e":"metro:bundling:progress","_t":1790609236095,"id":"3","progress":0,"total":1,"current":0}
{"_e":"metro:bundling:progress","_t":1790609236204,"id":"1","progress":0.9529478458049886,"total":1262,"current":1200}
{"_e":"metro:bundling:progress","_t":1790609236204,"id":"2","progress":0.3884065946407314,"total":422,"current":263}
{"_e":"metro:bundling:progress","_t":1790609236204,"id":"3","progress":0,"total":1,"current":0}
{"_e":"metro:bundling:progress","_t":1790609236335,"id":"1","progress":0.9529478458049886,"total":1262,"current":1200}
{"_e":"metro:bundling:progress","_t":1790609236335,"id":"2","progress":0.3884065946407314,"total":436,"current":266}
{"_e":"metro:bundling:progress","_t":1790609236335,"id":"3","progress":0,"total":1,"current":0}
{"_e":"metro:bundling:progress","_t":1790609236445,"id":"1","progress":0.9529478458049886,"total":1262,"current":1200}
{"_e":"metro:bundling:progress","_t":1790609236445,"id":"2","progress":0.3884065946407314,"total":439,"current":270}
{"_e":"metro:bundling:progress","_t":1790609236445,"id":"3","progress":0,"total":1,"current":0}
{"_e":"metro:bundling:progress","_t":1790609236666,"id":"1","progress":0.9529478458049886,"total":1262,"current":1200}
{"_e":"metro:bundling:progress","_t":1790609236666,"id":"2","progress":0.3884065946407314,"total":442,"current":271}
{"_e":"metro:bundling:progress","_t":1790609236666,"id":"3","progress":0,"total":1,"current":0}
{"_e":"metro:bundling:progress","_t":1790609236766,"id":"1","progress":0.9529478458049886,"total":1262,"current":1200}
{"_e":"metro:bundling:progress","_t":1790609236766,"id":"2","progress":0.3884065946407314,"total":450,"current":275}
{"_e":"metro:bundling:progress","_t":1790609236766,"id":"3","progress":0,"total":1,"current":0}
{"_e":"metro:bundling:progress","_t":1790609236871,"id":"1","progress":0.9529478458049886,"total":1262,"current":1200}
{"_e":"metro:bundling:progress","_t":1790609236871,"id":"2","progress":0.3884065946407314,"total":451,"current":281}
{"_e":"metro:bundling:progress","_t":1790609236871,"id":"3","progress":0,"total":1,"current":0}
{"_e":"metro:bundling:progress","_t":1790609236994,"id":"1","progress":0.9529478458049886,"total":1262,"current":1200}
{"_e":"metro:bundling:progress","_t":1790609236994,"id":"2","progress":0.39653689018244753,"total":451,"current":284}
{"_e":"metro:bundling:progress","_t":1790609236994,"id":"3","progress":0,"total":1,"current":0}
{"_e":"metro:bundling:progress","_t":1790609237097,"id":"1","progress":0.9529478458049886,"total":1262,"current":1200}
{"_e":"metro:bundling:progress","_t":1790609237097,"id":"2","progress":0.39653689018244753,"total":459,"current":289}
{"_e":"metro:bundling:progress","_t":1790609237097,"id":"3","progress":0,"total":1,"current":0}
{"_e":"metro:bundling:progress","_t":1790609237207,"id":"1","progress":0.9529478458049886,"total":1262,"current":1200}
{"_e":"metro:bundling:progress","_t":1790609237207,"id":"2","progress":0.4084877126654064,"total":460,"current":294}
{"_e":"metro:bundling:progress","_t":1790609237207,"id":"3","progress":0,"total":1,"current":0}
{"_e":"metro:bundling:progress","_t":1790609237309,"id":"1","progress":0.9529478458049886,"total":1262,"current":1200}
{"_e":"metro:bundling:progress","_t":1790609237309,"id":"2","progress":0.4084877126654064,"total":480,"current":299}
{"_e":"metro:bundling:progress","_t":1790609237309,"id":"3","progress":0,"total":1,"current":0}
{"_e":"metro:bundling:progress","_t":1790609237418,"id":"1","progress":0.9529478458049886,"total":1262,"current":1200}
{"_e":"metro:bundling:progress","_t":1790609237418,"id":"2","progress":0.4084877126654064,"total":482,"current":307}
{"_e":"metro:bundling:progress","_t":1790609237418,"id":"3","progress":0,"total":1,"current":0}
{"_e":"metro:bundling:progress","_t":1790609237520,"id":"1","progress":0.9529478458049886,"total":1262,"current":1200}
{"_e":"metro:bundling:progress","_t":1790609237520,"id":"2","progress":0.4191561271123393,"total":485,"current":314}
{"_e":"metro:bundling:progress","_t":1790609237521,"id":"3","progress":0,"total":1,"current":0}
{"_e":"metro:bundling:progress","_t":1790609237624,"id":"1","progress":0.9529478458049886,"total":1262,"current":1200}
{"_e":"metro:bundling:progress","_t":1790609237624,"id":"2","progress":0.43897441108232144,"total":486,"current":322}
{"_e":"metro:bundling:progress","_t":1790609237624,"id":"3","progress":0,"total":1,"current":0}
{"_e":"metro:bundling:progress","_t":1790609237727,"id":"1","progress":0.9529478458049886,"total":1262,"current":1200}
{"_e":"metro:bundling:progress","_t":1790609237727,"id":"2","progress":0.43897441108232144,"total":502,"current":329}
{"_e":"metro:bundling:progress","_t":1790609237727,"id":"3","progress":0,"total":1,"current":0}
{"_e":"metro:bundling:progress","_t":1790609237838,"id":"1","progress":0.9529478458049886,"total":1262,"current":1200}
{"_e":"metro:bundling:progress","_t":1790609237838,"id":"2","progress":0.43897441108232144,"total":515,"current":335}
{"_e":"metro:bundling:progress","_t":1790609237838,"id":"3","progress":0,"total":1,"current":0}
{"_e":"metro:bundling:progress","_t":1790609237938,"id":"1","progress":0.9529478458049886,"total":1262,"current":1200}
{"_e":"metro:bundling:progress","_t":1790609237939,"id":"2","progress":0.43897441108232144,"total":526,"current":344}
{"_e":"metro:bundling:progress","_t":1790609237939,"id":"3","progress":0,"total":1,"current":0}
{"_e":"metro:bundling:progress","_t":1790609238054,"id":"1","progress":0.9529478458049886,"total":1262,"current":1200}
{"_e":"metro:bundling:progress","_t":1790609238058,"id":"2","progress":0.4427561479853692,"total":526,"current":350}
{"_e":"metro:bundling:progress","_t":1790609238058,"id":"3","progress":0,"total":1,"current":0}
{"_e":"metro:bundling:progress","_t":1790609238157,"id":"1","progress":0.9529478458049886,"total":1262,"current":1200}
{"_e":"metro:bundling:progress","_t":1790609238157,"id":"2","progress":0.44277517101023234,"total":532,"current":354}
{"_e":"metro:bundling:progress","_t":1790609238157,"id":"3","progress":0,"total":1,"current":0}
{"_e":"metro:bundling:progress","_t":1790609238270,"id":"1","progress":0.9529478458049886,"total":1262,"current":1200}
{"_e":"metro:bundling:progress","_t":1790609238271,"id":"2","progress":0.44277517101023234,"total":539,"current":358}
{"_e":"metro:bundling:progress","_t":1790609238271,"id":"3","progress":0,"total":1,"current":0}
{"_e":"metro:bundling:progress","_t":1790609238377,"id":"1","progress":0.9529478458049886,"total":1262,"current":1200}
{"_e":"metro:bundling:progress","_t":1790609238377,"id":"2","progress":0.44850884437103733,"total":548,"current":367}
{"_e":"metro:bundling:progress","_t":1790609238377,"id":"3","progress":0,"total":1,"current":0}
{"_e":"metro:bundling:progress","_t":1790609238486,"id":"1","progress":0.9529478458049886,"total":1262,"current":1200}
{"_e":"metro:bundling:progress","_t":1790609238486,"id":"2","progress":0.45746776859504135,"total":550,"current":372}
{"_e":"metro:bundling:progress","_t":1790609238486,"id":"3","progress":0,"total":1,"current":0}
{"_e":"metro:bundling:progress","_t":1790609238593,"id":"1","progress":0.9529478458049886,"total":1262,"current":1207}
{"_e":"metro:bundling:progress","_t":1790609238593,"id":"2","progress":0.45746776859504135,"total":550,"current":372}
{"_e":"metro:bundling:progress","_t":1790609238593,"id":"3","progress":0,"total":1,"current":0}
{"_e":"metro:bundling:progress","_t":1790609238747,"id":"1","progress":0.9529478458049886,"total":1267,"current":1208}
{"_e":"metro:bundling:progress","_t":1790609238747,"id":"2","progress":0.45746776859504135,"total":550,"current":372}
{"_e":"metro:bundling:progress","_t":1790609238747,"id":"3","progress":0,"total":1,"current":0}
{"_e":"metro:bundling:progress","_t":1790609238852,"id":"1","progress":0.9529478458049886,"total":1267,"current":1208}
{"_e":"metro:bundling:progress","_t":1790609238852,"id":"2","progress":0.462012892440572,"total":562,"current":382}
{"_e":"metro:bundling:progress","_t":1790609238852,"id":"3","progress":0,"total":1,"current":0}
{"_e":"metro:bundling:progress","_t":1790609238958,"id":"1","progress":0.9529478458049886,"total":1267,"current":1208}
{"_e":"metro:bundling:progress","_t":1790609238958,"id":"2","progress":0.4644349742277833,"total":562,"current":383}
{"_e":"metro:bundling:progress","_t":1790609238958,"id":"3","progress":0,"total":1,"current":0}
{"_e":"metro:bundling:progress","_t":1790609239120,"id":"1","progress":0.9529478458049886,"total":1267,"current":1208}
{"_e":"metro:bundling:progress","_t":1790609239120,"id":"2","progress":0.4668633882549613,"total":562,"current":384}
{"_e":"metro:bundling:progress","_t":1790609239120,"id":"3","progress":0,"total":1,"current":0}
{"_e":"metro:bundling:progress","_t":1790609239221,"id":"1","progress":0.9529478458049886,"total":1267,"current":1208}
{"_e":"metro:bundling:progress","_t":1790609239221,"id":"2","progress":0.478157537347216,"total":564,"current":390}
{"_e":"metro:bundling:progress","_t":1790609239221,"id":"3","progress":0,"total":1,"current":0}
{"_e":"metro:bundling:progress","_t":1790609239364,"id":"1","progress":0.9529478458049886,"total":1267,"current":1208}
{"_e":"metro:bundling:progress","_t":1790609239364,"id":"2","progress":0.4826592797783934,"total":570,"current":396}
{"_e":"metro:bundling:progress","_t":1790609239364,"id":"3","progress":0,"total":1,"current":0}
{"_e":"metro:bundling:progress","_t":1790609239435,"id":"1","progress":0.9529478458049886,"total":1267,"current":1208}
{"_e":"metro:bundling:progress","_t":1790609239435,"id":"2","progress":0.48510003077870106,"total":570,"current":397}
{"_e":"metro:bundling:progress","_t":1790609239435,"id":"3","progress":0,"total":1,"current":0}
{"_e":"metro:bundling:progress","_t":1790609239546,"id":"1","progress":0.9529478458049886,"total":1267,"current":1208}
{"_e":"metro:bundling:progress","_t":1790609239546,"id":"2","progress":0.48510003077870106,"total":582,"current":399}
{"_e":"metro:bundling:progress","_t":1790609239546,"id":"3","progress":0,"total":1,"current":0}
{"_e":"metro:bundling:progress","_t":1790609239608,"id":"1","progress":0.9529478458049886,"total":1267,"current":1208}
{"_e":"metro:bundling:progress","_t":1790609239608,"id":"2","progress":0.48510003077870106,"total":582,"current":400}
{"_e":"metro:bundling:progress","_t":1790609239608,"id":"3","progress":0,"total":1,"current":0}
{"_e":"metro:bundling:progress","_t":1790609239754,"id":"1","progress":0.9529478458049886,"total":1267,"current":1208}
{"_e":"metro:bundling:progress","_t":1790609239754,"id":"2","progress":0.48510003077870106,"total":583,"current":402}
{"_e":"metro:bundling:progress","_t":1790609239754,"id":"3","progress":0,"total":1,"current":0}
{"_e":"metro:bundling:progress","_t":1790609239795,"id":"1","progress":0.9529478458049886,"total":1267,"current":1208}
{"_e":"metro:bundling:progress","_t":1790609239795,"id":"2","progress":0.48510003077870106,"total":583,"current":403}
{"_e":"metro:bundling:progress","_t":1790609239795,"id":"3","progress":0,"total":1,"current":0}
{"_e":"metro:bundling:progress","_t":1790609239920,"id":"1","progress":0.9529478458049886,"total":1267,"current":1208}
{"_e":"metro:bundling:progress","_t":1790609239920,"id":"2","progress":0.48510003077870106,"total":589,"current":409}
{"_e":"metro:bundling:progress","_t":1790609239920,"id":"3","progress":0,"total":1,"current":0}
{"_e":"metro:bundling:progress","_t":1790609240031,"id":"1","progress":0.9529478458049886,"total":1267,"current":1208}
{"_e":"metro:bundling:progress","_t":1790609240035,"id":"2","progress":0.4883431964521403,"total":591,"current":413}
{"_e":"metro:bundling:progress","_t":1790609240035,"id":"3","progress":0,"total":1,"current":0}
{"_e":"metro:bundling:progress","_t":1790609240131,"id":"1","progress":0.9529478458049886,"total":1267,"current":1208}
{"_e":"metro:bundling:progress","_t":1790609240131,"id":"2","progress":0.49212709264067295,"total":593,"current":416}
{"_e":"metro:bundling:progress","_t":1790609240131,"id":"3","progress":0,"total":1,"current":0}
{"_e":"metro:bundling:progress","_t":1790609240231,"id":"1","progress":0.9529478458049886,"total":1267,"current":1208}
{"_e":"metro:bundling:progress","_t":1790609240231,"id":"2","progress":0.4944959320231253,"total":593,"current":417}
{"_e":"metro:bundling:progress","_t":1790609240231,"id":"3","progress":0,"total":1,"current":0}
{"_e":"metro:bundling:progress","_t":1790609240335,"id":"1","progress":0.9529478458049886,"total":1267,"current":1208}
{"_e":"metro:bundling:progress","_t":1790609240336,"id":"2","progress":0.4972966451464469,"total":597,"current":421}
{"_e":"metro:bundling:progress","_t":1790609240336,"id":"3","progress":0,"total":1,"current":0}
{"_e":"metro:bundling:progress","_t":1790609240469,"id":"1","progress":0.9529478458049886,"total":1268,"current":1210}
{"_e":"metro:bundling:progress","_t":1790609240469,"id":"2","progress":0.4972966451464469,"total":597,"current":421}
{"_e":"metro:bundling:progress","_t":1790609240469,"id":"3","progress":0,"total":1,"current":0}
{"_e":"metro:bundling:progress","_t":1790609240590,"id":"1","progress":0.9529478458049886,"total":1268,"current":1210}
{"_e":"metro:bundling:progress","_t":1790609240591,"id":"2","progress":0.4996619052829755,"total":597,"current":422}
{"_e":"metro:bundling:progress","_t":1790609240591,"id":"3","progress":0,"total":1,"current":0}
{"_e":"metro:bundling:progress","_t":1790609240695,"id":"1","progress":0.9529478458049886,"total":1268,"current":1210}
{"_e":"metro:bundling:progress","_t":1790609240695,"id":"2","progress":0.502032776950077,"total":597,"current":423}
{"_e":"metro:bundling:progress","_t":1790609240695,"id":"3","progress":0,"total":1,"current":0}
{"_e":"metro:bundling:progress","_t":1790609240815,"id":"1","progress":0.9529478458049886,"total":1319,"current":1213}
{"_e":"metro:bundling:progress","_t":1790609240815,"id":"2","progress":0.502032776950077,"total":597,"current":423}
{"_e":"metro:bundling:progress","_t":1790609240815,"id":"3","progress":0,"total":1,"current":0}
{"_e":"metro:bundling:progress","_t":1790609240911,"id":"1","progress":0.9529478458049886,"total":1319,"current":1213}
{"_e":"metro:bundling:progress","_t":1790609240911,"id":"2","progress":0.5050978176977886,"total":598,"current":425}
{"_e":"metro:bundling:progress","_t":1790609240911,"id":"3","progress":0,"total":1,"current":0}
{"_e":"metro:bundling:progress","_t":1790609241073,"id":"1","progress":0.9529478458049886,"total":1319,"current":1213}
{"_e":"metro:bundling:progress","_t":1790609241073,"id":"2","progress":0.5122537779219472,"total":598,"current":428}
{"_e":"metro:bundling:progress","_t":1790609241073,"id":"3","progress":0,"total":1,"current":0}
{"_e":"metro:bundling:progress","_t":1790609241237,"id":"1","progress":0.9529478458049886,"total":1319,"current":1213}
{"_e":"metro:bundling:progress","_t":1790609241237,"id":"2","progress":0.5170523819644075,"total":598,"current":430}
{"_e":"metro:bundling:progress","_t":1790609241237,"id":"3","progress":0,"total":1,"current":0}
{"_e":"metro:bundling:progress","_t":1790609241289,"id":"1","progress":0.9529478458049886,"total":1319,"current":1213}
{"_e":"metro:bundling:progress","_t":1790609241289,"id":"2","progress":0.5194600731535441,"total":598,"current":431}
{"_e":"metro:bundling:progress","_t":1790609241289,"id":"3","progress":0,"total":1,"current":0}
{"_e":"metro:bundling:progress","_t":1790609241390,"id":"1","progress":0.9529478458049886,"total":1319,"current":1213}
{"_e":"metro:bundling:progress","_t":1790609241390,"id":"2","progress":0.52429223386763,"total":598,"current":433}
{"_e":"metro:bundling:progress","_t":1790609241390,"id":"3","progress":0,"total":1,"current":0}
{"_e":"metro:bundling:progress","_t":1790609241505,"id":"1","progress":0.9529478458049886,"total":1319,"current":1213}
{"_e":"metro:bundling:progress","_t":1790609241505,"id":"2","progress":0.5267167033925795,"total":598,"current":434}
{"_e":"metro:bundling:progress","_t":1790609241505,"id":"3","progress":0,"total":1,"current":0}
{"_e":"metro:bundling:progress","_t":1790609241607,"id":"1","progress":0.9529478458049886,"total":1319,"current":1213}
{"_e":"metro:bundling:progress","_t":1790609241607,"id":"2","progress":0.5298090027619766,"total":599,"current":436}
{"_e":"metro:bundling:progress","_t":1790609241607,"id":"3","progress":0,"total":1,"current":0}
{"_e":"metro:bundling:progress","_t":1790609241709,"id":"1","progress":0.9529478458049886,"total":1319,"current":1213}
{"_e":"metro:bundling:progress","_t":1790609241709,"id":"2","progress":0.5298090027619766,"total":602,"current":438}
{"_e":"metro:bundling:progress","_t":1790609241709,"id":"3","progress":0,"total":1,"current":0}
{"_e":"metro:bundling:progress","_t":1790609241809,"id":"1","progress":0.9529478458049886,"total":1323,"current":1224}
{"_e":"metro:bundling:progress","_t":1790609241810,"id":"2","progress":0.5298090027619766,"total":602,"current":438}
{"_e":"metro:bundling:progress","_t":1790609241810,"id":"3","progress":0,"total":1,"current":0}
{"_e":"metro:bundling:progress","_t":1790609241909,"id":"1","progress":0.9529478458049886,"total":1323,"current":1228}
{"_e":"metro:bundling:progress","_t":1790609241909,"id":"2","progress":0.5298090027619766,"total":602,"current":438}
{"_e":"metro:bundling:progress","_t":1790609241909,"id":"3","progress":0,"total":1,"current":0}
{"_e":"metro:bundling:progress","_t":1790609242026,"id":"1","progress":0.9529478458049886,"total":1324,"current":1231}
{"_e":"metro:bundling:progress","_t":1790609242026,"id":"2","progress":0.5298090027619766,"total":602,"current":438}
{"_e":"metro:bundling:progress","_t":1790609242026,"id":"3","progress":0,"total":1,"current":0}
{"_e":"metro:bundling:progress","_t":1790609242140,"id":"1","progress":0.9529478458049886,"total":1327,"current":1235}
{"_e":"metro:bundling:progress","_t":1790609242140,"id":"2","progress":0.5298090027619766,"total":602,"current":438}
{"_e":"metro:bundling:progress","_t":1790609242140,"id":"3","progress":0,"total":1,"current":0}
{"_e":"metro:bundling:progress","_t":1790609242246,"id":"1","progress":0.9529478458049886,"total":1327,"current":1239}
{"_e":"metro:bundling:progress","_t":1790609242247,"id":"2","progress":0.5298090027619766,"total":602,"current":438}
{"_e":"metro:bundling:progress","_t":1790609242247,"id":"3","progress":0,"total":1,"current":0}
{"_e":"metro:bundling:progress","_t":1790609242352,"id":"1","progress":0.9529478458049886,"total":1327,"current":1242}
{"_e":"metro:bundling:progress","_t":1790609242352,"id":"2","progress":0.5298090027619766,"total":602,"current":438}
{"_e":"metro:bundling:progress","_t":1790609242352,"id":"3","progress":0,"total":1,"current":0}
{"_e":"metro:bundling:progress","_t":1790609242455,"id":"1","progress":0.9529478458049886,"total":1327,"current":1245}
{"_e":"metro:bundling:progress","_t":1790609242455,"id":"2","progress":0.5298090027619766,"total":602,"current":438}
{"_e":"metro:bundling:progress","_t":1790609242455,"id":"3","progress":0,"total":1,"current":0}
{"_e":"metro:bundling:progress","_t":1790609242558,"id":"1","progress":0.9529478458049886,"total":1327,"current":1245}
{"_e":"metro:bundling:progress","_t":1790609242558,"id":"2","progress":0.5342104391783755,"total":602,"current":440}
{"_e":"metro:bundling:progress","_t":1790609242558,"id":"3","progress":0,"total":1,"current":0}
{"_e":"metro:bundling:progress","_t":1790609242661,"id":"1","progress":0.9529478458049886,"total":1329,"current":1250}
{"_e":"metro:bundling:progress","_t":1790609242661,"id":"2","progress":0.5342104391783755,"total":602,"current":440}
{"_e":"metro:bundling:progress","_t":1790609242661,"id":"3","progress":0,"total":1,"current":0}
{"_e":"metro:bundling:progress","_t":1790609242763,"id":"1","progress":0.9529478458049886,"total":1331,"current":1255}
{"_e":"metro:bundling:progress","_t":1790609242763,"id":"2","progress":0.5342104391783755,"total":602,"current":440}
{"_e":"metro:bundling:progress","_t":1790609242763,"id":"3","progress":0,"total":1,"current":0}
{"_e":"metro:bundling:progress","_t":1790609242872,"id":"1","progress":0.9529478458049886,"total":1336,"current":1259}
{"_e":"metro:bundling:progress","_t":1790609242872,"id":"2","progress":0.5342104391783755,"total":602,"current":440}
{"_e":"metro:bundling:progress","_t":1790609242872,"id":"3","progress":0,"total":1,"current":0}
{"_e":"metro:bundling:progress","_t":1790609242979,"id":"1","progress":0.9529478458049886,"total":1336,"current":1259}
{"_e":"metro:bundling:progress","_t":1790609242980,"id":"2","progress":0.5372914311801963,"total":603,"current":442}
{"_e":"metro:bundling:progress","_t":1790609242980,"id":"3","progress":0,"total":1,"current":0}
{"_e":"metro:bundling:progress","_t":1790609243090,"id":"1","progress":0.9529478458049886,"total":1336,"current":1259}
{"_e":"metro:bundling:progress","_t":1790609243090,"id":"2","progress":0.5374556587207456,"total":607,"current":445}
{"_e":"metro:bundling:progress","_t":1790609243090,"id":"3","progress":0,"total":1,"current":0}
{"_e":"metro:bundling:progress","_t":1790609243192,"id":"1","progress":0.9529478458049886,"total":1336,"current":1259}
{"_e":"metro:bundling:progress","_t":1790609243192,"id":"2","progress":0.5374556587207456,"total":613,"current":449}
{"_e":"metro:bundling:progress","_t":1790609243192,"id":"3","progress":0,"total":1,"current":0}
{"_e":"metro:bundling:progress","_t":1790609243308,"id":"1","progress":0.9529478458049886,"total":1336,"current":1259}
{"_e":"metro:bundling:progress","_t":1790609243308,"id":"2","progress":0.5374556587207456,"total":618,"current":453}
{"_e":"metro:bundling:progress","_t":1790609243308,"id":"3","progress":0,"total":1,"current":0}
{"_e":"metro:bundling:progress","_t":1790609243462,"id":"1","progress":0.9529478458049886,"total":1336,"current":1259}
{"_e":"metro:bundling:progress","_t":1790609243462,"id":"2","progress":0.5379357502459802,"total":619,"current":454}
{"_e":"metro:bundling:progress","_t":1790609243462,"id":"3","progress":0,"total":1,"current":0}
{"_e":"metro:bundling:progress","_t":1790609243506,"id":"1","progress":0.9529478458049886,"total":1336,"current":1259}
{"_e":"metro:bundling:progress","_t":1790609243507,"id":"2","progress":0.5403081211292381,"total":619,"current":455}
{"_e":"metro:bundling:progress","_t":1790609243507,"id":"3","progress":0,"total":1,"current":0}
{"_e":"metro:bundling:progress","_t":1790609243606,"id":"1","progress":0.9529478458049886,"total":1336,"current":1259}
{"_e":"metro:bundling:progress","_t":1790609243606,"id":"2","progress":0.5421883561997911,"total":622,"current":458}
{"_e":"metro:bundling:progress","_t":1790609243606,"id":"3","progress":0,"total":1,"current":0}
{"_e":"metro:bundling:progress","_t":1790609243712,"id":"1","progress":0.9529478458049886,"total":1336,"current":1259}
{"_e":"metro:bundling:progress","_t":1790609243713,"id":"2","progress":0.5570957078703215,"total":623,"current":465}
{"_e":"metro:bundling:progress","_t":1790609243713,"id":"3","progress":0,"total":1,"current":0}
{"_e":"metro:bundling:progress","_t":1790609243815,"id":"1","progress":0.9529478458049886,"total":1336,"current":1259}
{"_e":"metro:bundling:progress","_t":1790609243815,"id":"2","progress":0.564307227751598,"total":623,"current":468}
{"_e":"metro:bundling:progress","_t":1790609243815,"id":"3","progress":0,"total":1,"current":0}
{"_e":"metro:bundling:progress","_t":1790609243915,"id":"1","progress":0.9529478458049886,"total":1336,"current":1259}
{"_e":"metro:bundling:progress","_t":1790609243915,"id":"2","progress":0.5764294860729294,"total":623,"current":473}
{"_e":"metro:bundling:progress","_t":1790609243915,"id":"3","progress":0,"total":1,"current":0}
{"_e":"metro:bundling:progress","_t":1790609244024,"id":"1","progress":0.9529478458049886,"total":1336,"current":1259}
{"_e":"metro:bundling:progress","_t":1790609244024,"id":"2","progress":0.5806147863099551,"total":626,"current":477}
{"_e":"metro:bundling:progress","_t":1790609244024,"id":"3","progress":0,"total":1,"current":0}
{"_e":"metro:bundling:progress","_t":1790609244305,"id":"1","progress":0.9529478458049886,"total":1336,"current":1259}
{"_e":"metro:bundling:progress","_t":1790609244305,"id":"2","progress":0.5854938807173697,"total":626,"current":479}
{"_e":"metro:bundling:progress","_t":1790609244305,"id":"3","progress":0,"total":1,"current":0}
{"_e":"metro:bundling:progress","_t":1790609244414,"id":"1","progress":0.9529478458049886,"total":1336,"current":1259}
{"_e":"metro:bundling:progress","_t":1790609244414,"id":"2","progress":0.5951020408163266,"total":630,"current":486}
{"_e":"metro:bundling:progress","_t":1790609244415,"id":"3","progress":0,"total":1,"current":0}
{"_e":"metro:bundling:progress","_t":1790609244527,"id":"1","progress":0.9529478458049886,"total":1336,"current":1259}
{"_e":"metro:bundling:progress","_t":1790609244537,"id":"2","progress":0.5997696265262864,"total":634,"current":491}
{"_e":"metro:bundling:progress","_t":1790609244537,"id":"3","progress":0,"total":1,"current":0}
{"_e":"metro:bundling:progress","_t":1790609244627,"id":"1","progress":0.9529478458049886,"total":1336,"current":1259}
{"_e":"metro:bundling:progress","_t":1790609244642,"id":"2","progress":0.6166434095576891,"total":638,"current":501}
{"_e":"metro:bundling:progress","_t":1790609244642,"id":"3","progress":0,"total":1,"current":0}
{"_e":"metro:bundling:progress","_t":1790609244739,"id":"1","progress":0.9529478458049886,"total":1336,"current":1259}
{"_e":"metro:bundling:progress","_t":1790609244739,"id":"2","progress":0.6320125587466724,"total":639,"current":508}
{"_e":"metro:bundling:progress","_t":1790609244739,"id":"3","progress":0,"total":1,"current":0}
{"_e":"metro:bundling:progress","_t":1790609244839,"id":"1","progress":0.9529478458049886,"total":1336,"current":1259}
{"_e":"metro:bundling:progress","_t":1790609244839,"id":"2","progress":0.6320125587466724,"total":651,"current":514}
{"_e":"metro:bundling:progress","_t":1790609244839,"id":"3","progress":0,"total":1,"current":0}
{"_e":"metro:bundling:progress","_t":1790609244963,"id":"1","progress":0.9529478458049886,"total":1336,"current":1259}
{"_e":"metro:bundling:progress","_t":1790609244963,"id":"2","progress":0.6320125587466724,"total":659,"current":521}
{"_e":"metro:bundling:progress","_t":1790609244963,"id":"3","progress":0,"total":1,"current":0}
{"_e":"metro:bundling:progress","_t":1790609245066,"id":"1","progress":0.9529478458049886,"total":1337,"current":1266}
{"_e":"metro:bundling:progress","_t":1790609245066,"id":"2","progress":0.6320125587466724,"total":659,"current":521}
{"_e":"metro:bundling:progress","_t":1790609245066,"id":"3","progress":0,"total":1,"current":0}
{"_e":"metro:bundling:progress","_t":1790609245168,"id":"1","progress":0.9529478458049886,"total":1337,"current":1266}
{"_e":"metro:bundling:progress","_t":1790609245168,"id":"2","progress":0.6502067879548019,"total":661,"current":533}
{"_e":"metro:bundling:progress","_t":1790609245168,"id":"3","progress":0,"total":1,"current":0}
{"_e":"metro:bundling:progress","_t":1790609245269,"id":"1","progress":0.9529478458049886,"total":1337,"current":1266}
{"_e":"metro:bundling:progress","_t":1790609245269,"id":"2","progress":0.6502067879548019,"total":666,"current":537}
{"_e":"metro:bundling:progress","_t":1790609245269,"id":"3","progress":0,"total":1,"current":0}
{"_e":"metro:bundling:progress","_t":1790609245374,"id":"1","progress":0.9529478458049886,"total":1337,"current":1266}
{"_e":"metro:bundling:progress","_t":1790609245374,"id":"2","progress":0.6578742113201269,"total":667,"current":541}
{"_e":"metro:bundling:progress","_t":1790609245374,"id":"3","progress":0,"total":1,"current":0}
{"_e":"metro:bundling:progress","_t":1790609245505,"id":"1","progress":0.9529478458049886,"total":1337,"current":1266}
{"_e":"metro:bundling:progress","_t":1790609245505,"id":"2","progress":0.6685323341399273,"total":669,"current":547}
{"_e":"metro:bundling:progress","_t":1790609245505,"id":"3","progress":0,"total":1,"current":0}
{"_e":"metro:bundling:progress","_t":1790609245606,"id":"1","progress":0.9529478458049886,"total":1337,"current":1266}
{"_e":"metro:bundling:progress","_t":1790609245606,"id":"2","progress":0.6907125509148474,"total":669,"current":556}
{"_e":"metro:bundling:progress","_t":1790609245606,"id":"3","progress":0,"total":1,"current":0}
{"_e":"metro:bundling:progress","_t":1790609245707,"id":"1","progress":0.9529478458049886,"total":1337,"current":1266}
{"_e":"metro:bundling:progress","_t":1790609245707,"id":"2","progress":0.6990056436441817,"total":671,"current":561}
{"_e":"metro:bundling:progress","_t":1790609245707,"id":"3","progress":0,"total":1,"current":0}
{"_e":"metro:bundling:progress","_t":1790609245810,"id":"1","progress":0.9529478458049886,"total":1337,"current":1266}
{"_e":"metro:bundling:progress","_t":1790609245814,"id":"2","progress":0.7094051162131519,"total":672,"current":566}
{"_e":"metro:bundling:progress","_t":1790609245814,"id":"3","progress":0,"total":1,"current":0}
{"_e":"metro:bundling:progress","_t":1790609245911,"id":"1","progress":0.9529478458049886,"total":1337,"current":1266}
{"_e":"metro:bundling:progress","_t":1790609245926,"id":"2","progress":0.7346938775510203,"total":672,"current":576}
{"_e":"metro:bundling:progress","_t":1790609245926,"id":"3","progress":0,"total":1,"current":0}
{"_e":"metro:bundling:progress","_t":1790609246017,"id":"1","progress":0.9529478458049886,"total":1337,"current":1266}
{"_e":"metro:bundling:progress","_t":1790609246018,"id":"2","progress":0.7346938775510203,"total":682,"current":578}
{"_e":"metro:bundling:progress","_t":1790609246018,"id":"3","progress":0,"total":1,"current":0}
{"_e":"metro:bundling:progress","_t":1790609246128,"id":"1","progress":0.9529478458049886,"total":1337,"current":1266}
{"_e":"metro:bundling:progress","_t":1790609246128,"id":"2","progress":0.7346938775510203,"total":682,"current":581}
{"_e":"metro:bundling:progress","_t":1790609246128,"id":"3","progress":0,"total":1,"current":0}
{"_e":"metro:bundling:progress","_t":1790609246241,"id":"1","progress":0.9529478458049886,"total":1337,"current":1266}
{"_e":"metro:bundling:progress","_t":1790609246241,"id":"2","progress":0.7361288261888276,"total":683,"current":586}
{"_e":"metro:bundling:progress","_t":1790609246242,"id":"3","progress":0,"total":1,"current":0}
{"_e":"metro:bundling:progress","_t":1790609246342,"id":"1","progress":0.9529478458049886,"total":1338,"current":1273}
{"_e":"metro:bundling:progress","_t":1790609246342,"id":"2","progress":0.7361288261888276,"total":683,"current":586}
{"_e":"metro:bundling:progress","_t":1790609246342,"id":"3","progress":0,"total":1,"current":0}
{"_e":"metro:bundling:progress","_t":1790609246451,"id":"1","progress":0.9529478458049886,"total":1339,"current":1277}
{"_e":"metro:bundling:progress","_t":1790609246451,"id":"2","progress":0.7361288261888276,"total":683,"current":586}
{"_e":"metro:bundling:progress","_t":1790609246451,"id":"3","progress":0,"total":1,"current":0}
{"_e":"metro:bundling:progress","_t":1790609246554,"id":"1","progress":0.9529478458049886,"total":1341,"current":1281}
{"_e":"metro:bundling:progress","_t":1790609246554,"id":"2","progress":0.7361288261888276,"total":683,"current":586}
{"_e":"metro:bundling:progress","_t":1790609246554,"id":"3","progress":0,"total":1,"current":0}
{"_e":"metro:bundling:progress","_t":1790609246675,"id":"1","progress":0.9529478458049886,"total":1344,"current":1286}
{"_e":"metro:bundling:progress","_t":1790609246675,"id":"2","progress":0.7361288261888276,"total":683,"current":586}
{"_e":"metro:bundling:progress","_t":1790609246675,"id":"3","progress":0,"total":1,"current":0}
{"_e":"metro:bundling:progress","_t":1790609246790,"id":"1","progress":0.9529478458049886,"total":1348,"current":1294}
{"_e":"metro:bundling:progress","_t":1790609246790,"id":"2","progress":0.7361288261888276,"total":683,"current":586}
{"_e":"metro:bundling:progress","_t":1790609246790,"id":"3","progress":0,"total":1,"current":0}
{"_e":"metro:bundling:progress","_t":1790609246906,"id":"1","progress":0.9529478458049886,"total":1348,"current":1300}
{"_e":"metro:bundling:progress","_t":1790609246909,"id":"2","progress":0.7361288261888276,"total":683,"current":586}
{"_e":"metro:bundling:progress","_t":1790609246909,"id":"3","progress":0,"total":1,"current":0}
{"_e":"metro:bundling:progress","_t":1790609247008,"id":"1","progress":0.9529478458049886,"total":1348,"current":1308}
{"_e":"metro:bundling:progress","_t":1790609247008,"id":"2","progress":0.7361288261888276,"total":683,"current":586}
{"_e":"metro:bundling:progress","_t":1790609247008,"id":"3","progress":0,"total":1,"current":0}
{"_e":"metro:bundling:progress","_t":1790609247111,"id":"1","progress":0.9529478458049886,"total":1349,"current":1313}
{"_e":"metro:bundling:progress","_t":1790609247121,"id":"2","progress":0.7361288261888276,"total":683,"current":586}
{"_e":"metro:bundling:progress","_t":1790609247121,"id":"3","progress":0,"total":1,"current":0}
{"_e":"metro:bundling:progress","_t":1790609247216,"id":"1","progress":0.9529478458049886,"total":1354,"current":1319}
{"_e":"metro:bundling:progress","_t":1790609247216,"id":"2","progress":0.7361288261888276,"total":683,"current":586}
{"_e":"metro:bundling:progress","_t":1790609247216,"id":"3","progress":0,"total":1,"current":0}
{"_e":"metro:bundling:progress","_t":1790609247352,"id":"1","progress":0.9529478458049886,"total":1354,"current":1319}
{"_e":"metro:bundling:progress","_t":1790609247352,"id":"2","progress":0.7624395447475117,"total":686,"current":599}
{"_e":"metro:bundling:progress","_t":1790609247352,"id":"3","progress":0,"total":1,"current":0}
{"_e":"metro:bundling:progress","_t":1790609247452,"id":"1","progress":0.9529478458049886,"total":1354,"current":1319}
{"_e":"metro:bundling:progress","_t":1790609247452,"id":"2","progress":0.7653066197144304,"total":687,"current":601}
{"_e":"metro:bundling:progress","_t":1790609247452,"id":"3","progress":0,"total":1,"current":0}
{"_e":"metro:bundling:progress","_t":1790609247567,"id":"1","progress":0.9534271355475976,"total":1358,"current":1326}
{"_e":"metro:bundling:progress","_t":1790609247577,"id":"2","progress":0.7653066197144304,"total":687,"current":601}
{"_e":"metro:bundling:progress","_t":1790609247578,"id":"3","progress":0,"total":1,"current":0}
{"_e":"metro:bundling:progress","_t":1790609247668,"id":"1","progress":0.9550293927824182,"total":1363,"current":1332}
{"_e":"metro:bundling:progress","_t":1790609247668,"id":"2","progress":0.7653066197144304,"total":687,"current":601}
{"_e":"metro:bundling:progress","_t":1790609247668,"id":"3","progress":0,"total":1,"current":0}
{"_e":"metro:bundling:progress","_t":1790609247768,"id":"1","progress":0.9550293927824182,"total":1363,"current":1332}
{"_e":"metro:bundling:progress","_t":1790609247768,"id":"2","progress":0.7653066197144304,"total":691,"current":603}
{"_e":"metro:bundling:progress","_t":1790609247768,"id":"3","progress":0,"total":1,"current":0}
{"_e":"metro:bundling:progress","_t":1790609247872,"id":"1","progress":0.9550293927824182,"total":1363,"current":1332}
{"_e":"metro:bundling:progress","_t":1790609247872,"id":"2","progress":0.7681414321574844,"total":696,"current":610}
{"_e":"metro:bundling:progress","_t":1790609247872,"id":"3","progress":0,"total":1,"current":0}
{"_e":"metro:bundling:progress","_t":1790609247987,"id":"1","progress":0.9550293927824182,"total":1363,"current":1332}
{"_e":"metro:bundling:progress","_t":1790609248001,"id":"2","progress":0.7800261361514924,"total":702,"current":620}
{"_e":"metro:bundling:progress","_t":1790609248001,"id":"3","progress":0,"total":1,"current":0}
{"_e":"metro:bundling:progress","_t":1790609248099,"id":"1","progress":0.9550293927824182,"total":1363,"current":1332}
{"_e":"metro:bundling:progress","_t":1790609248099,"id":"2","progress":0.7929357822297854,"total":703,"current":626}
{"_e":"metro:bundling:progress","_t":1790609248099,"id":"3","progress":0,"total":1,"current":0}
{"_e":"metro:bundling:progress","_t":1790609248199,"id":"1","progress":0.9550293927824182,"total":1363,"current":1332}
{"_e":"metro:bundling:progress","_t":1790609248199,"id":"2","progress":0.8089804909757721,"total":706,"current":635}
{"_e":"metro:bundling:progress","_t":1790609248199,"id":"3","progress":0,"total":1,"current":0}
{"_e":"metro:bundling:progress","_t":1790609248305,"id":"1","progress":0.9550293927824182,"total":1363,"current":1332}
{"_e":"metro:bundling:progress","_t":1790609248305,"id":"2","progress":0.816888700387517,"total":707,"current":639}
{"_e":"metro:bundling:progress","_t":1790609248306,"id":"3","progress":0,"total":1,"current":0}
{"_e":"metro:bundling:progress","_t":1790609248413,"id":"1","progress":0.9550293927824182,"total":1363,"current":1332}
{"_e":"metro:bundling:progress","_t":1790609248414,"id":"2","progress":0.8329775838127356,"total":710,"current":648}
{"_e":"metro:bundling:progress","_t":1790609248414,"id":"3","progress":0,"total":1,"current":0}
{"_e":"metro:bundling:progress","_t":1790609248521,"id":"1","progress":0.9550293927824182,"total":1363,"current":1332}
{"_e":"metro:bundling:progress","_t":1790609248521,"id":"2","progress":0.8329775838127356,"total":723,"current":654}
{"_e":"metro:bundling:progress","_t":1790609248521,"id":"3","progress":0,"total":1,"current":0}
{"_e":"metro:bundling:progress","_t":1790609248633,"id":"1","progress":0.9550293927824182,"total":1363,"current":1332}
{"_e":"metro:bundling:progress","_t":1790609248644,"id":"2","progress":0.8358461076389486,"total":723,"current":661}
{"_e":"metro:bundling:progress","_t":1790609248644,"id":"3","progress":0,"total":1,"current":0}
{"_e":"metro:bundling:progress","_t":1790609248786,"id":"1","progress":0.9550293927824182,"total":1363,"current":1332}
{"_e":"metro:bundling:progress","_t":1790609248787,"id":"2","progress":0.8364941678239951,"total":726,"current":664}
{"_e":"metro:bundling:progress","_t":1790609248787,"id":"3","progress":0,"total":1,"current":0}
{"_e":"metro:bundling:progress","_t":1790609248886,"id":"1","progress":0.9550293927824182,"total":1363,"current":1332}
{"_e":"metro:bundling:progress","_t":1790609248886,"id":"2","progress":0.8364941678239951,"total":730,"current":667}
{"_e":"metro:bundling:progress","_t":1790609248886,"id":"3","progress":0,"total":1,"current":0}
{"_e":"metro:bundling:progress","_t":1790609249002,"id":"1","progress":0.9550293927824182,"total":1363,"current":1332}
{"_e":"metro:bundling:progress","_t":1790609249002,"id":"2","progress":0.8480073107768817,"total":733,"current":675}
{"_e":"metro:bundling:progress","_t":1790609249002,"id":"3","progress":0,"total":1,"current":0}
{"_e":"metro:bundling:progress","_t":1790609249104,"id":"1","progress":0.9550293927824182,"total":1363,"current":1332}
{"_e":"metro:bundling:progress","_t":1790609249105,"id":"2","progress":0.8586439626654063,"total":736,"current":682}
{"_e":"metro:bundling:progress","_t":1790609249105,"id":"3","progress":0,"total":1,"current":0}
{"_e":"metro:bundling:progress","_t":1790609249205,"id":"1","progress":0.9652200677131424,"total":1368,"current":1344}
{"_e":"metro:bundling:progress","_t":1790609249205,"id":"2","progress":0.8586439626654063,"total":736,"current":682}
{"_e":"metro:bundling:progress","_t":1790609249205,"id":"3","progress":0,"total":1,"current":0}
{"_e":"metro:bundling:progress","_t":1790609249317,"id":"1","progress":0.9681871499120265,"total":1372,"current":1350}
{"_e":"metro:bundling:progress","_t":1790609249317,"id":"2","progress":0.8586439626654063,"total":736,"current":682}
{"_e":"metro:bundling:progress","_t":1790609249317,"id":"3","progress":0,"total":1,"current":0}
{"_e":"metro:bundling:progress","_t":1790609249424,"id":"1","progress":0.9681871499120265,"total":1372,"current":1350}
{"_e":"metro:bundling:progress","_t":1790609249424,"id":"2","progress":0.8617064716427312,"total":739,"current":686}
{"_e":"metro:bundling:progress","_t":1790609249424,"id":"3","progress":0,"total":1,"current":0}
{"_e":"metro:bundling:progress","_t":1790609249524,"id":"1","progress":0.9681871499120265,"total":1372,"current":1350}
{"_e":"metro:bundling:progress","_t":1790609249524,"id":"2","progress":0.8617064716427312,"total":750,"current":691}
{"_e":"metro:bundling:progress","_t":1790609249524,"id":"3","progress":0,"total":1,"current":0}
{"_e":"metro:bundling:progress","_t":1790609249636,"id":"1","progress":0.9711206611570248,"total":1375,"current":1355}
{"_e":"metro:bundling:progress","_t":1790609249638,"id":"2","progress":0.8617064716427312,"total":750,"current":691}
{"_e":"metro:bundling:progress","_t":1790609249638,"id":"3","progress":0,"total":1,"current":0}
{"_e":"metro:bundling:progress","_t":1790609249740,"id":"1","progress":0.9711206611570248,"total":1379,"current":1358}
{"_e":"metro:bundling:progress","_t":1790609249740,"id":"2","progress":0.8617064716427312,"total":750,"current":691}
{"_e":"metro:bundling:progress","_t":1790609249740,"id":"3","progress":0,"total":1,"current":0}
{"_e":"metro:bundling:progress","_t":1790609249862,"id":"1","progress":0.9711206611570248,"total":1384,"current":1361}
{"_e":"metro:bundling:progress","_t":1790609249862,"id":"2","progress":0.8617064716427312,"total":750,"current":691}
{"_e":"metro:bundling:progress","_t":1790609249862,"id":"3","progress":0,"total":1,"current":0}
{"_e":"metro:bundling:progress","_t":1790609249963,"id":"1","progress":0.9727513717108265,"total":1385,"current":1366}
{"_e":"metro:bundling:progress","_t":1790609249963,"id":"2","progress":0.8617064716427312,"total":750,"current":691}
{"_e":"metro:bundling:progress","_t":1790609249963,"id":"3","progress":0,"total":1,"current":0}
{"_e":"metro:bundling:progress","_t":1790609250063,"id":"1","progress":0.9727513717108265,"total":1385,"current":1366}
{"_e":"metro:bundling:progress","_t":1790609250063,"id":"2","progress":0.8617064716427312,"total":752,"current":694}
{"_e":"metro:bundling:progress","_t":1790609250063,"id":"3","progress":0,"total":1,"current":0}
{"_e":"metro:bundling:progress","_t":1790609250173,"id":"1","progress":0.9727513717108265,"total":1385,"current":1366}
{"_e":"metro:bundling:progress","_t":1790609250173,"id":"2","progress":0.8617064716427312,"total":760,"current":697}
{"_e":"metro:bundling:progress","_t":1790609250173,"id":"3","progress":0,"total":1,"current":0}
{"_e":"metro:bundling:progress","_t":1790609250283,"id":"1","progress":0.9727513717108265,"total":1385,"current":1366}
{"_e":"metro:bundling:progress","_t":1790609250296,"id":"2","progress":0.8617064716427312,"total":762,"current":699}
{"_e":"metro:bundling:progress","_t":1790609250296,"id":"3","progress":0,"total":1,"current":0}
{"_e":"metro:bundling:progress","_t":1790609250383,"id":"1","progress":0.9727513717108265,"total":1385,"current":1366}
{"_e":"metro:bundling:progress","_t":1790609250383,"id":"2","progress":0.8617064716427312,"total":766,"current":708}
{"_e":"metro:bundling:progress","_t":1790609250383,"id":"3","progress":0,"total":1,"current":0}
{"_e":"metro:bundling:progress","_t":1790609250487,"id":"1","progress":0.9727513717108265,"total":1385,"current":1366}
{"_e":"metro:bundling:progress","_t":1790609250487,"id":"2","progress":0.861726124404842,"total":767,"current":712}
{"_e":"metro:bundling:progress","_t":1790609250487,"id":"3","progress":0,"total":1,"current":0}
{"_e":"metro:bundling:progress","_t":1790609250594,"id":"1","progress":0.9727513717108265,"total":1385,"current":1366}
{"_e":"metro:bundling:progress","_t":1790609250594,"id":"2","progress":0.8740302191840279,"total":768,"current":718}
{"_e":"metro:bundling:progress","_t":1790609250594,"id":"3","progress":0,"total":1,"current":0}
{"_e":"metro:bundling:progress","_t":1790609250699,"id":"1","progress":0.9727513717108265,"total":1385,"current":1366}
{"_e":"metro:bundling:progress","_t":1790609250699,"id":"2","progress":0.8740302191840279,"total":780,"current":722}
{"_e":"metro:bundling:progress","_t":1790609250699,"id":"3","progress":0,"total":1,"current":0}
{"_e":"metro:bundling:progress","_t":1790609250801,"id":"1","progress":0.9727513717108265,"total":1385,"current":1366}
{"_e":"metro:bundling:progress","_t":1790609250801,"id":"2","progress":0.8740302191840279,"total":782,"current":724}
{"_e":"metro:bundling:progress","_t":1790609250801,"id":"3","progress":0,"total":1,"current":0}
{"_e":"metro:bundling:progress","_t":1790609250901,"id":"1","progress":0.9756543323173515,"total":1388,"current":1371}
{"_e":"metro:bundling:progress","_t":1790609250901,"id":"2","progress":0.8740302191840279,"total":782,"current":724}
{"_e":"metro:bundling:progress","_t":1790609250901,"id":"3","progress":0,"total":1,"current":0}
{"_e":"metro:bundling:progress","_t":1790609251001,"id":"1","progress":0.9756543323173515,"total":1388,"current":1371}
{"_e":"metro:bundling:progress","_t":1790609251002,"id":"2","progress":0.8740302191840279,"total":792,"current":732}
{"_e":"metro:bundling:progress","_t":1790609251002,"id":"3","progress":0,"total":1,"current":0}
{"_e":"metro:bundling:progress","_t":1790609251120,"id":"1","progress":0.9756543323173515,"total":1388,"current":1371}
{"_e":"metro:bundling:progress","_t":1790609251120,"id":"2","progress":0.8740302191840279,"total":805,"current":741}
{"_e":"metro:bundling:progress","_t":1790609251120,"id":"3","progress":0,"total":1,"current":0}
{"_e":"metro:bundling:progress","_t":1790609251252,"id":"1","progress":0.9756543323173515,"total":1404,"current":1374}
{"_e":"metro:bundling:progress","_t":1790609251252,"id":"2","progress":0.8740302191840279,"total":805,"current":741}
{"_e":"metro:bundling:progress","_t":1790609251252,"id":"3","progress":0,"total":1,"current":0}
{"_e":"metro:bundling:progress","_t":1790609251364,"id":"1","progress":0.9756543323173515,"total":1404,"current":1374}
{"_e":"metro:bundling:progress","_t":1790609251364,"id":"2","progress":0.8740302191840279,"total":809,"current":745}
{"_e":"metro:bundling:progress","_t":1790609251364,"id":"3","progress":0,"total":1,"current":0}
{"_e":"metro:bundling:progress","_t":1790609251475,"id":"1","progress":0.9756543323173515,"total":1404,"current":1374}
{"_e":"metro:bundling:progress","_t":1790609251475,"id":"2","progress":0.8740302191840279,"total":819,"current":747}
{"_e":"metro:bundling:progress","_t":1790609251475,"id":"3","progress":0,"total":1,"current":0}
{"_e":"metro:bundling:progress","_t":1790609251578,"id":"1","progress":0.9756543323173515,"total":1404,"current":1374}
{"_e":"metro:bundling:progress","_t":1790609251578,"id":"2","progress":0.8740302191840279,"total":819,"current":749}
{"_e":"metro:bundling:progress","_t":1790609251578,"id":"3","progress":0,"total":1,"current":0}
{"_e":"metro:bundling:progress","_t":1790609251694,"id":"1","progress":0.9756543323173515,"total":1413,"current":1385}
{"_e":"metro:bundling:progress","_t":1790609251694,"id":"2","progress":0.8740302191840279,"total":819,"current":749}
{"_e":"metro:bundling:progress","_t":1790609251694,"id":"3","progress":0,"total":1,"current":0}
{"_e":"metro:bundling:progress","_t":1790609251796,"id":"1","progress":0.9756543323173515,"total":1414,"current":1387}
{"_e":"metro:bundling:progress","_t":1790609251796,"id":"2","progress":0.8740302191840279,"total":819,"current":749}
{"_e":"metro:bundling:progress","_t":1790609251796,"id":"3","progress":0,"total":1,"current":0}
{"_e":"metro:bundling:progress","_t":1790609251896,"id":"1","progress":0.9756543323173515,"total":1414,"current":1387}
{"_e":"metro:bundling:progress","_t":1790609251906,"id":"2","progress":0.8740302191840279,"total":824,"current":758}
{"_e":"metro:bundling:progress","_t":1790609251906,"id":"3","progress":0,"total":1,"current":0}
{"_e":"metro:bundling:progress","_t":1790609252003,"id":"1","progress":0.9756543323173515,"total":1414,"current":1387}
{"_e":"metro:bundling:progress","_t":1790609252004,"id":"2","progress":0.8740302191840279,"total":828,"current":767}
{"_e":"metro:bundling:progress","_t":1790609252004,"id":"3","progress":0,"total":1,"current":0}
{"_e":"metro:bundling:progress","_t":1790609252111,"id":"1","progress":0.9756543323173515,"total":1414,"current":1387}
{"_e":"metro:bundling:progress","_t":1790609252112,"id":"2","progress":0.8740302191840279,"total":829,"current":772}
{"_e":"metro:bundling:progress","_t":1790609252112,"id":"3","progress":0,"total":1,"current":0}
{"_e":"metro:bundling:progress","_t":1790609252217,"id":"1","progress":0.9756543323173515,"total":1414,"current":1387}
{"_e":"metro:bundling:progress","_t":1790609252217,"id":"2","progress":0.8744048169378699,"total":832,"current":778}
{"_e":"metro:bundling:progress","_t":1790609252217,"id":"3","progress":0,"total":1,"current":0}
{"_e":"metro:bundling:progress","_t":1790609252322,"id":"1","progress":0.9756543323173515,"total":1414,"current":1387}
{"_e":"metro:bundling:progress","_t":1790609252323,"id":"2","progress":0.8995407990154639,"total":834,"current":791}
{"_e":"metro:bundling:progress","_t":1790609252323,"id":"3","progress":0,"total":1,"current":0}
{"_e":"metro:bundling:progress","_t":1790609252435,"id":"1","progress":0.9756543323173515,"total":1414,"current":1387}
{"_e":"metro:bundling:progress","_t":1790609252437,"id":"2","progress":0.9022732839298021,"total":838,"current":796}
{"_e":"metro:bundling:progress","_t":1790609252438,"id":"3","progress":0,"total":1,"current":0}
{"_e":"metro:bundling:progress","_t":1790609252539,"id":"1","progress":0.9756543323173515,"total":1414,"current":1387}
{"_e":"metro:bundling:progress","_t":1790609252539,"id":"2","progress":0.9048737347673697,"total":841,"current":800}
{"_e":"metro:bundling:progress","_t":1790609252539,"id":"3","progress":0,"total":1,"current":0}
{"_e":"metro:bundling:progress","_t":1790609252639,"id":"1","progress":0.9756543323173515,"total":1414,"current":1387}
{"_e":"metro:bundling:progress","_t":1790609252639,"id":"2","progress":0.9141446762044273,"total":843,"current":806}
{"_e":"metro:bundling:progress","_t":1790609252640,"id":"3","progress":0,"total":1,"current":0}
{"_e":"metro:bundling:progress","_t":1790609252741,"id":"1","progress":0.9756543323173515,"total":1414,"current":1387}
{"_e":"metro:bundling:progress","_t":1790609252744,"id":"2","progress":0.9141446762044273,"total":852,"current":812}
{"_e":"metro:bundling:progress","_t":1790609252744,"id":"3","progress":0,"total":1,"current":0}
{"_e":"metro:bundling:progress","_t":1790609252843,"id":"1","progress":0.9756543323173515,"total":1414,"current":1387}
{"_e":"metro:bundling:progress","_t":1790609252846,"id":"2","progress":0.9173732045645394,"total":853,"current":817}
{"_e":"metro:bundling:progress","_t":1790609252846,"id":"3","progress":0,"total":1,"current":0}
{"_e":"metro:bundling:progress","_t":1790609252956,"id":"1","progress":0.9756543323173515,"total":1415,"current":1396}
{"_e":"metro:bundling:progress","_t":1790609252956,"id":"2","progress":0.9173732045645394,"total":853,"current":817}
{"_e":"metro:bundling:progress","_t":1790609252956,"id":"3","progress":0,"total":1,"current":0}
{"_e":"metro:bundling:progress","_t":1790609253066,"id":"1","progress":0.9756543323173515,"total":1416,"current":1398}
{"_e":"metro:bundling:progress","_t":1790609253066,"id":"2","progress":0.9173732045645394,"total":853,"current":817}
{"_e":"metro:bundling:progress","_t":1790609253066,"id":"3","progress":0,"total":1,"current":0}
{"_e":"metro:bundling:progress","_t":1790609253182,"id":"1","progress":0.9756543323173515,"total":1431,"current":1399}
{"_e":"metro:bundling:progress","_t":1790609253183,"id":"2","progress":0.9173732045645394,"total":853,"current":817}
{"_e":"metro:bundling:progress","_t":1790609253183,"id":"3","progress":0,"total":1,"current":0}
{"_e":"metro:bundling:progress","_t":1790609253381,"id":"1","progress":0.9756543323173515,"total":1431,"current":1400}
{"_e":"metro:bundling:progress","_t":1790609253381,"id":"2","progress":0.9173732045645394,"total":853,"current":817}
{"_e":"metro:bundling:progress","_t":1790609253381,"id":"3","progress":0,"total":1,"current":0}
{"_e":"metro:bundling:progress","_t":1790609253526,"id":"1","progress":0.9756543323173515,"total":1431,"current":1402}
{"_e":"metro:bundling:progress","_t":1790609253526,"id":"2","progress":0.9173732045645394,"total":853,"current":817}
{"_e":"metro:bundling:progress","_t":1790609253526,"id":"3","progress":0,"total":1,"current":0}
{"_e":"metro:bundling:progress","_t":1790609253629,"id":"1","progress":0.9756543323173515,"total":1434,"current":1403}
{"_e":"metro:bundling:progress","_t":1790609253629,"id":"2","progress":0.9173732045645394,"total":853,"current":817}
{"_e":"metro:bundling:progress","_t":1790609253629,"id":"3","progress":0,"total":1,"current":0}
{"_e":"metro:bundling:progress","_t":1790609253733,"id":"1","progress":0.9756543323173515,"total":1436,"current":1408}
{"_e":"metro:bundling:progress","_t":1790609253733,"id":"2","progress":0.9173732045645394,"total":853,"current":817}
{"_e":"metro:bundling:progress","_t":1790609253733,"id":"3","progress":0,"total":1,"current":0}
{"_e":"metro:bundling:progress","_t":1790609253836,"id":"1","progress":0.9756543323173515,"total":1437,"current":1413}
{"_e":"metro:bundling:progress","_t":1790609253837,"id":"2","progress":0.9173732045645394,"total":853,"current":817}
{"_e":"metro:bundling:progress","_t":1790609253837,"id":"3","progress":0,"total":1,"current":0}
{"_e":"metro:bundling:progress","_t":1790609253942,"id":"1","progress":0.9756543323173515,"total":1437,"current":1413}
{"_e":"metro:bundling:progress","_t":1790609253942,"id":"2","progress":0.9400369661436194,"total":854,"current":828}
{"_e":"metro:bundling:progress","_t":1790609253942,"id":"3","progress":0,"total":1,"current":0}
{"_e":"metro:bundling:progress","_t":1790609254043,"id":"1","progress":0.9756543323173515,"total":1437,"current":1413}
{"_e":"metro:bundling:progress","_t":1790609254043,"id":"2","progress":0.9400369661436194,"total":889,"current":836}
{"_e":"metro:bundling:progress","_t":1790609254043,"id":"3","progress":0,"total":1,"current":0}
{"_e":"metro:bundling:progress","_t":1790609254147,"id":"1","progress":0.9756543323173515,"total":1437,"current":1413}
{"_e":"metro:bundling:progress","_t":1790609254152,"id":"2","progress":0.9400369661436194,"total":890,"current":845}
{"_e":"metro:bundling:progress","_t":1790609254152,"id":"3","progress":0,"total":1,"current":0}
{"_e":"metro:bundling:progress","_t":1790609254247,"id":"1","progress":0.9756543323173515,"total":1437,"current":1413}
{"_e":"metro:bundling:progress","_t":1790609254247,"id":"2","progress":0.9400369661436194,"total":893,"current":851}
{"_e":"metro:bundling:progress","_t":1790609254247,"id":"3","progress":0,"total":1,"current":0}
{"_e":"metro:bundling:progress","_t":1790609254350,"id":"1","progress":0.9756543323173515,"total":1437,"current":1419}
{"_e":"metro:bundling:progress","_t":1790609254350,"id":"2","progress":0.9400369661436194,"total":893,"current":851}
{"_e":"metro:bundling:progress","_t":1790609254350,"id":"3","progress":0,"total":1,"current":0}
{"_e":"metro:bundling:progress","_t":1790609254456,"id":"1","progress":0.9756543323173515,"total":1443,"current":1423}
{"_e":"metro:bundling:progress","_t":1790609254457,"id":"2","progress":0.9400369661436194,"total":893,"current":851}
{"_e":"metro:bundling:progress","_t":1790609254457,"id":"3","progress":0,"total":1,"current":0}
{"_e":"metro:bundling:progress","_t":1790609254566,"id":"1","progress":0.9765767686765608,"total":1443,"current":1426}
{"_e":"metro:bundling:progress","_t":1790609254566,"id":"2","progress":0.9400369661436194,"total":893,"current":851}
{"_e":"metro:bundling:progress","_t":1790609254566,"id":"3","progress":0,"total":1,"current":0}
{"_e":"metro:bundling:progress","_t":1790609254675,"id":"1","progress":0.9820631442253064,"total":1443,"current":1430}
{"_e":"metro:bundling:progress","_t":1790609254675,"id":"2","progress":0.9400369661436194,"total":893,"current":851}
{"_e":"metro:bundling:progress","_t":1790609254675,"id":"3","progress":0,"total":1,"current":0}
{"_e":"metro:bundling:progress","_t":1790609254781,"id":"1","progress":0.9820631442253064,"total":1443,"current":1430}
{"_e":"metro:bundling:progress","_t":1790609254787,"id":"2","progress":0.9400369661436194,"total":897,"current":855}
{"_e":"metro:bundling:progress","_t":1790609254787,"id":"3","progress":0,"total":1,"current":0}
{"_e":"metro:bundling:progress","_t":1790609254881,"id":"1","progress":0.9820631442253064,"total":1443,"current":1430}
{"_e":"metro:bundling:progress","_t":1790609254881,"id":"2","progress":0.9400369661436194,"total":899,"current":859}
{"_e":"metro:bundling:progress","_t":1790609254881,"id":"3","progress":0,"total":1,"current":0}
{"_e":"metro:bundling:progress","_t":1790609254986,"id":"1","progress":0.9876247324613555,"total":1450,"current":1441}
{"_e":"metro:bundling:progress","_t":1790609254986,"id":"2","progress":0.9400369661436194,"total":899,"current":859}
{"_e":"metro:bundling:progress","_t":1790609254986,"id":"3","progress":0,"total":1,"current":0}
{"_e":"metro:bundling:progress","_t":1790609255094,"id":"1","progress":0.9876247324613555,"total":1450,"current":1441}
{"_e":"metro:bundling:progress","_t":1790609255094,"id":"2","progress":0.9400369661436194,"total":902,"current":867}
{"_e":"metro:bundling:progress","_t":1790609255094,"id":"3","progress":0,"total":1,"current":0}
{"_e":"metro:bundling:progress","_t":1790609255193,"id":"1","progress":0.9876247324613555,"total":1450,"current":1441}
{"_e":"metro:bundling:progress","_t":1790609255193,"id":"2","progress":0.9400369661436194,"total":904,"current":876}
{"_e":"metro:bundling:progress","_t":1790609255193,"id":"3","progress":0,"total":1,"current":0}
{"_e":"metro:bundling:progress","_t":1790609255295,"id":"1","progress":0.9876247324613555,"total":1450,"current":1441}
{"_e":"metro:bundling:progress","_t":1790609255299,"id":"2","progress":0.9476646012026495,"total":905,"current":881}
{"_e":"metro:bundling:progress","_t":1790609255299,"id":"3","progress":0,"total":1,"current":0}
{"_e":"metro:bundling:progress","_t":1790609255396,"id":"1","progress":0.9876247324613555,"total":1450,"current":1441}
{"_e":"metro:bundling:progress","_t":1790609255396,"id":"2","progress":0.9606165867952748,"total":905,"current":887}
{"_e":"metro:bundling:progress","_t":1790609255396,"id":"3","progress":0,"total":1,"current":0}
{"_e":"metro:bundling:progress","_t":1790609255506,"id":"1","progress":0.9876247324613555,"total":1450,"current":1441}
{"_e":"metro:bundling:progress","_t":1790609255506,"id":"2","progress":0.9671615280031578,"total":906,"current":891}
{"_e":"metro:bundling:progress","_t":1790609255506,"id":"3","progress":0,"total":1,"current":0}
{"_e":"metro:bundling:progress","_t":1790609255608,"id":"1","progress":0.9876247324613555,"total":1450,"current":1441}
{"_e":"metro:bundling:progress","_t":1790609255608,"id":"2","progress":0.973685364676988,"total":906,"current":894}
{"_e":"metro:bundling:progress","_t":1790609255608,"id":"3","progress":0,"total":1,"current":0}
{"_e":"metro:bundling:progress","_t":1790609255715,"id":"1","progress":0.9876247324613555,"total":1450,"current":1441}
{"_e":"metro:bundling:progress","_t":1790609255716,"id":"2","progress":0.9824564808166276,"total":908,"current":900}
{"_e":"metro:bundling:progress","_t":1790609255716,"id":"3","progress":0,"total":1,"current":0}
{"_e":"metro:bundling:progress","_t":1790609255957,"id":"1","progress":0.9876247324613555,"total":1450,"current":1441}
{"_e":"metro:bundling:progress","_t":1790609255957,"id":"2","progress":0.9890171068718586,"total":908,"current":903}
{"_e":"metro:bundling:progress","_t":1790609255957,"id":"3","progress":0,"total":1,"current":0}
{"_e":"metro:bundling:progress","_t":1790609256057,"id":"1","progress":0.9876247324613555,"total":1450,"current":1441}
{"_e":"metro:bundling:progress","_t":1790609256057,"id":"2","progress":0.9890171068718586,"total":913,"current":905}
{"_e":"metro:bundling:progress","_t":1790609256057,"id":"3","progress":0,"total":1,"current":0}
{"_e":"metro:bundling:progress","_t":1790609256114,"id":"1","progress":0.9876247324613555,"total":1450,"current":1441}
{"_e":"metro:bundling:progress","_t":1790609256114,"id":"2","progress":0.9890171068718586,"total":913,"current":906}
{"_e":"metro:bundling:progress","_t":1790609256114,"id":"3","progress":0,"total":1,"current":0}
{"_e":"metro:bundling:progress","_t":1790609256225,"id":"1","progress":0.9876247324613555,"total":1450,"current":1441}
{"_e":"metro:bundling:progress","_t":1790609256225,"id":"2","progress":0.9890171068718586,"total":917,"current":909}
{"_e":"metro:bundling:progress","_t":1790609256225,"id":"3","progress":0,"total":1,"current":0}
{"_e":"metro:bundling:progress","_t":1790609256326,"id":"1","progress":0.9876247324613555,"total":1450,"current":1441}
{"_e":"metro:bundling:progress","_t":1790609256326,"id":"2","progress":0.9912949271544756,"total":917,"current":913}
{"_e":"metro:bundling:progress","_t":1790609256326,"id":"3","progress":0,"total":1,"current":0}
{"_e":"metro:bundling:progress","_t":1790609256439,"id":"1","progress":0.9876247324613555,"total":1450,"current":1441}
{"_e":"metro:bundling:progress","_t":1790609256439,"id":"2","progress":0.9956474480375543,"total":918,"current":916}
{"_e":"metro:bundling:progress","_t":1790609256439,"id":"3","progress":0,"total":1,"current":0}
{"_e":"metro:bundling:progress","_t":1790609256570,"id":"1","progress":0.9876247324613555,"total":1450,"current":1441}
{"_e":"metro:bundling:progress","_t":1790609256570,"id":"2","progress":0.999,"total":918,"current":918}
{"_e":"metro:bundling:progress","_t":1790609256570,"id":"3","progress":0,"total":1,"current":0}
{"_e":"metro:bundling:done","_t":1790609257439,"id":"1","total":1450,"ms":94030.2667}
{"_e":"metro:bundling:progress","_t":1790609257439,"id":"2","progress":0.999,"total":918,"current":918}
{"_e":"metro:bundling:progress","_t":1790609257439,"id":"3","progress":0,"total":1,"current":0}
{"_e":"metro:bundling:done","_t":1790609257544,"id":"2","total":918,"ms":62299.9735}
{"_e":"metro:bundling:progress","_t":1790609257544,"id":"3","progress":0,"total":1,"current":0}
{"_e":"metro:bundling:done","_t":1790609257605,"id":"3","total":1,"ms":40366.1481}
{"_e":"metro:client_log","_t":1790609258508,"level":"info","data":["%cDownload the React DevTools for a better development experience: https://react.dev/link/react-devtools","font-weight:bold"]}
{"_e":"metro:client_log","_t":1790609258509,"level":"log","data":["Running application \"main\" with appParams:\n","{\"hydrate\": undefined, \"rootTag\": \"#root\"}","\nDevelopment-level warnings: ON.\nPerformance optimizations: OFF."]}
{"_e":"metro:client_log","_t":1790609258575,"level":"warn","data":["\"shadow*\" style props are deprecated. Use \"boxShadow\"."]}
{"_e":"metro:bundling:started","_t":1790609258737,"id":"5","platform":"web","environment":null,"entry":"node_modules\\expo-sqlite\\web\\worker.ts"}
{"_e":"metro:bundling:progress","_t":1790609258738,"id":"5","progress":0,"total":1,"current":0}
{"_e":"metro:bundling:progress","_t":1790609258742,"id":"5","progress":0,"total":1,"current":0}
{"_e":"metro:bundling:progress","_t":1790609258927,"id":"5","progress":0.010000000000000002,"total":1,"current":1}
{"_e":"metro:bundling:progress","_t":1790609259030,"id":"5","progress":0.010000000000000002,"total":10,"current":1}
{"_e":"metro:bundling:progress","_t":1790609259098,"id":"5","progress":0.04000000000000001,"total":10,"current":2}
{"_e":"metro:bundling:progress","_t":1790609259198,"id":"5","progress":0.25,"total":14,"current":7}
{"_e":"metro:bundling:progress","_t":1790609259308,"id":"5","progress":0.41326530612244905,"total":14,"current":9}
{"_e":"metro:bundling:progress","_t":1790609259432,"id":"5","progress":0.6173469387755102,"total":14,"current":11}
{"_e":"metro:bundling:progress","_t":1790609259548,"id":"5","progress":0.66015625,"total":16,"current":13}
{"_e":"metro:bundling:progress","_t":1790609259650,"id":"5","progress":0.87890625,"total":16,"current":15}
{"_e":"metro:bundling:progress","_t":1790609260397,"id":"5","progress":0.999,"total":16,"current":16}
{"_e":"metro:bundling:done","_t":1790609260438,"id":"5","total":16,"ms":1700.0391}
